pd_multiplier,lgd_multiplier,stressed_lgd,avg_stressed_pd,expected_loss,expected_loss_rate,scenario,sim_id
1.0277,1.0065,0.4026,0.0874,51392671.79,0.035,base,1
0.9971,0.9304,0.3722,0.0848,46094396.03,0.0314,base,2
1.0216,0.9362,0.3745,0.0869,47519159.23,0.0324,base,3
1.0455,1.0182,0.4073,0.089,52889701.63,0.036,base,4
1.0415,1.0248,0.4099,0.0886,53031911.7,0.0361,base,5
1.0149,0.9839,0.3936,0.0864,49617155.84,0.0338,base,6
0.9846,1.0452,0.4181,0.0838,51135443.67,0.0348,base,7
0.9709,0.9932,0.3973,0.0826,47908388.34,0.0326,base,8
0.9638,0.9845,0.3938,0.082,47141992.44,0.0321,base,9
0.9847,1.0077,0.4031,0.0838,49299895.8,0.0336,base,10
0.9853,0.9894,0.3957,0.0838,48433967.63,0.033,base,11
0.9692,1.0027,0.4011,0.0825,48282011.15,0.0329,base,12
0.9328,1.0016,0.4006,0.0794,46418237.31,0.0316,base,13
1.0655,0.977,0.3908,0.0907,51721350.17,0.0352,base,14
0.9977,1.0845,0.4338,0.0849,53761809.46,0.0366,base,15
0.9504,0.9514,0.3805,0.0809,44922418.3,0.0306,base,16
0.9787,1.0542,0.4217,0.0833,51260471.34,0.0349,base,17
1.1018,0.9635,0.3854,0.0937,52743729.64,0.0359,base,18
1.0285,1.0001,0.4001,0.0875,51108220.98,0.0348,base,19
0.9706,0.9416,0.3767,0.0826,45408425.4,0.0309,base,20
1.0512,0.9742,0.3897,0.0894,50881855.0,0.0347,base,21
1.015,1.0025,0.401,0.0864,50551620.42,0.0344,base,22
1.0935,1.0353,0.4141,0.093,56247696.33,0.0383,base,23
0.9422,0.9921,0.3969,0.0802,46446261.83,0.0316,base,24
1.0518,0.96,0.384,0.0895,50170775.33,0.0342,base,25
0.9804,1.0068,0.4027,0.0834,49042938.37,0.0334,base,26
0.9192,0.9629,0.3852,0.0782,43978079.07,0.03,base,27
0.9148,1.0086,0.4034,0.0778,45842878.66,0.0312,base,28
0.9719,1.0279,0.4111,0.0827,49635312.12,0.0338,base,29
1.0057,1.0172,0.4069,0.0856,50825083.0,0.0346,base,30
0.9958,1.0226,0.409,0.0847,50593137.7,0.0345,base,31
0.9948,0.9705,0.3882,0.0846,47971799.49,0.0327,base,32
1.0591,1.0294,0.4118,0.0901,54170342.76,0.0369,base,33
1.1133,0.9957,0.3983,0.0947,55079964.16,0.0375,base,34
0.971,0.9566,0.3826,0.0826,46149958.22,0.0314,base,35
0.807,0.9607,0.3843,0.0687,38523619.19,0.0262,base,36
1.0243,0.9734,0.3894,0.0872,49542242.47,0.0338,base,37
0.8703,1.0182,0.4073,0.074,44027750.32,0.03,base,38
0.9704,0.9892,0.3957,0.0826,47692921.76,0.0325,base,39
0.9784,0.996,0.3984,0.0832,48416674.85,0.033,base,40
1.0237,0.948,0.3792,0.0871,48216845.24,0.0329,base,41
0.9886,0.9847,0.3939,0.0841,48371236.72,0.033,base,42
1.0568,0.9689,0.3876,0.0899,50877956.43,0.0347,base,43
1.0819,1.0182,0.4073,0.092,54733154.73,0.0373,base,44
1.0812,0.9789,0.3915,0.092,52585565.44,0.0358,base,45
1.0403,1.0109,0.4044,0.0885,52250137.11,0.0356,base,46
0.9251,0.9922,0.3969,0.0787,45604550.84,0.0311,base,47
0.9774,0.971,0.3884,0.0832,47152809.11,0.0321,base,48
0.9616,0.9568,0.3827,0.0818,45712944.58,0.0311,base,49
0.9766,1.01,0.404,0.0831,49010757.5,0.0334,base,50
0.9611,0.9531,0.3812,0.0818,45510873.63,0.031,base,51
1.0523,0.9889,0.3956,0.0895,51700171.65,0.0352,base,52
1.0014,0.993,0.3972,0.0852,49403867.8,0.0337,base,53
0.973,1.0181,0.4072,0.0828,49215859.77,0.0335,base,54
0.9735,1.0009,0.4003,0.0828,48410187.47,0.033,base,55
0.9278,0.9508,0.3803,0.0789,43829145.53,0.0299,base,56
0.9805,1.0573,0.4229,0.0834,51509639.62,0.0351,base,57
1.0091,1.058,0.4232,0.0859,53043509.96,0.0361,base,58
1.0226,1.0136,0.4054,0.087,51499441.96,0.0351,base,59
0.9708,0.9993,0.3997,0.0826,48203360.54,0.0328,base,60
1.0896,1.0356,0.4142,0.0927,56059718.45,0.0382,base,61
0.9687,0.9859,0.3944,0.0824,47450952.73,0.0323,base,62
1.0669,0.9846,0.3938,0.0908,52188341.41,0.0356,base,63
1.046,0.9727,0.3891,0.089,50551689.1,0.0344,base,64
1.0314,1.0458,0.4183,0.0878,53591377.56,0.0365,base,65
1.0418,1.0073,0.4029,0.0886,52137295.2,0.0355,base,66
1.007,0.9975,0.399,0.0857,49906788.26,0.034,base,67
0.9988,1.0354,0.4141,0.085,51382694.84,0.035,base,68
1.0577,1.0122,0.4049,0.09,53194437.92,0.0362,base,69
0.937,0.9844,0.3938,0.0797,45829518.8,0.0312,base,70
1.0149,1.0015,0.4006,0.0863,50501634.83,0.0344,base,71
0.9324,1.0199,0.408,0.0793,47246601.59,0.0322,base,72
1.1299,0.9632,0.3853,0.0961,54075276.4,0.0368,base,73
1.0032,1.0486,0.4194,0.0854,52265420.3,0.0356,base,74
0.9791,0.9878,0.3951,0.0833,48053048.48,0.0327,base,75
1.0085,1.017,0.4068,0.0858,50958465.16,0.0347,base,76
0.9794,1.0294,0.4118,0.0833,50093841.87,0.0341,base,77
0.9048,1.0197,0.4079,0.077,45836323.07,0.0312,base,78
1.0184,0.9952,0.3981,0.0867,50359809.72,0.0343,base,79
1.0194,1.0014,0.4006,0.0867,50719982.31,0.0346,base,80
1.0665,0.9861,0.3945,0.0907,52254554.21,0.0356,base,81
0.9979,0.9584,0.3833,0.0849,47517942.99,0.0324,base,82
0.9438,0.9928,0.3971,0.0803,46551703.52,0.0317,base,83
0.9222,0.9746,0.3898,0.0785,44654696.76,0.0304,base,84
0.9337,0.9852,0.3941,0.0794,45703800.13,0.0311,base,85
1.0059,1.0283,0.4113,0.0856,51391310.82,0.035,base,86
0.903,0.994,0.3976,0.0768,44594332.55,0.0304,base,87
1.0433,1.0414,0.4166,0.0888,53981744.25,0.0368,base,88
1.0703,0.957,0.3828,0.0911,50889709.86,0.0347,base,89
0.9743,1.0169,0.4068,0.0829,49229526.77,0.0335,base,90
1.0469,1.0085,0.4034,0.0891,52457032.75,0.0357,base,91
1.0133,1.0072,0.4029,0.0862,50708843.01,0.0345,base,92
0.9616,1.0048,0.4019,0.0818,48009793.97,0.0327,base,93
1.0406,0.9898,0.3959,0.0885,51176790.25,0.0349,base,94
1.0586,0.9147,0.3659,0.0901,48113768.32,0.0328,base,95
0.9837,1.051,0.4204,0.0837,51366670.54,0.035,base,96
1.0437,1.0433,0.4173,0.0888,54101671.48,0.0369,base,97
1.0073,0.9645,0.3858,0.0857,48273645.46,0.0329,base,98
0.9745,1.0457,0.4183,0.0829,50627833.14,0.0345,base,99
0.9082,0.9714,0.3886,0.0773,43831495.07,0.0299,base,100
0.9143,0.984,0.3936,0.0778,44699840.84,0.0305,base,101
0.9789,1.0174,0.407,0.0833,49484677.52,0.0337,base,102
0.9588,1.0514,0.4206,0.0816,50086948.55,0.0341,base,103
1.0324,0.9859,0.3943,0.0878,50569395.38,0.0345,base,104
0.9504,0.9551,0.382,0.0809,45100879.12,0.0307,base,105
1.0062,1.0595,0.4238,0.0856,52966438.94,0.0361,base,106
0.992,0.9692,0.3877,0.0844,47769042.5,0.0325,base,107
0.9972,0.9846,0.3938,0.0848,48782222.74,0.0332,base,108
0.9549,0.9432,0.3773,0.0812,44750278.81,0.0305,base,109
0.9973,1.0447,0.4179,0.0849,51765562.53,0.0353,base,110
1.0616,1.0296,0.4119,0.0903,54306888.63,0.037,base,111
1.0107,1.0143,0.4057,0.086,50938111.67,0.0347,base,112
1.0509,0.9986,0.3994,0.0894,52137046.96,0.0355,base,113
1.0145,0.9883,0.3953,0.0863,49811785.15,0.0339,base,114
1.057,0.9725,0.389,0.0899,51072207.14,0.0348,base,115
1.0345,1.026,0.4104,0.088,52733140.59,0.0359,base,116
1.0423,1.0216,0.4087,0.0887,52907484.69,0.036,base,117
0.9773,0.9834,0.3934,0.0832,47750199.41,0.0325,base,118
0.9799,0.9891,0.3956,0.0834,48155854.69,0.0328,base,119
0.9442,0.987,0.3948,0.0803,46303378.23,0.0315,base,120
0.9687,0.9719,0.3888,0.0824,46778535.19,0.0319,base,121
1.0188,0.9777,0.3911,0.0867,49488004.41,0.0337,base,122
1.0131,1.0446,0.4178,0.0862,52582230.24,0.0358,base,123
1.0851,1.001,0.4004,0.0923,53970330.46,0.0368,base,124
1.0519,1.008,0.4032,0.0895,52682090.29,0.0359,base,125
1.1205,1.05,0.42,0.0953,58456267.46,0.0398,base,126
1.0568,0.9958,0.3983,0.0899,52291069.21,0.0356,base,127
0.9884,1.017,0.4068,0.0841,49941955.64,0.034,base,128
0.9993,0.9931,0.3973,0.085,49309662.36,0.0336,base,129
1.0358,0.963,0.3852,0.0881,49558362.5,0.0338,base,130
0.9005,0.9699,0.388,0.0766,43396315.34,0.0296,base,131
0.9428,0.998,0.3992,0.0802,46745410.48,0.0318,base,132
0.957,0.9945,0.3978,0.0814,47289618.21,0.0322,base,133
0.8991,1.0447,0.4179,0.0765,46669497.95,0.0318,base,134
1.0205,0.9743,0.3897,0.0868,49403985.79,0.0337,base,135
1.0165,1.0375,0.415,0.0865,52395324.06,0.0357,base,136
1.0429,0.9976,0.3991,0.0887,51693377.86,0.0352,base,137
1.0315,1.027,0.4108,0.0878,52635116.35,0.0359,base,138
0.9399,0.9569,0.3828,0.08,44686005.54,0.0304,base,139
0.9707,1.03,0.412,0.0826,49677696.85,0.0338,base,140
1.0748,1.0044,0.4018,0.0914,53636557.56,0.0365,base,141
1.0763,1.0305,0.4122,0.0916,55104920.24,0.0375,base,142
0.997,0.9779,0.3912,0.0848,48440859.01,0.033,base,143
0.9683,1.0028,0.4011,0.0824,48243471.95,0.0329,base,144
1.0713,1.0257,0.4103,0.0911,54595338.15,0.0372,base,145
0.935,0.9633,0.3853,0.0796,44749985.66,0.0305,base,146
1.0415,1.0063,0.4025,0.0886,52075531.77,0.0355,base,147
0.953,1.0209,0.4083,0.0811,48337915.04,0.0329,base,148
1.0694,1.0245,0.4098,0.091,54436618.28,0.0371,base,149
1.0061,1.0408,0.4163,0.0856,52028810.58,0.0354,base,150
0.9813,0.9826,0.393,0.0835,47907881.57,0.0326,base,151
0.9544,1.0577,0.4231,0.0812,50150489.52,0.0342,base,152
1.1077,0.9993,0.3997,0.0942,54994157.44,0.0375,base,153
1.0307,1.0142,0.4057,0.0877,51938645.26,0.0354,base,154
1.048,1.0366,0.4146,0.0892,53977079.57,0.0368,base,155
1.0353,0.9978,0.3991,0.0881,51326326.09,0.035,base,156
0.975,0.9699,0.3879,0.083,46981573.74,0.032,base,157
0.8695,0.9977,0.3991,0.074,43104186.33,0.0294,base,158
0.9591,1.0015,0.4006,0.0816,47728366.13,0.0325,base,159
0.9958,0.9696,0.3879,0.0847,47971581.12,0.0327,base,160
0.9758,1.0131,0.4052,0.083,49119056.04,0.0335,base,161
1.0095,0.974,0.3896,0.0859,48852486.96,0.0333,base,162
0.9631,1.0178,0.4071,0.0819,48702950.97,0.0332,base,163
1.0129,1.0099,0.404,0.0862,50824401.76,0.0346,base,164
0.9928,1.0229,0.4092,0.0845,50454253.67,0.0344,base,165
1.0057,1.0767,0.4307,0.0856,53801668.96,0.0367,base,166
0.9773,0.9794,0.3918,0.0832,47554830.22,0.0324,base,167
1.0838,0.9984,0.3994,0.0922,53762734.09,0.0366,base,168
0.9618,1.0136,0.4054,0.0818,48435816.86,0.033,base,169
0.8847,1.0139,0.4056,0.0753,44568725.76,0.0304,base,170
1.0018,1.0085,0.4034,0.0852,50199815.29,0.0342,base,171
0.9605,1.04,0.416,0.0817,49631934.42,0.0338,base,172
1.0165,0.9999,0.4,0.0865,50500482.09,0.0344,base,173
1.0189,0.9753,0.3901,0.0867,49375039.44,0.0336,base,174
0.9943,0.9553,0.3821,0.0846,47190022.8,0.0322,base,175
0.9453,1.0092,0.4037,0.0804,47400834.62,0.0323,base,176
1.0065,1.0226,0.4091,0.0856,51138455.95,0.0348,base,177
0.9673,0.9969,0.3988,0.0823,47913196.07,0.0326,base,178
0.966,1.0079,0.4032,0.0822,48377042.58,0.033,base,179
1.0395,1.0323,0.4129,0.0884,53314839.93,0.0363,base,180
1.0288,0.9763,0.3905,0.0875,49905709.0,0.034,base,181
1.0107,0.9689,0.3876,0.086,48653068.21,0.0331,base,182
0.9039,1.0052,0.4021,0.0769,45144871.98,0.0308,base,183
1.0041,1.0222,0.4089,0.0854,50998021.83,0.0347,base,184
1.0411,0.9628,0.3851,0.0886,49802963.63,0.0339,base,185
0.9543,0.9996,0.3998,0.0812,47394112.65,0.0323,base,186
1.0032,1.012,0.4048,0.0854,50439933.23,0.0344,base,187
0.9341,0.9921,0.3968,0.0795,46044385.47,0.0314,base,188
1.0314,1.0565,0.4226,0.0878,54141963.44,0.0369,base,189
0.9366,1.0482,0.4193,0.0797,48773767.8,0.0332,base,190
0.9849,0.9562,0.3825,0.0838,46791010.51,0.0319,base,191
1.0657,0.9674,0.387,0.0907,51222800.79,0.0349,base,192
0.9406,1.0209,0.4084,0.08,47714572.46,0.0325,base,193
1.0507,1.0014,0.4005,0.0894,52277436.09,0.0356,base,194
0.9628,0.9546,0.3818,0.0819,45662629.29,0.0311,base,195
1.0041,0.9291,0.3716,0.0854,46352519.05,0.0316,base,196
0.9259,1.0309,0.4124,0.0788,47425131.57,0.0323,base,197
1.0295,1.0357,0.4143,0.0876,52975298.0,0.0361,base,198
1.0188,0.9647,0.3859,0.0867,48835827.33,0.0333,base,199
1.0218,0.9446,0.3779,0.0869,47959659.98,0.0327,base,200
1.0329,1.0398,0.4159,0.0879,53361788.42,0.0364,base,201
0.948,1.0296,0.4118,0.0807,48493435.79,0.033,base,202
0.9999,0.9939,0.3976,0.0851,49373826.42,0.0336,base,203
0.8991,0.994,0.3976,0.0765,44405087.17,0.0303,base,204
1.0412,0.9472,0.3789,0.0886,48998353.71,0.0334,base,205
0.9736,0.9775,0.391,0.0828,47282877.07,0.0322,base,206
0.9163,1.0299,0.412,0.078,46886975.28,0.0319,base,207
0.9986,0.9999,0.3999,0.085,49609626.46,0.0338,base,208
1.0468,0.9761,0.3904,0.0891,50765630.42,0.0346,base,209
1.1604,0.9848,0.3939,0.0987,56781765.94,0.0387,base,210
0.9396,1.0177,0.4071,0.0799,47512539.59,0.0324,base,211
1.017,0.9701,0.388,0.0865,49019377.29,0.0334,base,212
0.9532,1.0241,0.4096,0.0811,48498028.93,0.033,base,213
1.0133,1.0117,0.4047,0.0862,50938146.83,0.0347,base,214
1.0425,0.9813,0.3925,0.0887,50829259.54,0.0346,base,215
1.0623,1.0005,0.4002,0.0904,52809449.52,0.036,base,216
1.0355,0.9723,0.3889,0.0881,50023937.65,0.0341,base,217
1.0373,1.0083,0.4033,0.0883,51968709.25,0.0354,base,218
1.1238,0.9955,0.3982,0.0956,55585150.16,0.0379,base,219
1.0766,1.0193,0.4077,0.0916,54523252.09,0.0371,base,220
1.0788,1.0075,0.403,0.0918,54002094.4,0.0368,base,221
1.0247,0.9339,0.3736,0.0872,47550644.45,0.0324,base,222
0.9369,1.0318,0.4127,0.0797,48031344.89,0.0327,base,223
1.022,1.0237,0.4095,0.087,51979031.99,0.0354,base,224
0.9878,1.0241,0.4096,0.084,50259271.68,0.0342,base,225
0.9831,0.9988,0.3995,0.0836,48787387.57,0.0332,base,226
1.0616,1.0329,0.4131,0.0903,54479595.34,0.0371,base,227
0.9791,1.0021,0.4008,0.0833,48749127.56,0.0332,base,228
1.0127,0.9963,0.3985,0.0862,50131677.09,0.0342,base,229
0.9959,0.9723,0.3889,0.0847,48110632.88,0.0328,base,230
1.0292,0.9692,0.3877,0.0876,49562560.02,0.0338,base,231
0.9528,1.0386,0.4154,0.0811,49163907.08,0.0335,base,232
1.0921,1.0558,0.4223,0.0929,57287210.2,0.039,base,233
1.0185,0.9845,0.3938,0.0867,49817029.69,0.0339,base,234
1.0379,1.0469,0.4188,0.0883,53987255.87,0.0368,base,235
1.0067,0.9884,0.3954,0.0857,49438277.66,0.0337,base,236
0.9177,0.95,0.38,0.0781,43313102.73,0.0295,base,237
1.0865,0.9565,0.3826,0.0924,51635232.33,0.0352,base,238
0.9674,0.9914,0.3966,0.0823,47652237.75,0.0325,base,239
1.0128,0.9616,0.3846,0.0862,48387839.65,0.033,base,240
1.0289,1.0176,0.407,0.0875,52018383.17,0.0354,base,241
1.004,0.9816,0.3926,0.0854,48965110.77,0.0334,base,242
0.9818,0.9424,0.377,0.0835,45973970.96,0.0313,base,243
1.0314,0.9844,0.3938,0.0878,50446269.41,0.0344,base,244
0.9318,0.9988,0.3995,0.0793,46240755.91,0.0315,base,245
1.0246,1.0106,0.4042,0.0872,51445333.83,0.035,base,246
1.0308,1.0347,0.4139,0.0877,52995479.52,0.0361,base,247
0.9734,1.0053,0.4021,0.0828,48620887.43,0.0331,base,248
1.0121,0.956,0.3824,0.0861,48076758.93,0.0328,base,249
1.0535,0.9897,0.3959,0.0896,51804278.95,0.0353,base,250
1.0114,1.0083,0.4033,0.086,50667125.54,0.0345,base,251
0.9582,1.0238,0.4095,0.0815,48745082.59,0.0332,base,252
1.0473,1.0044,0.4017,0.0891,52264588.88,0.0356,base,253
0.8544,1.04,0.416,0.0727,44149618.84,0.0301,base,254
0.9913,0.9799,0.3919,0.0843,48263588.21,0.0329,base,255
0.9695,0.9668,0.3867,0.0825,46571775.68,0.0317,base,256
0.9803,1.0177,0.4071,0.0834,49564591.96,0.0338,base,257
0.9435,1.0055,0.4022,0.0803,47132447.77,0.0321,base,258
0.9689,0.9914,0.3966,0.0824,47728858.94,0.0325,base,259
0.9802,1.0083,0.4033,0.0834,49105603.16,0.0335,base,260
1.0491,0.9988,0.3995,0.0893,52060911.61,0.0355,base,261
1.0434,1.0437,0.4175,0.0888,54103782.94,0.0369,base,262
0.9264,1.0227,0.4091,0.0788,47071310.25,0.0321,base,263
0.9838,0.9937,0.3975,0.0837,48569568.13,0.0331,base,264
1.0473,0.9923,0.3969,0.0891,51636467.13,0.0352,base,265
0.9675,1.0372,0.4149,0.0823,49858771.23,0.034,base,266
1.0515,1.012,0.4048,0.0895,52867629.64,0.036,base,267
1.1403,0.9702,0.3881,0.097,54968584.29,0.0375,base,268
0.9186,0.9934,0.3974,0.0782,45337809.91,0.0309,base,269
0.9431,1.011,0.4044,0.0802,47371985.63,0.0323,base,270
0.9704,0.982,0.3928,0.0826,47348796.38,0.0323,base,271
1.0003,0.9748,0.3899,0.0851,48447820.42,0.033,base,272
0.9041,0.9782,0.3913,0.0769,43942480.62,0.0299,base,273
1.035,1.007,0.4028,0.0881,51785124.94,0.0353,base,274
1.0465,1.0503,0.4201,0.089,54611241.33,0.0372,base,275
1.0438,0.9982,0.3993,0.0888,51767675.76,0.0353,base,276
0.9625,1.0138,0.4055,0.0819,48484785.85,0.033,base,277
1.0801,1.0426,0.417,0.0919,55947538.64,0.0381,base,278
1.0466,0.976,0.3904,0.0891,50753356.35,0.0346,base,279
1.0291,1.0212,0.4085,0.0876,52211677.35,0.0356,base,280
1.0612,0.9621,0.3848,0.0903,50725516.57,0.0346,base,281
0.9653,1.0041,0.4017,0.0821,48159541.43,0.0328,base,282
1.0062,0.9818,0.3927,0.0856,49084784.68,0.0334,base,283
1.025,0.9912,0.3965,0.0872,50479082.44,0.0344,base,284
1.0553,0.9854,0.3942,0.0898,51667167.43,0.0352,base,285
1.0099,0.9373,0.3749,0.0859,47030697.61,0.032,base,286
1.0102,0.9801,0.3921,0.0859,49192567.7,0.0335,base,287
1.0354,0.9949,0.3979,0.0881,51180018.16,0.0349,base,288
1.0613,0.9841,0.3936,0.0903,51894725.25,0.0354,base,289
0.9284,1.0072,0.4029,0.079,46459789.8,0.0317,base,290
1.029,0.9777,0.3911,0.0875,49986202.73,0.0341,base,291
0.9354,1.0227,0.4091,0.0796,47527448.03,0.0324,base,292
1.0525,1.0219,0.4088,0.0896,53440840.52,0.0364,base,293
1.0045,1.0,0.4,0.0855,49912582.07,0.034,base,294
1.0815,1.024,0.4096,0.092,55025859.07,0.0375,base,295
0.9549,0.9679,0.3872,0.0812,45918752.01,0.0313,base,296
1.0313,1.022,0.4088,0.0877,52366146.08,0.0357,base,297
0.9696,0.9774,0.391,0.0825,47087524.04,0.0321,base,298
1.0483,0.9907,0.3963,0.0892,51600415.43,0.0352,base,299
1.0419,0.9671,0.3868,0.0886,50060615.59,0.0341,base,300
0.951,0.949,0.3796,0.0809,44839967.3,0.0305,base,301
0.9987,0.9881,0.3952,0.085,49027355.37,0.0334,base,302
0.9165,1.0048,0.4019,0.078,45755526.6,0.0312,base,303
0.9738,0.9935,0.3974,0.0829,48069354.08,0.0327,base,304
1.0699,1.0291,0.4116,0.091,54701456.55,0.0373,base,305
1.0247,0.9902,0.3961,0.0872,50414635.28,0.0343,base,306
0.9409,0.9804,0.3922,0.0801,45832077.77,0.0312,base,307
0.9814,1.0376,0.4151,0.0835,50597100.39,0.0345,base,308
0.954,0.9838,0.3935,0.0812,46629234.86,0.0318,base,309
0.9996,1.0117,0.4047,0.085,50245612.63,0.0342,base,310
1.054,1.0397,0.4159,0.0897,54448382.98,0.0371,base,311
0.9926,1.0577,0.4231,0.0845,52160837.39,0.0355,base,312
1.0335,0.9765,0.3906,0.0879,50145736.55,0.0342,base,313
0.9513,0.9875,0.395,0.0809,46673838.03,0.0318,base,314
0.9874,1.0236,0.4094,0.084,50217019.79,0.0342,base,315
0.9592,0.9829,0.3932,0.0816,46844422.02,0.0319,base,316
0.9576,1.0079,0.4032,0.0815,47953712.74,0.0327,base,317
0.9274,1.0164,0.4066,0.0789,46835924.3,0.0319,base,318
0.9604,0.9934,0.3974,0.0817,47406373.12,0.0323,base,319
1.0214,1.0088,0.4035,0.0869,51197895.35,0.0349,base,320
1.1386,0.9727,0.3891,0.0969,55029170.78,0.0375,base,321
0.8959,0.9607,0.3843,0.0762,42761339.18,0.0291,base,322
1.0411,0.9679,0.3872,0.0886,50068406.23,0.0341,base,323
1.051,0.9934,0.3974,0.0894,51874633.46,0.0353,base,324
1.0369,0.9541,0.3816,0.0882,49153863.37,0.0335,base,325
1.0517,1.0345,0.4138,0.0895,54058052.96,0.0368,base,326
0.9534,1.0394,0.4158,0.0811,49233686.62,0.0335,base,327
1.1312,0.9999,0.4,0.0962,56196840.47,0.0383,base,328
0.9531,0.982,0.3928,0.0811,46505876.41,0.0317,base,329
0.9855,1.0302,0.4121,0.0839,50442072.08,0.0344,base,330
1.0912,0.9875,0.395,0.0928,53536363.34,0.0365,base,331
0.9887,0.9584,0.3834,0.0841,47079016.61,0.0321,base,332
0.9738,1.0141,0.4056,0.0829,49065517.9,0.0334,base,333
0.8997,1.0206,0.4082,0.0766,45623778.78,0.0311,base,334
1.0446,1.0361,0.4144,0.0889,53774934.57,0.0366,base,335
0.9714,0.953,0.3812,0.0827,45998306.46,0.0313,base,336
0.986,0.969,0.3876,0.0839,47470099.63,0.0323,base,337
0.912,0.9772,0.3909,0.0776,44278501.06,0.0302,base,338
0.9304,1.0576,0.4231,0.0792,48892252.74,0.0333,base,339
1.0372,1.0263,0.4105,0.0883,52891016.25,0.036,base,340
0.9445,1.0411,0.4164,0.0804,48856244.93,0.0333,base,341
0.9812,1.0255,0.4102,0.0835,49992987.93,0.0341,base,342
0.949,1.0187,0.4075,0.0807,48033357.21,0.0327,base,343
0.9163,0.9948,0.3979,0.078,45288518.68,0.0309,base,344
0.9878,0.959,0.3836,0.084,47068577.12,0.0321,base,345
1.0013,0.9829,0.3932,0.0852,48898334.05,0.0333,base,346
0.9802,1.022,0.4088,0.0834,49773871.66,0.0339,base,347
1.0646,0.994,0.3976,0.0906,52577097.87,0.0358,base,348
1.064,1.03,0.412,0.0905,54449651.21,0.0371,base,349
1.0371,1.0475,0.419,0.0882,53979503.44,0.0368,base,350
0.9249,1.0398,0.4159,0.0787,47783590.08,0.0326,base,351
1.0188,0.9883,0.3953,0.0867,50028949.42,0.0341,base,352
0.9917,1.0305,0.4122,0.0844,50773805.07,0.0346,base,353
1.06,1.0216,0.4086,0.0902,53802167.17,0.0367,base,354
0.9423,0.9564,0.3825,0.0802,44775325.49,0.0305,base,355
1.0025,1.0192,0.4077,0.0853,50766516.26,0.0346,base,356
0.966,1.0266,0.4107,0.0822,49272044.54,0.0336,base,357
1.0309,1.0148,0.4059,0.0877,51977947.92,0.0354,base,358
0.9626,1.0376,0.415,0.0819,49622375.5,0.0338,base,359
1.049,1.041,0.4164,0.0893,54255676.41,0.037,base,360
1.0197,0.9626,0.3851,0.0868,48768405.55,0.0332,base,361
1.0198,1.0264,0.4106,0.0868,52006386.31,0.0354,base,362
0.9939,0.9663,0.3865,0.0846,47715161.22,0.0325,base,363
1.0286,1.0197,0.4079,0.0875,52113878.65,0.0355,base,364
0.9383,0.9787,0.3915,0.0798,45624816.93,0.0311,base,365
0.9284,1.0101,0.404,0.079,46594531.95,0.0317,base,366
1.0094,1.0522,0.4209,0.0859,52770429.7,0.036,base,367
0.9547,1.04,0.416,0.0812,49331629.89,0.0336,base,368
0.9893,1.0082,0.4033,0.0842,49557898.23,0.0338,base,369
0.9386,1.0008,0.4003,0.0799,46672775.2,0.0318,base,370
0.9737,0.9967,0.3987,0.0828,48221404.17,0.0329,base,371
1.0093,1.0146,0.4058,0.0859,50876099.6,0.0347,base,372
1.0417,0.9994,0.3998,0.0886,51725423.54,0.0352,base,373
0.9556,1.0308,0.4123,0.0813,48940173.88,0.0333,base,374
1.0042,0.982,0.3928,0.0854,48996795.92,0.0334,base,375
1.0685,1.0088,0.4035,0.0909,53556695.86,0.0365,base,376
1.0363,0.9495,0.3798,0.0882,48890366.16,0.0333,base,377
0.9692,1.0604,0.4242,0.0825,51066366.05,0.0348,base,378
1.0253,1.0146,0.4059,0.0872,51688165.38,0.0352,base,379
0.965,0.996,0.3984,0.0821,47755455.17,0.0325,base,380
1.0187,0.9979,0.3992,0.0867,50505750.28,0.0344,base,381
0.9945,0.9476,0.379,0.0846,46822411.35,0.0319,base,382
0.9603,0.9865,0.3946,0.0817,47069439.27,0.0321,base,383
1.0281,1.0154,0.4062,0.0875,51865446.04,0.0353,base,384
0.9992,0.9782,0.3913,0.085,48560464.01,0.0331,base,385
0.9636,1.0072,0.4029,0.082,48220391.38,0.0329,base,386
0.9322,0.9931,0.3972,0.0793,45995327.14,0.0313,base,387
0.9838,0.992,0.3968,0.0837,48491820.41,0.033,base,388
1.0819,0.9952,0.3981,0.0921,53500115.63,0.0364,base,389
1.0422,1.0472,0.4189,0.0887,54223318.21,0.0369,base,390
1.0248,0.9996,0.3998,0.0872,50898234.11,0.0347,base,391
0.9368,1.0479,0.4192,0.0797,48773146.01,0.0332,base,392
0.9439,0.9384,0.3754,0.0803,44008740.06,0.03,base,393
1.052,0.9555,0.3822,0.0895,49945838.72,0.034,base,394
0.9391,0.9778,0.3911,0.0799,45623249.66,0.0311,base,395
0.9393,0.9338,0.3735,0.0799,43580695.7,0.0297,base,396
1.0076,1.0132,0.4053,0.0857,50724785.61,0.0346,base,397
1.0355,0.9977,0.3991,0.0881,51332629.38,0.035,base,398
0.9777,0.9827,0.3931,0.0832,47734224.28,0.0325,base,399
1.0581,1.0236,0.4094,0.09,53811129.65,0.0367,base,400
0.9755,1.0076,0.403,0.083,48836983.3,0.0333,base,401
0.9385,1.0133,0.4053,0.0799,47250553.84,0.0322,base,402
0.9437,0.9939,0.3976,0.0803,46602352.44,0.0318,base,403
0.9854,0.9181,0.3672,0.0838,44951156.51,0.0306,base,404
1.0303,0.9973,0.3989,0.0877,51051058.15,0.0348,base,405
0.9578,0.9766,0.3906,0.0815,46474751.03,0.0317,base,406
0.9915,0.993,0.3972,0.0844,48913953.32,0.0333,base,407
1.0187,1.0023,0.4009,0.0867,50730114.37,0.0346,base,408
1.0265,1.0051,0.402,0.0873,51264205.5,0.0349,base,409
0.9272,0.9561,0.3824,0.0789,44043964.31,0.03,base,410
1.0198,1.0097,0.4039,0.0868,51157992.02,0.0349,base,411
0.9964,0.9591,0.3836,0.0848,47481427.19,0.0323,base,412
0.9617,0.974,0.3896,0.0818,46539559.49,0.0317,base,413
1.0298,0.9741,0.3896,0.0876,49841368.18,0.034,base,414
0.9297,0.9745,0.3898,0.0791,45011778.38,0.0307,base,415
1.0122,1.0452,0.4181,0.0861,52564774.34,0.0358,base,416
0.9725,1.0316,0.4126,0.0827,49846061.38,0.034,base,417
0.975,0.9855,0.3942,0.083,47743250.46,0.0325,base,418
0.9552,1.0219,0.4088,0.0813,48497766.45,0.033,base,419
0.9735,1.0267,0.4107,0.0828,49659005.77,0.0338,base,420
0.9777,1.0504,0.4202,0.0832,51027787.49,0.0348,base,421
1.0089,1.0005,0.4002,0.0858,50153212.55,0.0342,base,422
0.9394,1.0374,0.415,0.0799,48421035.01,0.033,base,423
1.0136,1.0016,0.4006,0.0862,50440891.69,0.0344,base,424
1.0001,0.9848,0.3939,0.0851,48930701.81,0.0333,base,425
0.9735,1.0098,0.4039,0.0828,48845454.04,0.0333,base,426
0.9598,0.9955,0.3982,0.0817,47470469.02,0.0323,base,427
1.1116,0.996,0.3984,0.0946,55009697.97,0.0375,base,428
0.9857,1.0266,0.4106,0.0839,50277377.04,0.0343,base,429
0.9515,1.0415,0.4166,0.081,49233114.5,0.0335,base,430
1.0002,0.9653,0.3861,0.0851,47972261.63,0.0327,base,431
0.9929,0.9794,0.3917,0.0845,48311509.15,0.0329,base,432
1.0342,0.9862,0.3945,0.088,50676894.53,0.0345,base,433
1.0357,0.9428,0.3771,0.0881,48515221.6,0.0331,base,434
0.9783,1.0168,0.4067,0.0832,49423286.73,0.0337,base,435
1.0249,1.0018,0.4007,0.0872,51015525.86,0.0348,base,436
1.0371,1.0231,0.4092,0.0882,52717644.08,0.0359,base,437
0.9998,1.0062,0.4025,0.0851,49987144.99,0.0341,base,438
1.0445,1.0049,0.402,0.0889,52150166.94,0.0355,base,439
0.873,0.9531,0.3812,0.0743,41342446.27,0.0282,base,440
0.9675,1.0203,0.4081,0.0823,49043162.89,0.0334,base,441
1.0031,1.0192,0.4077,0.0853,50795185.88,0.0346,base,442
1.0496,1.0161,0.4064,0.0893,52988668.56,0.0361,base,443
0.953,1.0248,0.4099,0.0811,48524193.44,0.0331,base,444
0.9327,0.9615,0.3846,0.0794,44553938.44,0.0304,base,445
0.9773,0.9318,0.3727,0.0832,45243932.59,0.0308,base,446
1.0815,1.0693,0.4277,0.092,57457766.66,0.0391,base,447
0.9897,0.9874,0.3949,0.0842,48553008.24,0.0331,base,448
0.894,1.0142,0.4057,0.0761,45046455.92,0.0307,base,449
0.9624,0.9622,0.3849,0.0819,46009641.84,0.0313,base,450
0.9278,0.9943,0.3977,0.0789,45835517.28,0.0312,base,451
0.9854,0.9938,0.3975,0.0838,48656395.56,0.0331,base,452
0.9654,0.9461,0.3784,0.0821,45380974.14,0.0309,base,453
1.0669,1.0216,0.4087,0.0908,54157182.09,0.0369,base,454
0.9664,0.9571,0.3828,0.0822,45954735.47,0.0313,base,455
0.9454,1.0179,0.4072,0.0804,47813640.68,0.0326,base,456
1.0207,1.0058,0.4023,0.0868,51006455.82,0.0348,base,457
1.0549,0.9809,0.3924,0.0898,51411016.91,0.035,base,458
1.0667,1.0024,0.401,0.0908,53127519.53,0.0362,base,459
0.9584,1.0127,0.4051,0.0815,48225043.98,0.0329,base,460
1.0117,0.9767,0.3907,0.0861,49096070.59,0.0334,base,461
1.0849,0.9486,0.3795,0.0923,51135329.77,0.0348,base,462
1.0088,1.0098,0.4039,0.0858,50612556.68,0.0345,base,463
0.9607,0.9993,0.3997,0.0817,47699980.63,0.0325,base,464
1.0614,0.9645,0.3858,0.0903,50865212.27,0.0347,base,465
0.9426,0.9878,0.3951,0.0802,46264011.28,0.0315,base,466
1.0218,1.0314,0.4126,0.0869,52363554.94,0.0357,base,467
1.0256,0.9646,0.3859,0.0873,49157008.19,0.0335,base,468
1.0521,1.0194,0.4077,0.0895,53286932.82,0.0363,base,469
1.0479,0.9486,0.3794,0.0892,49387903.19,0.0336,base,470
0.9122,0.9774,0.391,0.0776,44295895.49,0.0302,base,471
0.9731,0.9968,0.3987,0.0828,48191921.27,0.0328,base,472
0.9406,0.965,0.386,0.08,45097866.56,0.0307,base,473
1.0159,0.9334,0.3734,0.0864,47114767.68,0.0321,base,474
0.9357,0.9973,0.3989,0.0796,46366454.63,0.0316,base,475
1.0315,1.0048,0.4019,0.0878,51498021.81,0.0351,base,476
1.0736,1.0057,0.4023,0.0913,53641819.79,0.0365,base,477
1.0295,1.0208,0.4083,0.0876,52215184.07,0.0356,base,478
0.9964,0.9572,0.3829,0.0848,47387540.65,0.0323,base,479
0.9799,0.9901,0.3961,0.0834,48207739.48,0.0328,base,480
0.9504,1.016,0.4064,0.0809,47976043.78,0.0327,base,481
0.967,0.9515,0.3806,0.0823,45713596.79,0.0311,base,482
0.9924,0.9657,0.3863,0.0844,47612899.98,0.0324,base,483
1.019,0.9176,0.367,0.0867,46455754.05,0.0317,base,484
0.9081,0.9958,0.3983,0.0773,44929762.52,0.0306,base,485
1.0049,0.9979,0.3992,0.0855,49824361.32,0.0339,base,486
1.0678,0.9881,0.3952,0.0909,52422233.87,0.0357,base,487
0.967,1.0202,0.4081,0.0823,49019432.81,0.0334,base,488
0.9765,1.0073,0.4029,0.0831,48869975.5,0.0333,base,489
1.0553,0.9909,0.3963,0.0898,51954729.43,0.0354,base,490
0.9875,0.9777,0.3911,0.084,47967749.05,0.0327,base,491
1.0125,1.0144,0.4058,0.0862,51034507.6,0.0348,base,492
1.0448,1.016,0.4064,0.0889,52744786.21,0.0359,base,493
1.0929,1.0012,0.4005,0.093,54365635.54,0.037,base,494
1.001,0.9884,0.3954,0.0852,49154958.28,0.0335,base,495
1.0581,0.9995,0.3998,0.09,52545367.21,0.0358,base,496
0.9811,0.9586,0.3834,0.0835,46726616.83,0.0318,base,497
0.9891,1.023,0.4092,0.0842,50275711.11,0.0343,base,498
0.868,0.9646,0.3858,0.0739,41598016.48,0.0283,base,499
0.9506,0.9733,0.3893,0.0809,45973589.65,0.0313,base,500
0.9984,0.9864,0.3946,0.0849,48931040.83,0.0333,base,501
1.0029,1.0064,0.4026,0.0853,50149236.71,0.0342,base,502
1.0633,0.9905,0.3962,0.0905,52331195.57,0.0357,base,503
1.0138,0.9914,0.3966,0.0863,49941906.82,0.034,base,504
1.0049,0.9881,0.3952,0.0855,49333632.76,0.0336,base,505
0.9403,1.01,0.404,0.08,47188259.63,0.0321,base,506
1.0508,0.9706,0.3882,0.0894,50674210.13,0.0345,base,507
0.9958,0.9975,0.399,0.0847,49351415.17,0.0336,base,508
0.8927,1.0558,0.4223,0.076,46828673.99,0.0319,base,509
1.0695,1.0334,0.4133,0.091,54911833.1,0.0374,base,510
1.0465,0.9732,0.3893,0.089,50601637.05,0.0345,base,511
0.8767,0.9966,0.3986,0.0746,43409136.81,0.0296,base,512
1.0015,0.9904,0.3962,0.0852,49282184.16,0.0336,base,513
0.9756,1.0276,0.411,0.083,49813311.72,0.0339,base,514
1.0357,0.9978,0.3991,0.0881,51345869.36,0.035,base,515
0.9725,1.0657,0.4263,0.0827,51493133.85,0.0351,base,516
1.0382,1.0015,0.4006,0.0883,51655583.65,0.0352,base,517
0.933,0.9525,0.381,0.0794,44154569.38,0.0301,base,518
0.8607,0.9908,0.3963,0.0732,42374152.6,0.0289,base,519
1.0116,0.9931,0.3972,0.0861,49915290.85,0.034,base,520
0.9971,1.0056,0.4022,0.0848,49817336.21,0.0339,base,521
1.0386,0.9458,0.3783,0.0884,48803102.03,0.0332,base,522
0.9357,1.0247,0.4099,0.0796,47639876.24,0.0325,base,523
1.0111,1.0133,0.4053,0.086,50904279.46,0.0347,base,524
0.9478,1.0432,0.4173,0.0806,49124738.11,0.0335,base,525
1.0034,0.9917,0.3967,0.0854,49437965.42,0.0337,base,526
0.954,1.0043,0.4017,0.0812,47603613.42,0.0324,base,527
1.0061,0.9953,0.3981,0.0856,49754287.78,0.0339,base,528
1.0782,1.0342,0.4137,0.0917,55402734.22,0.0377,base,529
0.9979,0.9819,0.3928,0.0849,48680502.93,0.0332,base,530
0.9768,1.0093,0.4037,0.0831,48985136.64,0.0334,base,531
0.8612,1.0085,0.4034,0.0733,43153172.73,0.0294,base,532
0.9881,1.0628,0.4251,0.0841,52174960.39,0.0355,base,533
1.0211,0.9947,0.3979,0.0869,50465749.76,0.0344,base,534
1.0021,0.9811,0.3924,0.0853,48851348.49,0.0333,base,535
0.9654,0.9981,0.3992,0.0821,47871736.7,0.0326,base,536
0.9007,1.0002,0.4001,0.0766,44761522.0,0.0305,base,537
0.917,0.9788,0.3915,0.078,44591057.18,0.0304,base,538
0.964,1.0208,0.4083,0.082,48891328.03,0.0333,base,539
1.0777,1.0425,0.417,0.0917,55822729.28,0.038,base,540
0.9764,0.9934,0.3973,0.0831,48187815.4,0.0328,base,541
1.0022,1.0049,0.402,0.0853,50038183.52,0.0341,base,542
1.0561,1.0204,0.4082,0.0899,53541699.71,0.0365,base,543
1.0002,1.0577,0.4231,0.0851,52563012.56,0.0358,base,544
1.0454,1.0552,0.4221,0.0889,54808934.86,0.0373,base,545
0.9981,1.0178,0.4071,0.0849,50471076.38,0.0344,base,546
1.0177,1.006,0.4024,0.0866,50868910.74,0.0347,base,547
0.9495,1.0084,0.4034,0.0808,47570023.0,0.0324,base,548
0.9291,1.0124,0.405,0.0791,46733847.38,0.0318,base,549
1.0871,1.0349,0.414,0.0925,55895767.74,0.0381,base,550
1.0166,0.9924,0.397,0.0865,50123524.65,0.0341,base,551
1.0397,0.97,0.388,0.0885,50108267.44,0.0341,base,552
0.9418,0.9622,0.3849,0.0801,45022325.32,0.0307,base,553
1.021,0.9617,0.3847,0.0869,48781928.3,0.0332,base,554
1.0308,1.0312,0.4125,0.0877,52811928.15,0.036,base,555
1.0354,0.9977,0.3991,0.0881,51325966.69,0.035,base,556
1.0223,0.9651,0.386,0.087,49022506.46,0.0334,base,557
1.0112,1.0507,0.4203,0.086,52788436.81,0.036,base,558
1.0737,0.9536,0.3814,0.0914,50871608.96,0.0347,base,559
0.9975,0.9906,0.3962,0.0849,49098065.98,0.0335,base,560
1.0462,1.0087,0.4035,0.089,52432678.33,0.0357,base,561
0.996,0.9815,0.3926,0.0847,48569509.91,0.0331,base,562
1.0084,0.9962,0.3985,0.0858,49912824.35,0.034,base,563
1.0038,0.9959,0.3984,0.0854,49668970.5,0.0338,base,564
0.9396,1.0126,0.405,0.0799,47269986.96,0.0322,base,565
1.023,1.0069,0.4028,0.087,51178241.53,0.0349,base,566
1.0135,1.0366,0.4146,0.0862,52198002.79,0.0356,base,567
1.0545,1.0497,0.4199,0.0897,54997409.42,0.0375,base,568
1.0352,1.0256,0.4103,0.0881,52751370.9,0.0359,base,569
1.0035,0.9695,0.3878,0.0854,48339526.02,0.0329,base,570
0.9428,1.0159,0.4064,0.0802,47589231.43,0.0324,base,571
1.0071,1.0167,0.4067,0.0857,50873107.37,0.0347,base,572
0.8863,0.9936,0.3975,0.0754,43755047.76,0.0298,base,573
1.0052,0.9885,0.3954,0.0855,49370695.19,0.0336,base,574
0.9858,0.9457,0.3783,0.0839,46317831.19,0.0316,base,575
0.9927,1.0363,0.4145,0.0845,51115704.16,0.0348,base,576
0.9412,1.0149,0.406,0.0801,47461612.06,0.0323,base,577
0.9617,1.0039,0.4015,0.0818,47968324.64,0.0327,base,578
1.0683,1.0002,0.4001,0.0909,53090843.99,0.0362,base,579
1.0161,1.0179,0.4071,0.0865,51389114.13,0.035,base,580
0.9964,1.0362,0.4145,0.0848,51296581.1,0.0349,base,581
0.8987,0.9893,0.3957,0.0765,44176087.23,0.0301,base,582
0.9034,0.9536,0.3814,0.0769,42800834.24,0.0292,base,583
0.9975,0.9628,0.3851,0.0849,47718155.41,0.0325,base,584
0.9779,1.0392,0.4157,0.0832,50486728.45,0.0344,base,585
1.0251,1.1108,0.4443,0.0872,56575963.48,0.0385,base,586
0.9932,1.0011,0.4004,0.0845,49401534.14,0.0337,base,587
0.8757,0.9984,0.3994,0.0745,43443337.66,0.0296,base,588
0.9757,1.0133,0.4053,0.083,49123522.49,0.0335,base,589
1.0004,0.9798,0.3919,0.0851,48703703.04,0.0332,base,590
0.9012,1.0219,0.4088,0.0767,45756143.25,0.0312,base,591
0.9633,0.9473,0.3789,0.082,45338226.08,0.0309,base,592
1.0174,0.9388,0.3755,0.0866,47457861.26,0.0323,base,593
0.9666,0.9364,0.3746,0.0822,44972716.96,0.0306,base,594
0.9823,0.9474,0.379,0.0836,46237344.58,0.0315,base,595
1.1417,1.0315,0.4126,0.0971,58511450.19,0.0399,base,596
1.0197,1.0081,0.4032,0.0868,51076778.64,0.0348,base,597
1.0289,1.0231,0.4092,0.0875,52301344.79,0.0356,base,598
1.0098,0.9648,0.3859,0.0859,48407294.43,0.033,base,599
1.0042,0.9506,0.3802,0.0854,47431076.46,0.0323,base,600
0.9778,1.0097,0.4039,0.0832,49056023.47,0.0334,base,601
0.9414,1.0108,0.4043,0.0801,47279328.92,0.0322,base,602
0.9718,1.0692,0.4277,0.0827,51623678.44,0.0352,base,603
0.9771,1.0126,0.405,0.0831,49156150.11,0.0335,base,604
1.0271,1.0019,0.4008,0.0874,51133002.51,0.0348,base,605
1.0124,0.9899,0.396,0.0861,49793943.69,0.0339,base,606
1.0034,1.0034,0.4014,0.0854,50023536.73,0.0341,base,607
1.0384,1.0366,0.4146,0.0884,53479764.82,0.0364,base,608
0.997,1.0413,0.4165,0.0848,51583018.98,0.0351,base,609
0.9983,0.9709,0.3883,0.0849,48153054.77,0.0328,base,610
0.9772,0.9796,0.3918,0.0831,47561420.29,0.0324,base,611
0.9882,1.0017,0.4007,0.0841,49181568.15,0.0335,base,612
1.0108,1.0351,0.4141,0.086,51985044.58,0.0354,base,613
1.0372,0.9872,0.3949,0.0882,50870604.95,0.0347,base,614
1.0276,0.998,0.3992,0.0874,50950558.65,0.0347,base,615
1.0388,1.0373,0.4149,0.0884,53535138.23,0.0365,base,616
0.9945,1.0232,0.4093,0.0846,50555949.02,0.0344,base,617
1.0691,1.0114,0.4045,0.091,53720959.19,0.0366,base,618
0.9457,0.9969,0.3988,0.0805,46839974.09,0.0319,base,619
0.9556,1.0301,0.412,0.0813,48908103.01,0.0333,base,620
1.0104,1.0098,0.4039,0.086,50696343.89,0.0345,base,621
1.0891,1.0226,0.4091,0.0927,55336266.65,0.0377,base,622
1.0073,0.946,0.3784,0.0857,47343352.65,0.0323,base,623
0.974,0.9793,0.3917,0.0829,47394679.1,0.0323,base,624
0.9906,0.9627,0.3851,0.0843,47382035.2,0.0323,base,625
1.0312,1.0375,0.415,0.0877,53153176.75,0.0362,base,626
0.9821,0.956,0.3824,0.0836,46650146.49,0.0318,base,627
1.0051,0.9928,0.3971,0.0855,49578433.44,0.0338,base,628
1.0495,0.9981,0.3992,0.0893,52043309.59,0.0355,base,629
0.9626,0.9583,0.3833,0.0819,45830191.09,0.0312,base,630
1.0002,0.9297,0.3719,0.0851,46203862.91,0.0315,base,631
0.9445,1.0213,0.4085,0.0804,47926811.38,0.0327,base,632
0.9918,0.9984,0.3994,0.0844,49200521.01,0.0335,base,633
0.9877,0.9582,0.3833,0.084,47021837.51,0.032,base,634
0.9802,1.0135,0.4054,0.0834,49357193.9,0.0336,base,635
1.0255,0.9686,0.3874,0.0872,49348053.01,0.0336,base,636
1.0034,1.0274,0.411,0.0854,51220836.52,0.0349,base,637
1.0122,1.0452,0.4181,0.0861,52559979.65,0.0358,base,638
1.0002,0.9507,0.3803,0.0851,47244977.59,0.0322,base,639
0.999,1.0045,0.4018,0.085,49860947.63,0.034,base,640
1.0331,1.0149,0.406,0.0879,52095295.91,0.0355,base,641
1.0755,1.0179,0.4072,0.0915,54395568.35,0.0371,base,642
1.0096,0.9843,0.3937,0.0859,49376722.67,0.0336,base,643
0.9882,1.039,0.4156,0.0841,51013776.64,0.0348,base,644
1.0949,1.0106,0.4043,0.0932,54975724.85,0.0375,base,645
1.01,0.9942,0.3977,0.0859,49890657.54,0.034,base,646
1.0122,1.0018,0.4007,0.0861,50383293.2,0.0343,base,647
0.9756,1.0271,0.4108,0.083,49786809.08,0.0339,base,648
0.9456,1.0046,0.4018,0.0805,47195537.35,0.0322,base,649
1.0084,1.0198,0.4079,0.0858,51095737.59,0.0348,base,650
0.9924,0.9716,0.3887,0.0844,47906662.33,0.0326,base,651
0.9953,0.9693,0.3877,0.0847,47932930.97,0.0327,base,652
0.9824,0.9772,0.3909,0.0836,47694480.89,0.0325,base,653
1.1207,0.9351,0.3741,0.0954,52071489.09,0.0355,base,654
0.94,1.0367,0.4147,0.08,48419857.51,0.033,base,655
0.9896,0.9589,0.3836,0.0842,47146208.02,0.0321,base,656
1.031,1.0629,0.4251,0.0877,54447399.89,0.0371,base,657
1.0016,1.0261,0.4104,0.0852,51063125.22,0.0348,base,658
0.9332,0.9826,0.393,0.0794,45559220.08,0.031,base,659
1.0101,1.0054,0.4022,0.0859,50457051.58,0.0344,base,660
0.9664,0.9826,0.393,0.0822,47178804.52,0.0321,base,661
0.9692,0.9765,0.3906,0.0825,47020113.86,0.032,base,662
0.9726,0.9829,0.3932,0.0828,47497571.54,0.0324,base,663
1.0223,0.9575,0.383,0.087,48635392.54,0.0331,base,664
1.0245,1.0522,0.4209,0.0872,53558332.91,0.0365,base,665
1.008,0.9859,0.3944,0.0858,49377139.69,0.0336,base,666
0.9534,0.9845,0.3938,0.0811,46634595.08,0.0318,base,667
0.9397,1.0074,0.403,0.08,47033667.82,0.032,base,668
0.9948,1.0226,0.4091,0.0846,50546223.73,0.0344,base,669
1.0135,1.024,0.4096,0.0862,51565674.33,0.0351,base,670
1.0756,1.0294,0.4118,0.0915,55011929.38,0.0375,base,671
1.1385,1.0352,0.4141,0.0969,58558579.54,0.0399,base,672
0.9794,1.0198,0.4079,0.0833,49623589.55,0.0338,base,673
1.0408,1.0052,0.4021,0.0886,51985728.06,0.0354,base,674
1.0404,1.0195,0.4078,0.0885,52698666.92,0.0359,base,675
1.0702,0.9989,0.3995,0.0911,53113065.18,0.0362,base,676
0.9574,0.9894,0.3958,0.0815,47067354.4,0.0321,base,677
0.9077,0.9224,0.369,0.0772,41599041.22,0.0283,base,678
0.9506,0.9856,0.3942,0.0809,46549983.57,0.0317,base,679
0.9672,1.0365,0.4146,0.0823,49806581.44,0.0339,base,680
0.947,0.9643,0.3857,0.0806,45373086.32,0.0309,base,681
1.1003,0.9548,0.3819,0.0936,52196743.1,0.0356,base,682
1.0396,0.9976,0.399,0.0885,51528350.98,0.0351,base,683
0.8737,1.0303,0.4121,0.0743,44724967.81,0.0305,base,684
0.985,1.0123,0.4049,0.0838,49538151.14,0.0338,base,685
1.0128,1.0111,0.4045,0.0862,50881609.73,0.0347,base,686
1.0469,1.0664,0.4265,0.0891,55466704.79,0.0378,base,687
1.0153,0.9955,0.3982,0.0864,50219170.65,0.0342,base,688
1.0472,1.0152,0.4061,0.0891,52819490.49,0.036,base,689
0.8755,1.0146,0.4059,0.0745,44135102.44,0.0301,base,690
0.9822,0.9939,0.3976,0.0836,48502575.03,0.033,base,691
0.9293,1.0581,0.4232,0.0791,48853108.4,0.0333,base,692
1.0265,0.9874,0.395,0.0873,50357056.91,0.0343,base,693
0.9804,0.9952,0.3981,0.0834,48477838.93,0.033,base,694
0.996,1.0244,0.4098,0.0847,50692883.05,0.0345,base,695
1.0207,0.9855,0.3942,0.0868,49977585.81,0.034,base,696
0.9891,1.019,0.4076,0.0842,50078512.96,0.0341,base,697
0.9524,0.9884,0.3954,0.081,46773033.82,0.0319,base,698
1.0492,1.0009,0.4004,0.0893,52177385.37,0.0355,base,699
1.0735,0.9669,0.3867,0.0913,51569184.31,0.0351,base,700
0.9793,0.977,0.3908,0.0833,47539658.37,0.0324,base,701
0.959,1.0242,0.4097,0.0816,48799493.33,0.0332,base,702
1.0556,1.0047,0.4019,0.0898,52692969.7,0.0359,base,703
0.9974,1.0555,0.4222,0.0849,52307878.6,0.0356,base,704
1.0841,0.9404,0.3762,0.0922,50656265.21,0.0345,base,705
0.9998,0.9416,0.3766,0.0851,46775156.43,0.0319,base,706
0.9268,0.9825,0.393,0.0789,45240242.47,0.0308,base,707
0.9463,1.0202,0.4081,0.0805,47968287.18,0.0327,base,708
0.9828,0.9953,0.3981,0.0836,48599790.66,0.0331,base,709
0.9996,1.0545,0.4218,0.0851,52369894.19,0.0357,base,710
1.0191,1.0298,0.4119,0.0867,52145532.56,0.0355,base,711
1.0302,1.0388,0.4155,0.0877,53171052.81,0.0362,base,712
1.0065,1.0006,0.4002,0.0856,50037186.07,0.0341,base,713
1.0681,1.0075,0.403,0.0909,53463998.8,0.0364,base,714
0.9242,0.9646,0.3858,0.0786,44294565.06,0.0302,base,715
0.9822,1.0173,0.4069,0.0836,49642423.6,0.0338,base,716
0.9653,1.0472,0.4189,0.0821,50228096.49,0.0342,base,717
1.0249,0.9945,0.3978,0.0872,50642706.26,0.0345,base,718
0.943,1.0234,0.4094,0.0802,47947339.13,0.0327,base,719
1.0346,0.9675,0.387,0.088,49732821.81,0.0339,base,720
1.0696,1.0387,0.4155,0.091,55199883.29,0.0376,base,721
1.0771,1.0011,0.4004,0.0916,53577640.65,0.0365,base,722
1.0498,0.9405,0.3762,0.0893,49059659.48,0.0334,base,723
1.0239,0.9893,0.3957,0.0871,50324204.87,0.0343,base,724
0.9978,1.015,0.406,0.0849,50322368.6,0.0343,base,725
0.9673,0.9958,0.3983,0.0823,47855465.8,0.0326,base,726
0.9526,0.9774,0.391,0.0811,46262288.18,0.0315,base,727
0.9457,1.0113,0.4045,0.0805,47519068.65,0.0324,base,728
1.0643,0.972,0.3888,0.0906,51394287.66,0.035,base,729
0.9218,0.9943,0.3977,0.0784,45536552.78,0.031,base,730
1.0209,1.0082,0.4033,0.0869,51141142.14,0.0348,base,731
0.9426,1.0004,0.4002,0.0802,46853044.2,0.0319,base,732
0.9585,0.9877,0.3951,0.0815,47034840.23,0.032,base,733
0.9938,0.9873,0.3949,0.0846,48748865.37,0.0332,base,734
1.023,0.9849,0.394,0.087,50060209.9,0.0341,base,735
1.0753,1.0036,0.4014,0.0915,53620763.18,0.0365,base,736
0.944,1.0293,0.4117,0.0803,48280915.69,0.0329,base,737
1.0428,1.008,0.4032,0.0887,52225355.16,0.0356,base,738
1.0001,1.0102,0.4041,0.0851,50199846.79,0.0342,base,739
1.0427,0.9964,0.3986,0.0887,51619973.17,0.0352,base,740
1.0413,0.9832,0.3933,0.0886,50866998.88,0.0347,base,741
1.025,0.9705,0.3882,0.0872,49426472.72,0.0337,base,742
1.0175,1.0172,0.4069,0.0866,51424478.3,0.035,base,743
0.9736,1.011,0.4044,0.0828,48905555.42,0.0333,base,744
0.9082,0.9973,0.3989,0.0773,45001116.21,0.0307,base,745
0.9874,1.0188,0.4075,0.084,49980492.47,0.0341,base,746
0.9984,1.0305,0.4122,0.0849,51116565.16,0.0348,base,747
1.0946,1.0033,0.4013,0.0931,54564068.1,0.0372,base,748
1.044,1.0501,0.42,0.0888,54470351.35,0.0371,base,749
1.0479,1.033,0.4132,0.0892,53787161.3,0.0366,base,750
0.9909,1.0125,0.405,0.0843,49848881.01,0.034,base,751
0.9522,1.0269,0.4108,0.081,48581614.69,0.0331,base,752
1.0232,1.0141,0.4056,0.0871,51555740.3,0.0351,base,753
0.911,1.0319,0.4128,0.0775,46704760.42,0.0318,base,754
1.0782,1.0431,0.4172,0.0917,55877977.23,0.0381,base,755
1.026,1.0415,0.4166,0.0873,53096797.57,0.0362,base,756
1.0059,0.9833,0.3933,0.0856,49145605.83,0.0335,base,757
1.0018,0.9814,0.3926,0.0852,48848549.82,0.0333,base,758
1.0903,0.9301,0.3721,0.0928,50388293.27,0.0343,base,759
1.0161,0.9773,0.3909,0.0865,49335314.55,0.0336,base,760
0.9768,1.0232,0.4093,0.0831,49654285.52,0.0338,base,761
1.0001,1.0342,0.4137,0.0851,51386605.79,0.035,base,762
0.9962,0.9981,0.3992,0.0848,49404263.71,0.0337,base,763
1.0076,1.0381,0.4153,0.0857,51972923.68,0.0354,base,764
0.969,0.9922,0.3969,0.0824,47769546.75,0.0325,base,765
0.975,0.9876,0.3951,0.083,47844476.8,0.0326,base,766
0.9415,0.9919,0.3967,0.0801,46398443.8,0.0316,base,767
1.0228,1.0421,0.4168,0.087,52956535.64,0.0361,base,768
1.024,0.9835,0.3934,0.0871,50038096.01,0.0341,base,769
1.0715,0.9501,0.38,0.0912,50581772.74,0.0345,base,770
1.0247,0.9651,0.386,0.0872,49132720.66,0.0335,base,771
0.9943,0.9611,0.3845,0.0846,47482567.91,0.0323,base,772
0.9263,0.9842,0.3937,0.0788,45297142.88,0.0309,base,773
1.0872,1.0107,0.4043,0.0925,54594905.15,0.0372,base,774
1.0444,0.9906,0.3963,0.0889,51406305.46,0.035,base,775
1.0018,0.9781,0.3912,0.0852,48680203.81,0.0332,base,776
0.9723,0.9909,0.3964,0.0827,47869619.53,0.0326,base,777
1.0471,1.0101,0.404,0.0891,52548349.48,0.0358,base,778
0.9651,0.9955,0.3982,0.0821,47735850.0,0.0325,base,779
0.9586,1.0162,0.4065,0.0816,48402875.72,0.033,base,780
1.0139,1.0081,0.4032,0.0863,50781543.37,0.0346,base,781
1.0356,1.0173,0.4069,0.0881,52344877.09,0.0357,base,782
1.0726,0.9793,0.3917,0.0913,52187675.43,0.0356,base,783
1.0378,0.9961,0.3984,0.0883,51364000.67,0.035,base,784
1.0473,0.9867,0.3947,0.0891,51339724.57,0.035,base,785
0.9221,0.9891,0.3956,0.0785,45317185.12,0.0309,base,786
0.9718,0.9699,0.3879,0.0827,46826579.89,0.0319,base,787
0.9841,1.035,0.414,0.0837,50605886.0,0.0345,base,788
0.9862,1.0213,0.4085,0.0839,50041060.73,0.0341,base,789
1.0691,1.0315,0.4126,0.091,54790786.77,0.0373,base,790
1.0253,1.0284,0.4114,0.0872,52387702.86,0.0357,base,791
0.9818,0.9637,0.3855,0.0835,47009661.69,0.032,base,792
0.9292,1.0286,0.4114,0.0791,47488989.37,0.0324,base,793
1.0685,0.9928,0.3971,0.0909,52705141.21,0.0359,base,794
1.0037,0.9341,0.3737,0.0854,46583632.38,0.0317,base,795
1.0375,0.9982,0.3993,0.0883,51454987.09,0.0351,base,796
0.912,1.0158,0.4063,0.0776,46027398.58,0.0314,base,797
1.0314,1.0258,0.4103,0.0878,52566200.98,0.0358,base,798
0.9969,1.0089,0.4035,0.0848,49971142.85,0.034,base,799
0.9601,1.0424,0.417,0.0817,49725998.66,0.0339,base,800
0.9863,1.0384,0.4154,0.0839,50886799.78,0.0347,base,801
1.029,0.9952,0.3981,0.0876,50881310.63,0.0347,base,802
1.0669,0.9829,0.3931,0.0908,52101443.78,0.0355,base,803
1.0215,1.0064,0.4025,0.0869,51077156.42,0.0348,base,804
0.9975,1.0078,0.4031,0.0849,49946901.9,0.034,base,805
1.0384,0.9914,0.3966,0.0883,51147204.65,0.0348,base,806
0.9799,0.9966,0.3986,0.0834,48518636.01,0.0331,base,807
0.9771,0.9735,0.3894,0.0831,47257961.86,0.0322,base,808
1.0168,0.9513,0.3805,0.0865,48059680.56,0.0327,base,809
0.9981,0.9873,0.3949,0.0849,48964068.86,0.0334,base,810
1.0089,1.0141,0.4056,0.0858,50834423.77,0.0346,base,811
1.013,1.0001,0.4,0.0862,50334915.15,0.0343,base,812
1.0647,0.9851,0.394,0.0906,52110810.15,0.0355,base,813
0.9424,0.9934,0.3973,0.0802,46514501.29,0.0317,base,814
1.0345,1.0529,0.4212,0.088,54120978.55,0.0369,base,815
1.1024,1.0117,0.4047,0.0938,55410159.31,0.0378,base,816
1.0581,1.0485,0.4194,0.09,55125389.73,0.0376,base,817
0.9792,1.0451,0.418,0.0833,50843479.46,0.0346,base,818
1.0245,0.9984,0.3993,0.0872,50816996.88,0.0346,base,819
1.0298,1.021,0.4084,0.0876,52241281.3,0.0356,base,820
0.9058,1.0041,0.4016,0.0771,45187583.36,0.0308,base,821
1.0134,0.9812,0.3925,0.0862,49406701.61,0.0337,base,822
1.0112,0.9899,0.396,0.086,49737420.91,0.0339,base,823
0.9632,0.9977,0.3991,0.082,47744151.3,0.0325,base,824
0.9053,1.0133,0.4053,0.077,45577007.32,0.0311,base,825
1.0275,1.01,0.404,0.0874,51564897.73,0.0351,base,826
1.0282,0.9882,0.3953,0.0875,50483171.55,0.0344,base,827
0.9737,0.9494,0.3798,0.0828,45928542.71,0.0313,base,828
0.9167,0.9786,0.3914,0.078,44568029.37,0.0304,base,829
1.0451,0.9996,0.3998,0.0889,51906331.02,0.0354,base,830
1.0655,1.0227,0.4091,0.0907,54140737.69,0.0369,base,831
0.951,0.983,0.3932,0.0809,46448700.5,0.0316,base,832
0.9473,0.9578,0.3831,0.0806,45083407.57,0.0307,base,833
1.0124,1.0197,0.4079,0.0861,51288425.64,0.0349,base,834
0.9564,1.031,0.4124,0.0814,48994787.22,0.0334,base,835
1.0433,0.9838,0.3935,0.0888,50995122.87,0.0347,base,836
1.0174,0.9724,0.389,0.0866,49154126.01,0.0335,base,837
1.0018,1.0159,0.4064,0.0852,50567736.12,0.0345,base,838
0.9109,1.0435,0.4174,0.0775,47228872.79,0.0322,base,839
0.9185,1.0034,0.4014,0.0781,45791436.2,0.0312,base,840
0.9778,1.0267,0.4107,0.0832,49876999.83,0.034,base,841
0.959,0.9868,0.3947,0.0816,47018924.62,0.032,base,842
1.1542,1.0511,0.4205,0.0982,60278025.41,0.0411,base,843
1.0447,0.9807,0.3923,0.0889,50903679.03,0.0347,base,844
1.0194,0.9529,0.3812,0.0867,48265870.04,0.0329,base,845
0.9636,1.014,0.4056,0.082,48545637.4,0.0331,base,846
1.0408,0.9911,0.3964,0.0886,51251972.51,0.0349,base,847
1.0379,1.0258,0.4103,0.0883,52899525.12,0.036,base,848
0.9538,1.0084,0.4034,0.0812,47785167.08,0.0326,base,849
0.9994,1.0432,0.4173,0.085,51798244.26,0.0353,base,850
0.9407,1.0143,0.4057,0.08,47405457.57,0.0323,base,851
0.9938,1.0609,0.4243,0.0846,52383417.93,0.0357,base,852
0.8889,1.0511,0.4204,0.0756,46421865.98,0.0316,base,853
0.992,1.0166,0.4066,0.0844,50107122.57,0.0341,base,854
0.9277,0.962,0.3848,0.0789,44342035.22,0.0302,base,855
0.9885,1.0028,0.4011,0.0841,49251015.9,0.0336,base,856
0.8803,0.9809,0.3923,0.0749,42899973.28,0.0292,base,857
0.9779,0.9954,0.3982,0.0832,48366879.79,0.033,base,858
1.0336,1.0094,0.4037,0.0879,51836045.71,0.0353,base,859
0.9873,0.9638,0.3855,0.084,47275862.74,0.0322,base,860
0.9204,1.003,0.4012,0.0783,45865533.99,0.0312,base,861
1.0723,1.0004,0.4002,0.0912,53298959.28,0.0363,base,862
1.0459,0.9665,0.3866,0.089,50225321.6,0.0342,base,863
1.0459,0.9942,0.3977,0.089,51662968.44,0.0352,base,864
1.0058,1.02,0.408,0.0856,50973327.18,0.0347,base,865
1.0383,1.0082,0.4033,0.0883,52011854.12,0.0354,base,866
1.0199,1.0102,0.4041,0.0868,51193216.31,0.0349,base,867
0.9658,0.9914,0.3966,0.0822,47571867.6,0.0324,base,868
1.0014,1.0489,0.4196,0.0852,52185339.57,0.0356,base,869
0.9424,1.0034,0.4013,0.0802,46979041.92,0.032,base,870
1.05,1.0208,0.4083,0.0893,53257487.39,0.0363,base,871
0.9552,0.9633,0.3853,0.0813,45718432.84,0.0311,base,872
0.9742,1.0093,0.4037,0.0829,48856335.25,0.0333,base,873
1.0408,0.9942,0.3977,0.0886,51411848.34,0.035,base,874
1.0066,0.9887,0.3955,0.0856,49450453.05,0.0337,base,875
0.9597,1.0363,0.4145,0.0817,49416559.99,0.0337,base,876
1.0869,0.996,0.3984,0.0925,53789013.3,0.0366,base,877
0.9605,1.0197,0.4079,0.0817,48662586.83,0.0332,base,878
0.9284,0.961,0.3844,0.079,44331729.19,0.0302,base,879
1.0079,1.0542,0.4217,0.0858,52792177.29,0.036,base,880
0.9818,1.0022,0.4009,0.0835,48888424.18,0.0333,base,881
1.0768,0.9657,0.3863,0.0916,51664401.34,0.0352,base,882
0.924,1.0644,0.4258,0.0786,48867927.95,0.0333,base,883
1.0507,0.9888,0.3955,0.0894,51619590.76,0.0352,base,884
1.0264,1.0274,0.411,0.0873,52393479.81,0.0357,base,885
0.9878,1.0752,0.4301,0.084,52768035.87,0.036,base,886
0.92,1.0483,0.4193,0.0783,47916864.19,0.0326,base,887
1.0203,1.0061,0.4024,0.0868,51001332.89,0.0347,base,888
1.0139,0.9817,0.3927,0.0863,49455270.17,0.0337,base,889
0.9915,0.9859,0.3944,0.0844,48566134.55,0.0331,base,890
0.9298,1.0181,0.4073,0.0791,47035525.85,0.032,base,891
0.9351,0.9718,0.3887,0.0796,45153723.59,0.0308,base,892
1.0967,0.9851,0.394,0.0933,53677635.3,0.0366,base,893
1.0765,1.0396,0.4158,0.0916,55604174.66,0.0379,base,894
1.0112,1.0466,0.4186,0.086,52578795.23,0.0358,base,895
0.9724,0.9739,0.3896,0.0827,47049634.44,0.0321,base,896
0.9771,0.9894,0.3958,0.0831,48031089.57,0.0327,base,897
1.0246,1.0583,0.4233,0.0872,53872994.76,0.0367,base,898
0.9583,0.9916,0.3967,0.0815,47216224.95,0.0322,base,899
0.9985,1.0077,0.4031,0.085,49993932.52,0.0341,base,900
0.9835,1.0406,0.4162,0.0837,50848574.37,0.0346,base,901
0.9801,0.9719,0.3887,0.0834,47327317.95,0.0322,base,902
1.0831,1.0418,0.4167,0.0922,56060909.61,0.0382,base,903
0.9992,0.9735,0.3894,0.085,48331103.07,0.0329,base,904
1.0081,1.0216,0.4086,0.0858,51167307.55,0.0349,base,905
1.0781,1.0496,0.4198,0.0917,56217528.83,0.0383,base,906
0.9867,1.003,0.4012,0.084,49171581.42,0.0335,base,907
0.9916,1.0025,0.401,0.0844,49391649.43,0.0337,base,908
0.9788,0.99,0.396,0.0833,48146389.13,0.0328,base,909
0.9935,1.0042,0.4017,0.0845,49569920.62,0.0338,base,910
0.9113,0.9889,0.3956,0.0775,44775424.08,0.0305,base,911
1.038,1.0143,0.4057,0.0883,52310641.0,0.0356,base,912
1.0361,1.0231,0.4093,0.0882,52668727.74,0.0359,base,913
1.0282,1.0322,0.4129,0.0875,52730915.52,0.0359,base,914
1.003,0.9647,0.3859,0.0853,48076258.42,0.0328,base,915
1.0638,1.0115,0.4046,0.0905,53461448.43,0.0364,base,916
0.9166,1.0262,0.4105,0.078,46733968.25,0.0318,base,917
1.0407,0.9621,0.3848,0.0885,49743925.27,0.0339,base,918
1.0229,0.9995,0.3998,0.087,50796538.23,0.0346,base,919
1.0195,0.9838,0.3935,0.0867,49830116.55,0.0339,base,920
1.0847,0.9725,0.389,0.0923,52411967.72,0.0357,base,921
0.9488,0.9875,0.395,0.0807,46552556.3,0.0317,base,922
0.9981,0.9832,0.3933,0.0849,48757206.02,0.0332,base,923
1.0738,0.97,0.388,0.0914,51750813.09,0.0353,base,924
1.1152,0.9577,0.3831,0.0949,53063312.16,0.0362,base,925
1.0226,1.0522,0.4209,0.087,53457419.43,0.0364,base,926
1.1159,0.9941,0.3976,0.0949,55117454.29,0.0376,base,927
0.9272,0.9795,0.3918,0.0789,45122424.19,0.0307,base,928
0.9756,1.0207,0.4083,0.083,49475934.54,0.0337,base,929
0.954,1.0291,0.4116,0.0812,48777064.85,0.0332,base,930
0.9556,1.0251,0.41,0.0813,48668813.72,0.0332,base,931
1.1283,1.0241,0.4096,0.096,57406385.51,0.0391,base,932
1.0615,1.0078,0.4031,0.0903,53150950.32,0.0362,base,933
0.9886,1.018,0.4072,0.0841,50002981.08,0.0341,base,934
1.0344,0.9173,0.3669,0.088,47141610.32,0.0321,base,935
0.9647,1.0649,0.426,0.0821,51040760.55,0.0348,base,936
1.0337,1.0087,0.4035,0.088,51805734.01,0.0353,base,937
0.985,0.9913,0.3965,0.0838,48515565.9,0.0331,base,938
0.9968,0.906,0.3624,0.0848,44872231.39,0.0306,base,939
1.0892,1.0138,0.4055,0.0927,54863533.55,0.0374,base,940
0.964,1.0414,0.4166,0.082,49880695.67,0.034,base,941
0.9968,1.0439,0.4175,0.0848,51699855.99,0.0352,base,942
0.9722,1.0265,0.4106,0.0827,49579975.08,0.0338,base,943
0.9205,1.0276,0.411,0.0783,46998121.54,0.032,base,944
0.9281,1.0021,0.4009,0.079,46211403.13,0.0315,base,945
1.0232,0.9533,0.3813,0.0871,48459287.81,0.033,base,946
1.0096,0.9882,0.3953,0.0859,49569030.18,0.0338,base,947
1.0089,1.0311,0.4124,0.0858,51683818.31,0.0352,base,948
1.0033,1.0395,0.4158,0.0854,51818076.26,0.0353,base,949
0.9621,0.9732,0.3893,0.0819,46523473.22,0.0317,base,950
1.0504,0.9706,0.3882,0.0894,50652340.76,0.0345,base,951
1.0209,0.9762,0.3905,0.0869,49513423.75,0.0337,base,952
0.9994,1.0136,0.4054,0.085,50329228.45,0.0343,base,953
0.9654,0.9807,0.3923,0.0821,47039111.5,0.032,base,954
0.93,1.0255,0.4102,0.0791,47386332.59,0.0323,base,955
0.9572,0.9722,0.3889,0.0814,46236846.05,0.0315,base,956
0.9972,0.9897,0.3959,0.0848,49034304.5,0.0334,base,957
0.9595,1.0098,0.4039,0.0816,48139676.36,0.0328,base,958
1.0044,0.9792,0.3917,0.0855,48866667.61,0.0333,base,959
0.9746,1.0371,0.4148,0.0829,50219744.05,0.0342,base,960
1.0039,0.9836,0.3934,0.0854,49059604.92,0.0334,base,961
0.9934,1.0152,0.4061,0.0845,50109256.05,0.0341,base,962
1.0929,0.9639,0.3856,0.093,52344844.16,0.0357,base,963
1.0198,0.9826,0.3931,0.0868,49790833.59,0.0339,base,964
1.0138,0.9827,0.3931,0.0863,49499057.81,0.0337,base,965
0.9625,0.9769,0.3908,0.0819,46716723.94,0.0318,base,966
0.9742,1.0077,0.4031,0.0829,48776149.03,0.0332,base,967
1.0934,0.9695,0.3878,0.093,52669311.3,0.0359,base,968
0.9588,0.9859,0.3944,0.0816,46966302.58,0.032,base,969
1.0753,1.0437,0.4175,0.0915,55757670.22,0.038,base,970
1.0702,1.0161,0.4064,0.0911,54029252.27,0.0368,base,971
1.0002,0.9648,0.3859,0.0851,47948624.97,0.0327,base,972
1.0037,1.0093,0.4037,0.0854,50333374.09,0.0343,base,973
0.978,0.9812,0.3925,0.0832,47676670.22,0.0325,base,974
0.9415,1.0123,0.4049,0.0801,47352437.99,0.0323,base,975
0.9939,1.0272,0.4109,0.0846,50721856.39,0.0346,base,976
0.9684,0.9823,0.3929,0.0824,47261320.03,0.0322,base,977
1.0582,1.0025,0.401,0.09,52707028.34,0.0359,base,978
0.9229,0.9779,0.3912,0.0785,44840735.7,0.0306,base,979
0.9492,0.994,0.3976,0.0808,46875315.17,0.0319,base,980
0.9056,1.0196,0.4078,0.0771,45875353.19,0.0313,base,981
1.0323,0.9966,0.3986,0.0878,51116473.59,0.0348,base,982
0.9949,0.9969,0.3988,0.0847,49279625.99,0.0336,base,983
0.9748,1.032,0.4128,0.0829,49980756.44,0.0341,base,984
0.9498,1.0704,0.4282,0.0808,50516419.43,0.0344,base,985
0.9465,1.0082,0.4033,0.0805,47412367.01,0.0323,base,986
0.9519,0.977,0.3908,0.081,46205529.46,0.0315,base,987
0.9912,0.9551,0.382,0.0843,47033417.82,0.032,base,988
1.0266,1.0055,0.4022,0.0873,51286804.91,0.0349,base,989
1.0275,1.0224,0.4089,0.0874,52191001.88,0.0356,base,990
0.9601,0.9945,0.3978,0.0817,47438301.59,0.0323,base,991
0.9888,1.0335,0.4134,0.0841,50775058.67,0.0346,base,992
0.9944,0.9748,0.3899,0.0846,48161137.91,0.0328,base,993
1.0176,0.9879,0.3952,0.0866,49947718.83,0.034,base,994
1.0431,1.041,0.4164,0.0888,53952800.33,0.0368,base,995
1.0495,0.9773,0.3909,0.0893,50958905.7,0.0347,base,996
1.0449,0.9743,0.3897,0.0889,50581634.96,0.0345,base,997
0.9826,1.029,0.4116,0.0836,50235970.45,0.0342,base,998
1.0119,1.0556,0.4222,0.0861,53072902.76,0.0362,base,999
1.042,1.0063,0.4025,0.0887,52098500.49,0.0355,base,1000
1.0571,1.0033,0.4013,0.0899,52693870.97,0.0359,base,1001
1.0656,0.9346,0.3738,0.0907,49481229.57,0.0337,base,1002
0.9958,0.9727,0.3891,0.0847,48126207.07,0.0328,base,1003
0.993,0.983,0.3932,0.0845,48499540.76,0.033,base,1004
1.0961,1.0171,0.4069,0.0933,55393805.82,0.0377,base,1005
0.9946,1.0261,0.4104,0.0846,50709087.15,0.0345,base,1006
0.8765,1.0403,0.4161,0.0746,45303741.06,0.0309,base,1007
0.8969,1.0038,0.4015,0.0763,44727903.19,0.0305,base,1008
1.0962,0.9653,0.3861,0.0933,52574524.09,0.0358,base,1009
0.9544,0.9327,0.3731,0.0812,44228409.04,0.0301,base,1010
0.9065,1.0073,0.4029,0.0771,45364627.66,0.0309,base,1011
1.0072,0.9855,0.3942,0.0857,49316121.87,0.0336,base,1012
1.0168,0.9857,0.3943,0.0865,49798188.93,0.0339,base,1013
0.9545,0.9874,0.395,0.0812,46827613.66,0.0319,base,1014
0.9399,0.9302,0.3721,0.08,43439167.1,0.0296,base,1015
0.9863,1.0118,0.4047,0.0839,49583394.45,0.0338,base,1016
1.0583,1.0186,0.4074,0.09,53557096.35,0.0365,base,1017
0.9846,0.9747,0.3899,0.0838,47679180.54,0.0325,base,1018
0.9947,1.0096,0.4038,0.0846,49894305.75,0.034,base,1019
0.9968,0.9847,0.3939,0.0848,48766441.89,0.0332,base,1020
1.0188,0.9311,0.3724,0.0867,47132200.93,0.0321,base,1021
1.0321,1.0513,0.4205,0.0878,53908582.39,0.0367,base,1022
0.9374,1.0183,0.4073,0.0798,47426848.0,0.0323,base,1023
0.9804,0.9776,0.391,0.0834,47616533.48,0.0324,base,1024
1.034,1.0191,0.4076,0.088,52354887.54,0.0357,base,1025
0.9918,1.0529,0.4212,0.0844,51886353.23,0.0354,base,1026
1.0274,0.9463,0.3785,0.0874,48302144.7,0.0329,base,1027
1.0778,1.0044,0.4018,0.0917,53785535.34,0.0366,base,1028
1.0813,0.9713,0.3885,0.092,52185216.42,0.0356,base,1029
0.956,0.9872,0.3949,0.0813,46890540.25,0.0319,base,1030
1.0181,1.0227,0.4091,0.0866,51730474.63,0.0352,base,1031
0.9641,1.1039,0.4415,0.082,52875995.01,0.036,base,1032
0.9544,0.9884,0.3953,0.0812,46867399.0,0.0319,base,1033
1.1024,1.0573,0.4229,0.0938,57910320.28,0.0395,base,1034
1.0772,1.0123,0.4049,0.0917,54178769.43,0.0369,base,1035
1.0078,1.0682,0.4273,0.0857,53485326.81,0.0364,base,1036
0.9375,0.9828,0.3931,0.0798,45781601.36,0.0312,base,1037
1.0028,1.0063,0.4025,0.0853,50139444.07,0.0342,base,1038
1.0535,1.0036,0.4014,0.0896,52530124.02,0.0358,base,1039
1.0158,1.0142,0.4057,0.0864,51187716.27,0.0349,base,1040
0.9853,1.0073,0.4029,0.0838,49310862.62,0.0336,base,1041
0.9423,0.9724,0.389,0.0802,45525003.3,0.031,base,1042
1.0003,0.9894,0.3958,0.0851,49174364.14,0.0335,base,1043
1.0306,1.0012,0.4005,0.0877,51264447.13,0.0349,base,1044
1.0134,1.0285,0.4114,0.0862,51786635.73,0.0353,base,1045
0.913,0.9667,0.3867,0.0777,43852997.74,0.0299,base,1046
0.9838,1.0538,0.4215,0.0837,51506567.13,0.0351,base,1047
0.9785,1.0537,0.4215,0.0833,51226510.05,0.0349,base,1048
1.0503,1.0033,0.4013,0.0894,52357578.41,0.0357,base,1049
1.0208,1.0176,0.407,0.0868,51607237.03,0.0352,base,1050
0.9789,1.0441,0.4176,0.0833,50783857.17,0.0346,base,1051
1.023,1.0002,0.4001,0.087,50838880.51,0.0346,base,1052
0.9704,1.0173,0.4069,0.0826,49045612.35,0.0334,base,1053
1.0289,1.0258,0.4103,0.0875,52439475.88,0.0357,base,1054
1.1145,1.0196,0.4079,0.0948,56459102.98,0.0385,base,1055
0.9704,0.9811,0.3924,0.0826,47300630.52,0.0322,base,1056
0.939,0.9718,0.3887,0.0799,45336405.69,0.0309,base,1057
0.9371,1.0294,0.4118,0.0797,47926582.05,0.0327,base,1058
0.8912,1.0434,0.4174,0.0758,46202673.85,0.0315,base,1059
0.9699,0.96,0.384,0.0825,46264645.72,0.0315,base,1060
0.9598,0.9988,0.3995,0.0817,47629086.57,0.0324,base,1061
1.0032,0.9854,0.3942,0.0854,49118071.93,0.0335,base,1062
1.0525,0.9616,0.3846,0.0896,50285918.82,0.0343,base,1063
0.9542,1.0216,0.4086,0.0812,48434646.65,0.033,base,1064
0.9359,0.977,0.3908,0.0796,45432228.66,0.031,base,1065
1.0271,1.0185,0.4074,0.0874,51976615.37,0.0354,base,1066
1.03,1.0202,0.4081,0.0876,52208727.85,0.0356,base,1067
1.0001,1.0067,0.4027,0.0851,50022777.11,0.0341,base,1068
1.0083,0.9991,0.3996,0.0858,50052561.94,0.0341,base,1069
1.0477,1.0016,0.4006,0.0891,52140521.61,0.0355,base,1070
1.0445,1.0013,0.4005,0.0889,51961616.96,0.0354,base,1071
1.0471,0.9317,0.3727,0.0891,48470539.18,0.033,base,1072
1.102,0.9751,0.3901,0.0938,53389454.96,0.0364,base,1073
0.9852,0.9868,0.3947,0.0838,48305399.31,0.0329,base,1074
1.0963,0.9584,0.3834,0.0933,52203141.27,0.0356,base,1075
0.9856,0.9934,0.3974,0.0839,48645886.51,0.0331,base,1076
1.1196,1.0429,0.4171,0.0953,58011440.22,0.0395,base,1077
0.9585,0.993,0.3972,0.0816,47292265.09,0.0322,base,1078
1.0088,0.9777,0.3911,0.0858,49000843.47,0.0334,base,1079
1.0734,1.0107,0.4043,0.0913,53899922.24,0.0367,base,1080
0.9178,1.0033,0.4013,0.0781,45751561.81,0.0312,base,1081
0.999,0.9866,0.3947,0.085,48970752.93,0.0334,base,1082
1.0144,1.0221,0.4088,0.0863,51512368.56,0.0351,base,1083
0.9888,0.9823,0.3929,0.0841,48261117.16,0.0329,base,1084
1.0195,0.9492,0.3797,0.0867,48076482.01,0.0328,base,1085
1.0509,0.9611,0.3844,0.0894,50181554.57,0.0342,base,1086
1.0086,0.9954,0.3981,0.0858,49878913.99,0.034,base,1087
1.0281,0.9836,0.3934,0.0875,50241391.72,0.0342,base,1088
1.0214,0.9515,0.3806,0.0869,48286947.66,0.0329,base,1089
1.0703,1.0174,0.407,0.0911,54106471.04,0.0369,base,1090
1.0484,0.985,0.394,0.0892,51310853.57,0.035,base,1091
1.0131,0.9883,0.3953,0.0862,49746287.31,0.0339,base,1092
0.9999,0.9681,0.3872,0.0851,48097033.6,0.0328,base,1093
0.9973,0.9224,0.3689,0.0849,45704489.14,0.0311,base,1094
1.0558,0.9636,0.3854,0.0898,50545445.35,0.0344,base,1095
1.0446,1.0419,0.4167,0.0889,54073962.01,0.0368,base,1096
1.0358,0.9664,0.3866,0.0881,49732588.48,0.0339,base,1097
1.0173,1.0222,0.4089,0.0866,51667572.31,0.0352,base,1098
1.0403,1.0135,0.4054,0.0885,52383071.74,0.0357,base,1099
1.0054,0.9915,0.3966,0.0855,49526788.85,0.0337,base,1100
0.9882,1.0059,0.4024,0.0841,49391814.81,0.0337,base,1101
0.9976,0.9917,0.3967,0.0849,49153056.46,0.0335,base,1102
0.9835,1.0024,0.401,0.0837,48981197.2,0.0334,base,1103
0.9724,1.0286,0.4115,0.0827,49695642.59,0.0339,base,1104
1.0044,1.0361,0.4144,0.0855,51705181.84,0.0352,base,1105
0.9658,0.9742,0.3897,0.0822,46748257.95,0.0318,base,1106
0.9744,0.9974,0.3989,0.0829,48283928.09,0.0329,base,1107
1.0013,1.0303,0.4121,0.0852,51254589.3,0.0349,base,1108
0.8982,1.0082,0.4033,0.0764,44994729.78,0.0307,base,1109
0.9198,0.9729,0.3892,0.0783,44458807.47,0.0303,base,1110
0.9919,1.0021,0.4009,0.0844,49389093.93,0.0336,base,1111
1.067,0.994,0.3976,0.0908,52697819.75,0.0359,base,1112
1.0622,1.0196,0.4078,0.0904,53810976.54,0.0367,base,1113
0.9919,1.0286,0.4114,0.0844,50695017.58,0.0345,base,1114
0.9796,1.0178,0.4071,0.0833,49535856.06,0.0337,base,1115
1.0963,1.0223,0.4089,0.0933,55685893.62,0.0379,base,1116
0.9993,0.9814,0.3926,0.085,48725280.19,0.0332,base,1117
0.988,0.9825,0.393,0.0841,48228502.94,0.0329,base,1118
1.0911,1.0267,0.4107,0.0928,55655764.4,0.0379,base,1119
1.0105,1.0154,0.4062,0.086,50980152.26,0.0347,base,1120
1.1011,0.9953,0.3981,0.0937,54446454.05,0.0371,base,1121
0.9873,1.0484,0.4194,0.084,51428482.47,0.035,base,1122
1.0401,0.9718,0.3887,0.0885,50219921.5,0.0342,base,1123
1.0352,1.0021,0.4008,0.0881,51538489.43,0.0351,base,1124
0.9921,0.9913,0.3965,0.0844,48864449.18,0.0333,base,1125
0.9805,1.0071,0.4028,0.0834,49060438.2,0.0334,base,1126
1.0461,0.9747,0.3899,0.089,50659805.09,0.0345,base,1127
1.0268,0.9579,0.3831,0.0874,48867336.98,0.0333,base,1128
0.9917,1.0318,0.4127,0.0844,50836815.36,0.0346,base,1129
1.0042,0.9929,0.3972,0.0854,49540063.41,0.0338,base,1130
1.0789,1.0199,0.408,0.0918,54673520.25,0.0372,base,1131
1.0206,1.0206,0.4083,0.0868,51753051.61,0.0353,base,1132
0.9412,0.995,0.398,0.0801,46528055.76,0.0317,base,1133
1.095,1.026,0.4104,0.0932,55820970.54,0.038,base,1134
1.0883,0.9768,0.3907,0.0926,52820146.66,0.036,base,1135
0.9867,1.0287,0.4115,0.084,50429402.22,0.0344,base,1136
1.0509,0.944,0.3776,0.0894,49289719.86,0.0336,base,1137
1.0089,0.9958,0.3983,0.0858,49915640.77,0.034,base,1138
0.9743,1.0143,0.4057,0.0829,49102191.43,0.0335,base,1139
0.9588,1.0117,0.4047,0.0816,48195617.81,0.0328,base,1140
1.0292,0.9817,0.3927,0.0876,50200644.57,0.0342,base,1141
0.9979,0.9269,0.3708,0.0849,45957552.64,0.0313,base,1142
1.0185,0.9958,0.3983,0.0867,50391746.92,0.0343,base,1143
0.9081,0.9443,0.3777,0.0773,42603152.94,0.029,base,1144
0.9862,1.0585,0.4234,0.0839,51864466.02,0.0353,base,1145
1.0013,0.9617,0.3847,0.0852,47840592.14,0.0326,base,1146
0.9778,0.9333,0.3733,0.0832,45344177.83,0.0309,base,1147
0.9603,0.9706,0.3882,0.0817,46309875.38,0.0316,base,1148
0.997,1.0302,0.4121,0.0848,51034914.05,0.0348,base,1149
0.977,1.0541,0.4216,0.0831,51166544.95,0.0349,base,1150
0.989,1.0035,0.4014,0.0841,49312460.53,0.0336,base,1151
0.9839,0.9646,0.3859,0.0837,47155541.28,0.0321,base,1152
0.9592,0.9823,0.3929,0.0816,46815199.57,0.0319,base,1153
1.0678,0.9911,0.3964,0.0909,52583798.49,0.0358,base,1154
0.9212,1.0052,0.4021,0.0784,46008911.83,0.0313,base,1155
1.0096,0.9639,0.3855,0.0859,48350663.41,0.0329,base,1156
1.0149,1.0025,0.401,0.0863,50550264.27,0.0344,base,1157
0.9295,1.0243,0.4097,0.0791,47302120.85,0.0322,base,1158
0.9253,0.9713,0.3885,0.0787,44650808.63,0.0304,base,1159
1.0268,0.9501,0.3801,0.0874,48471019.23,0.033,base,1160
0.8664,0.9779,0.3911,0.0737,42092945.38,0.0287,base,1161
1.0022,0.9972,0.3989,0.0853,49654022.45,0.0338,base,1162
0.9725,0.9569,0.3828,0.0827,46234390.66,0.0315,base,1163
1.0496,1.0248,0.4099,0.0893,53440335.2,0.0364,base,1164
1.0043,1.0118,0.4047,0.0855,50488995.68,0.0344,base,1165
0.9059,1.0178,0.4071,0.0771,45812289.78,0.0312,base,1166
1.0636,1.0221,0.4088,0.0905,54011664.44,0.0368,base,1167
1.0416,1.0052,0.4021,0.0886,52019347.86,0.0354,base,1168
1.0061,0.9331,0.3732,0.0856,46642066.95,0.0318,base,1169
0.971,1.005,0.402,0.0826,48484629.32,0.033,base,1170
0.9504,0.9538,0.3815,0.0809,45041335.31,0.0307,base,1171
0.9778,0.9719,0.3888,0.0832,47217424.27,0.0322,base,1172
1.0581,0.9874,0.395,0.09,51909928.77,0.0354,base,1173
0.9913,1.0388,0.4155,0.0843,51161789.55,0.0349,base,1174
0.9454,1.0075,0.403,0.0804,47325910.13,0.0322,base,1175
1.0766,0.9736,0.3894,0.0916,52074895.11,0.0355,base,1176
0.9789,1.0289,0.4116,0.0833,50042435.7,0.0341,base,1177
1.044,0.9828,0.3931,0.0888,50976082.42,0.0347,base,1178
0.9732,0.9831,0.3932,0.0828,47537212.46,0.0324,base,1179
0.96,1.0208,0.4083,0.0817,48691243.55,0.0332,base,1180
0.9848,0.9782,0.3913,0.0838,47864282.42,0.0326,base,1181
0.9633,1.0253,0.4101,0.082,49073231.02,0.0334,base,1182
0.8622,0.9877,0.3951,0.0734,42309803.46,0.0288,base,1183
1.012,0.9797,0.3919,0.0861,49260683.62,0.0336,base,1184
0.9517,1.0152,0.4061,0.081,48003980.58,0.0327,base,1185
1.0119,1.0578,0.4231,0.0861,53181868.68,0.0362,base,1186
0.9686,1.0126,0.405,0.0824,48729522.3,0.0332,base,1187
0.9495,1.0363,0.4145,0.0808,48891129.71,0.0333,base,1188
1.0501,1.019,0.4076,0.0893,53166370.1,0.0362,base,1189
1.0522,1.0218,0.4087,0.0895,53420269.94,0.0364,base,1190
1.0237,1.0008,0.4003,0.0871,50900075.03,0.0347,base,1191
1.0468,1.0173,0.4069,0.0891,52914459.72,0.0361,base,1192
0.9855,0.9996,0.3998,0.0839,48944099.68,0.0333,base,1193
1.0111,1.0459,0.4184,0.086,52543725.8,0.0358,base,1194
1.0051,0.9976,0.399,0.0855,49817541.14,0.0339,base,1195
0.9405,1.0251,0.41,0.08,47902257.76,0.0326,base,1196
1.0152,1.0071,0.4028,0.0864,50798695.34,0.0346,base,1197
1.0119,1.0181,0.4072,0.0861,51182509.43,0.0349,base,1198
0.9229,0.975,0.39,0.0785,44709136.98,0.0305,base,1199
0.9897,1.025,0.41,0.0842,50406548.07,0.0343,base,1200
1.0249,1.0282,0.4113,0.0872,52354244.58,0.0357,base,1201
1.0199,1.0197,0.4079,0.0868,51669913.0,0.0352,base,1202
0.969,0.9861,0.3945,0.0824,47476645.23,0.0323,base,1203
0.992,0.9939,0.3976,0.0844,48985892.49,0.0334,base,1204
1.0354,1.0021,0.4008,0.0881,51553628.22,0.0351,base,1205
1.0044,1.0,0.4,0.0855,49899719.98,0.034,base,1206
1.0721,0.9882,0.3953,0.0912,52638563.04,0.0359,base,1207
1.034,0.986,0.3944,0.088,50655875.55,0.0345,base,1208
1.0194,1.012,0.4048,0.0867,51254287.57,0.0349,base,1209
0.9925,0.9719,0.3888,0.0844,47930266.02,0.0327,base,1210
1.019,1.0075,0.403,0.0867,51008476.4,0.0348,base,1211
0.9906,0.9972,0.3989,0.0843,49081517.33,0.0334,base,1212
0.9874,1.0695,0.4278,0.084,52470320.96,0.0357,base,1213
0.981,0.9564,0.3825,0.0835,46611864.88,0.0318,base,1214
0.923,1.0218,0.4087,0.0785,46859745.96,0.0319,base,1215
0.9155,1.0177,0.4071,0.0779,46293731.66,0.0315,base,1216
0.9766,1.0068,0.4027,0.0831,48851438.77,0.0333,base,1217
1.0011,1.0264,0.4106,0.0852,51055878.61,0.0348,base,1218
0.9774,0.9973,0.3989,0.0832,48431775.92,0.033,base,1219
0.9573,0.9374,0.3749,0.0815,44585673.2,0.0304,base,1220
1.0607,0.9588,0.3835,0.0902,50528221.03,0.0344,base,1221
1.0252,1.0278,0.4111,0.0872,52354499.31,0.0357,base,1222
1.0181,0.9728,0.3891,0.0866,49205204.6,0.0335,base,1223
1.0803,0.9652,0.3861,0.0919,51806178.37,0.0353,base,1224
1.0486,1.0365,0.4146,0.0892,54003257.48,0.0368,base,1225
0.9371,1.0213,0.4085,0.0797,47553605.41,0.0324,base,1226
0.9604,1.0169,0.4068,0.0817,48524111.15,0.0331,base,1227
0.9062,1.0556,0.4223,0.0771,47529474.71,0.0324,base,1228
1.0402,1.0055,0.4022,0.0885,51964436.09,0.0354,base,1229
0.989,1.048,0.4192,0.0842,51498321.65,0.0351,base,1230
1.0317,1.0166,0.4066,0.0878,52110684.2,0.0355,base,1231
0.9884,0.9957,0.3983,0.0841,48896812.37,0.0333,base,1232
1.0033,0.9805,0.3922,0.0854,48879534.91,0.0333,base,1233
1.0198,1.0586,0.4234,0.0868,53636042.53,0.0365,base,1234
1.0365,1.0309,0.4123,0.0882,53086305.92,0.0362,base,1235
1.0347,1.0762,0.4305,0.088,55321640.39,0.0377,base,1236
0.9875,0.9525,0.381,0.084,46736435.11,0.0318,base,1237
0.8648,0.9926,0.397,0.0736,42649841.58,0.0291,base,1238
1.0269,1.0393,0.4157,0.0874,53025440.78,0.0361,base,1239
0.9405,0.9913,0.3965,0.08,46318855.56,0.0316,base,1240
1.0879,0.9601,0.384,0.0926,51893054.0,0.0354,base,1241
0.9657,0.9975,0.399,0.0822,47860520.94,0.0326,base,1242
0.9595,1.0057,0.4023,0.0816,47942728.55,0.0327,base,1243
0.9143,0.9847,0.3939,0.0778,44732756.68,0.0305,base,1244
0.9781,1.0343,0.4137,0.0832,50259710.74,0.0342,base,1245
1.0331,1.0216,0.4086,0.0879,52438850.51,0.0357,base,1246
0.9533,1.0416,0.4166,0.0811,49337298.74,0.0336,base,1247
0.9965,1.0423,0.4169,0.0848,51606527.17,0.0352,base,1248
0.9254,0.968,0.3872,0.0787,44505872.64,0.0303,base,1249
0.9705,1.0448,0.4179,0.0826,50378371.06,0.0343,base,1250
0.9501,1.0002,0.4001,0.0808,47212474.21,0.0322,base,1251
0.9793,1.0289,0.4116,0.0833,50060621.61,0.0341,base,1252
0.9955,1.0515,0.4206,0.0847,52008289.36,0.0354,base,1253
0.9558,1.0666,0.4266,0.0813,50647832.42,0.0345,base,1254
1.0042,0.9654,0.3862,0.0854,48167835.02,0.0328,base,1255
1.0404,0.9997,0.3999,0.0885,51674333.67,0.0352,base,1256
0.959,1.0426,0.417,0.0816,49678649.93,0.0338,base,1257
0.9794,0.9665,0.3866,0.0833,47031650.69,0.032,base,1258
1.0194,1.0254,0.4102,0.0867,51932831.04,0.0354,base,1259
1.0392,0.9575,0.383,0.0884,49441122.39,0.0337,base,1260
1.0833,1.009,0.4036,0.0922,54308802.01,0.037,base,1261
1.0327,0.9682,0.3873,0.0879,49676811.52,0.0338,base,1262
0.9606,0.9844,0.3937,0.0817,46983386.09,0.032,base,1263
1.003,1.0676,0.4271,0.0853,53202538.94,0.0362,base,1264
1.0135,1.0058,0.4023,0.0862,50646192.39,0.0345,base,1265
1.0725,1.0496,0.4198,0.0912,55928925.8,0.0381,base,1266
1.0488,0.989,0.3956,0.0892,51534077.86,0.0351,base,1267
0.9204,0.9331,0.3733,0.0783,42672009.72,0.0291,base,1268
0.9842,0.98,0.392,0.0837,47922491.9,0.0326,base,1269
1.0444,1.061,0.4244,0.0889,55055867.46,0.0375,base,1270
0.9801,0.995,0.398,0.0834,48451063.33,0.033,base,1271
1.0048,0.9446,0.3778,0.0855,47157364.32,0.0321,base,1272
1.0065,1.0321,0.4128,0.0856,51612231.21,0.0352,base,1273
1.1465,0.9624,0.385,0.0975,54822144.48,0.0374,base,1274
1.0532,1.0551,0.422,0.0896,55209282.95,0.0376,base,1275
0.9532,1.0003,0.4001,0.0811,47375212.47,0.0323,base,1276
1.0826,0.9877,0.3951,0.0921,53129743.38,0.0362,base,1277
0.996,1.0165,0.4066,0.0847,50303023.93,0.0343,base,1278
1.0789,1.0215,0.4086,0.0918,54756660.56,0.0373,base,1279
0.9899,1.0288,0.4115,0.0842,50602109.53,0.0345,base,1280
0.9648,0.9669,0.3868,0.0821,46352593.2,0.0316,base,1281
0.9962,1.0015,0.4006,0.0848,49568262.4,0.0338,base,1282
1.0192,1.0136,0.4055,0.0867,51329047.49,0.035,base,1283
0.9852,0.9487,0.3795,0.0838,46436206.8,0.0316,base,1284
0.9194,0.9951,0.398,0.0782,45456106.74,0.031,base,1285
1.0501,0.9778,0.3911,0.0893,51015631.02,0.0348,base,1286
0.9809,1.0252,0.4101,0.0835,49964384.0,0.034,base,1287
0.9444,1.0276,0.411,0.0803,48215203.3,0.0328,base,1288
0.9847,0.9895,0.3958,0.0838,48407605.65,0.033,base,1289
1.0411,0.9863,0.3945,0.0886,51019482.79,0.0348,base,1290
1.0592,0.9723,0.3889,0.0901,51166228.94,0.0349,base,1291
0.9657,0.9903,0.3961,0.0822,47513453.18,0.0324,base,1292
1.046,0.9755,0.3902,0.089,50695941.9,0.0345,base,1293
1.0226,1.0175,0.407,0.087,51695429.29,0.0352,base,1294
1.065,0.9873,0.3949,0.0906,52240742.45,0.0356,base,1295
1.0281,1.0321,0.4128,0.0875,52718709.95,0.0359,base,1296
1.1082,1.0046,0.4018,0.0943,55310908.82,0.0377,base,1297
1.0308,1.01,0.404,0.0877,51725151.28,0.0352,base,1298
0.8384,1.0069,0.4028,0.0713,41942645.2,0.0286,base,1299
0.9982,0.9669,0.3868,0.0849,47955245.68,0.0327,base,1300
0.959,0.9961,0.3984,0.0816,47462475.75,0.0323,base,1301
1.0076,0.9995,0.3998,0.0857,50040855.83,0.0341,base,1302
0.9768,1.0028,0.4011,0.0831,48668180.22,0.0332,base,1303
1.0489,0.9975,0.399,0.0892,51984899.45,0.0354,base,1304
1.0678,1.0499,0.4199,0.0909,55698464.61,0.0379,base,1305
1.0578,0.9886,0.3954,0.09,51954680.02,0.0354,base,1306
0.9943,0.921,0.3684,0.0846,45498904.93,0.031,base,1307
0.9895,0.9887,0.3955,0.0842,48608762.02,0.0331,base,1308
0.955,0.9275,0.371,0.0813,44008486.83,0.03,base,1309
1.04,1.0313,0.4125,0.0885,53290171.66,0.0363,base,1310
0.9864,1.0247,0.4099,0.0839,50222458.3,0.0342,base,1311
0.9792,0.9364,0.3745,0.0833,45557983.81,0.031,base,1312
0.9929,0.9838,0.3935,0.0845,48531930.86,0.0331,base,1313
0.9824,0.9942,0.3977,0.0836,48527963.4,0.0331,base,1314
0.9393,0.9477,0.3791,0.0799,44229336.63,0.0301,base,1315
1.0493,1.0014,0.4006,0.0893,52207097.12,0.0356,base,1316
1.0179,0.9628,0.3851,0.0866,48694466.35,0.0332,base,1317
0.8606,0.9513,0.3805,0.0732,40677939.35,0.0277,base,1318
1.0603,1.0138,0.4055,0.0902,53410238.61,0.0364,base,1319
0.8911,0.9751,0.39,0.0758,43170276.05,0.0294,base,1320
0.9329,0.9994,0.3998,0.0794,46322529.27,0.0316,base,1321
1.0895,0.9802,0.3921,0.0927,53059890.75,0.0361,base,1322
1.0197,0.9945,0.3978,0.0868,50387785.3,0.0343,base,1323
0.975,0.9682,0.3873,0.083,46903811.7,0.032,base,1324
0.9657,1.0177,0.4071,0.0822,48831480.13,0.0333,base,1325
1.0234,1.0227,0.4091,0.0871,52004613.62,0.0354,base,1326
0.9613,0.9798,0.3919,0.0818,46800735.48,0.0319,base,1327
1.0084,0.9955,0.3982,0.0858,49877799.02,0.034,base,1328
0.9554,0.985,0.394,0.0813,46760437.96,0.0319,base,1329
1.0837,0.9958,0.3983,0.0922,53618513.88,0.0365,base,1330
1.0301,1.0299,0.412,0.0876,52711465.25,0.0359,base,1331
0.9955,1.0565,0.4226,0.0847,52258205.31,0.0356,base,1332
1.0184,1.027,0.4108,0.0866,51965427.56,0.0354,base,1333
0.9831,1.0246,0.4098,0.0836,50043929.52,0.0341,base,1334
1.0025,1.022,0.4088,0.0853,50903907.18,0.0347,base,1335
0.9737,0.9847,0.3939,0.0828,47635009.77,0.0325,base,1336
0.9997,1.0254,0.4101,0.0851,50931160.68,0.0347,base,1337
0.9373,1.005,0.402,0.0797,46803392.01,0.0319,base,1338
1.0009,1.0364,0.4146,0.0852,51538440.82,0.0351,base,1339
0.8887,0.9571,0.3829,0.0756,42264359.33,0.0288,base,1340
1.0449,1.0137,0.4055,0.0889,52628007.24,0.0359,base,1341
1.0322,1.0043,0.4017,0.0878,51508141.63,0.0351,base,1342
1.0224,1.0173,0.4069,0.087,51678500.06,0.0352,base,1343
1.0516,0.9643,0.3857,0.0895,50385111.8,0.0343,base,1344
0.9642,1.0371,0.4149,0.082,49686473.15,0.0339,base,1345
1.0612,0.9741,0.3897,0.0903,51363485.05,0.035,base,1346
1.0928,1.0201,0.4081,0.093,55390757.5,0.0377,base,1347
1.0516,0.9964,0.3986,0.0895,52061743.55,0.0355,base,1348
0.9619,1.0037,0.4015,0.0818,47971884.86,0.0327,base,1349
1.0014,0.9688,0.3875,0.0852,48202999.96,0.0328,base,1350
1.0093,1.0037,0.4015,0.0859,50329425.02,0.0343,base,1351
0.9201,0.9774,0.391,0.0783,44682653.44,0.0304,base,1352
0.9968,0.978,0.3912,0.0848,48433816.72,0.033,base,1353
1.0373,1.0379,0.4151,0.0883,53487009.28,0.0364,base,1354
0.9497,1.0084,0.4033,0.0808,47582921.6,0.0324,base,1355
1.0232,1.0281,0.4112,0.0871,52265910.85,0.0356,base,1356
0.9245,0.9709,0.3884,0.0787,44598733.96,0.0304,base,1357
1.0208,1.036,0.4144,0.0869,52541361.09,0.0358,base,1358
1.0177,0.9752,0.3901,0.0866,49310749.48,0.0336,base,1359
1.0259,0.9789,0.3916,0.0873,49899392.04,0.034,base,1360
0.9282,1.0053,0.4021,0.079,46360442.6,0.0316,base,1361
1.0484,1.0317,0.4127,0.0892,53742536.71,0.0366,base,1362
1.0129,0.9789,0.3916,0.0862,49265903.05,0.0336,base,1363
0.9423,1.0212,0.4085,0.0802,47810632.25,0.0326,base,1364
0.9522,1.0091,0.4037,0.081,47741442.08,0.0325,base,1365
1.0202,0.9803,0.3921,0.0868,49688475.21,0.0339,base,1366
0.992,0.9988,0.3995,0.0844,49230740.3,0.0335,base,1367
1.0375,0.9812,0.3925,0.0883,50579381.48,0.0345,base,1368
0.9955,1.0074,0.403,0.0847,49830130.91,0.0339,base,1369
0.9409,0.9864,0.3946,0.0801,46115881.52,0.0314,base,1370
0.9761,1.0059,0.4024,0.083,48782286.72,0.0332,base,1371
0.9447,0.9993,0.3997,0.0804,46903634.86,0.032,base,1372
1.0169,1.043,0.4172,0.0865,52698157.03,0.0359,base,1373
1.0041,1.0475,0.419,0.0854,52260582.36,0.0356,base,1374
1.0243,1.022,0.4088,0.0872,52011735.11,0.0354,base,1375
0.9666,0.9837,0.3935,0.0822,47245793.88,0.0322,base,1376
1.0258,0.9827,0.3931,0.0873,50086544.89,0.0341,base,1377
1.0823,1.0065,0.4026,0.0921,54122323.57,0.0369,base,1378
1.1347,0.9844,0.3938,0.0965,55498691.27,0.0378,base,1379
1.0336,1.0171,0.4068,0.0879,52230576.8,0.0356,base,1380
1.0112,1.0135,0.4054,0.086,50920783.8,0.0347,base,1381
0.8977,1.0038,0.4015,0.0764,44770995.77,0.0305,base,1382
1.0552,0.9994,0.3998,0.0898,52398422.54,0.0357,base,1383
0.937,0.9895,0.3958,0.0797,46066766.97,0.0314,base,1384
1.0039,1.0276,0.411,0.0854,51256656.35,0.0349,base,1385
0.9689,1.0344,0.4138,0.0824,49798628.43,0.0339,base,1386
0.9644,1.0296,0.4118,0.0821,49334861.17,0.0336,base,1387
1.0138,1.0696,0.4279,0.0863,53875482.69,0.0367,base,1388
1.0341,1.0374,0.415,0.088,53298729.96,0.0363,base,1389
0.9849,0.9423,0.3769,0.0838,46113027.92,0.0314,base,1390
1.0023,1.0027,0.4011,0.0853,49935917.48,0.034,base,1391
0.9652,0.9992,0.3997,0.0821,47915050.47,0.0326,base,1392
0.9071,0.9915,0.3966,0.0772,44686207.06,0.0304,base,1393
0.9684,1.0415,0.4166,0.0824,50112572.83,0.0341,base,1394
1.0009,1.0011,0.4004,0.0852,49781516.8,0.0339,base,1395
0.9989,0.9411,0.3764,0.085,46707093.93,0.0318,base,1396
0.948,1.0356,0.4142,0.0807,48780540.8,0.0332,base,1397
1.0263,0.957,0.3828,0.0873,48797313.29,0.0332,base,1398
1.0086,0.9853,0.3941,0.0858,49376164.66,0.0336,base,1399
1.0178,1.0004,0.4001,0.0866,50585344.19,0.0345,base,1400
0.9936,0.9571,0.3829,0.0845,47248921.32,0.0322,base,1401
0.9786,0.9716,0.3886,0.0833,47238473.97,0.0322,base,1402
0.981,1.0236,0.4094,0.0835,49888915.1,0.034,base,1403
1.0136,1.0132,0.4053,0.0862,51023498.98,0.0348,base,1404
1.0333,0.9623,0.3849,0.0879,49400445.49,0.0337,base,1405
0.9815,1.0269,0.4108,0.0835,50077985.83,0.0341,base,1406
1.0551,0.9313,0.3725,0.0898,48821571.48,0.0333,base,1407
0.943,1.0079,0.4032,0.0802,47219525.03,0.0322,base,1408
1.1464,0.9756,0.3902,0.0975,55565568.16,0.0379,base,1409
0.986,1.0026,0.401,0.0839,49115861.28,0.0335,base,1410
1.0373,0.9545,0.3818,0.0883,49195706.68,0.0335,base,1411
0.962,0.9817,0.3927,0.0819,46923272.31,0.032,base,1412
0.9594,0.9795,0.3918,0.0816,46690739.51,0.0318,base,1413
1.0187,1.0338,0.4135,0.0867,52323911.59,0.0356,base,1414
1.0239,1.0037,0.4015,0.0871,51063475.32,0.0348,base,1415
0.9917,0.9761,0.3904,0.0844,48091437.97,0.0328,base,1416
0.9318,0.9602,0.3841,0.0793,44456003.81,0.0303,base,1417
1.0504,1.0329,0.4131,0.0894,53905879.51,0.0367,base,1418
1.0221,1.0063,0.4025,0.087,51100070.09,0.0348,base,1419
0.9974,1.0112,0.4045,0.0849,50112704.72,0.0341,base,1420
0.9744,0.9696,0.3878,0.0829,46942610.59,0.032,base,1421
0.9258,1.0009,0.4004,0.0788,46039675.57,0.0314,base,1422
0.9471,0.9409,0.3763,0.0806,44274445.53,0.0302,base,1423
0.9744,0.972,0.3888,0.0829,47056241.52,0.0321,base,1424
1.035,1.0412,0.4165,0.0881,53540465.87,0.0365,base,1425
1.0264,1.0247,0.4099,0.0873,52254260.55,0.0356,base,1426
1.0956,0.9606,0.3842,0.0932,52289594.09,0.0356,base,1427
0.9369,1.0,0.4,0.0797,46550872.2,0.0317,base,1428
0.9801,1.007,0.4028,0.0834,49036382.69,0.0334,base,1429
1.0567,0.9989,0.3996,0.0899,52444791.08,0.0357,base,1430
0.9119,1.0842,0.4337,0.0776,49125268.26,0.0335,base,1431
0.9469,0.9613,0.3845,0.0806,45224106.71,0.0308,base,1432
1.0549,0.9489,0.3796,0.0898,49734490.25,0.0339,base,1433
0.9406,1.0005,0.4002,0.08,46758065.74,0.0319,base,1434
0.959,1.0045,0.4018,0.0816,47859637.13,0.0326,base,1435
1.0562,1.0028,0.4011,0.0899,52623022.43,0.0359,base,1436
0.9801,1.0164,0.4066,0.0834,49497859.83,0.0337,base,1437
1.0157,1.0873,0.4349,0.0864,54871504.76,0.0374,base,1438
0.9519,1.0393,0.4157,0.081,49151652.35,0.0335,base,1439
0.9866,1.0128,0.4051,0.0839,49648883.51,0.0338,base,1440
0.8986,0.9666,0.3866,0.0765,43153008.7,0.0294,base,1441
0.9367,0.9474,0.3789,0.0797,44090575.04,0.03,base,1442
0.9665,1.0453,0.4181,0.0822,50197214.96,0.0342,base,1443
0.9142,1.0406,0.4162,0.0778,47267927.92,0.0322,base,1444
0.989,0.9981,0.3992,0.0842,49045795.54,0.0334,base,1445
0.9249,1.0036,0.4014,0.0787,46119062.57,0.0314,base,1446
1.0688,0.9797,0.3919,0.0909,52023030.01,0.0354,base,1447
0.9998,0.9969,0.3988,0.0851,49522124.2,0.0337,base,1448
0.9745,0.967,0.3868,0.0829,46822827.46,0.0319,base,1449
1.0548,1.0216,0.4086,0.0897,53537808.72,0.0365,base,1450
0.9609,1.0338,0.4135,0.0818,49357224.11,0.0336,base,1451
0.9518,0.9999,0.4,0.081,47287559.65,0.0322,base,1452
0.9146,0.9388,0.3755,0.0778,42662065.18,0.0291,base,1453
0.9697,1.0505,0.4202,0.0825,50608705.0,0.0345,base,1454
1.0028,1.0315,0.4126,0.0853,51392858.35,0.035,base,1455
1.0859,1.0093,0.4037,0.0924,54451642.11,0.0371,base,1456
0.9565,1.0022,0.4009,0.0814,47627046.9,0.0324,base,1457
0.9725,1.0151,0.406,0.0827,49049673.6,0.0334,base,1458
0.9698,1.041,0.4164,0.0825,50163968.29,0.0342,base,1459
1.055,1.0067,0.4027,0.0898,52769417.88,0.036,base,1460
1.0047,1.0144,0.4058,0.0855,50638752.68,0.0345,base,1461
0.9973,1.0057,0.4023,0.0849,49833896.7,0.034,base,1462
1.0488,0.9795,0.3918,0.0892,51040038.82,0.0348,base,1463
0.9799,0.9936,0.3974,0.0834,48375333.33,0.033,base,1464
0.8873,1.0405,0.4162,0.0755,45870454.78,0.0313,base,1465
0.9844,1.0454,0.4181,0.0838,51128225.35,0.0348,base,1466
0.8982,0.9361,0.3745,0.0764,41779444.25,0.0285,base,1467
0.9818,1.002,0.4008,0.0835,48877397.39,0.0333,base,1468
1.0495,1.0248,0.4099,0.0893,53437570.83,0.0364,base,1469
1.0691,1.0026,0.401,0.091,53254603.49,0.0363,base,1470
1.129,1.026,0.4104,0.0961,57551437.09,0.0392,base,1471
0.9115,0.9755,0.3902,0.0776,44181454.2,0.0301,base,1472
0.9584,0.9966,0.3986,0.0815,47455608.54,0.0323,base,1473
0.9649,1.0079,0.4032,0.0821,48320958.82,0.0329,base,1474
1.0638,0.9534,0.3814,0.0905,50392770.38,0.0343,base,1475
0.9677,1.0547,0.4219,0.0823,50708443.56,0.0345,base,1476
1.0899,1.0574,0.423,0.0927,57263215.44,0.039,base,1477
1.0144,1.0394,0.4158,0.0863,52383922.7,0.0357,base,1478
1.0226,0.9497,0.3799,0.087,48252744.6,0.0329,base,1479
0.9667,1.0219,0.4088,0.0822,49083183.3,0.0334,base,1480
1.0054,0.9721,0.3889,0.0855,48561611.51,0.0331,base,1481
0.9484,1.0128,0.4051,0.0807,47720941.53,0.0325,base,1482
1.0122,0.9828,0.3931,0.0861,49425101.26,0.0337,base,1483
1.0787,0.9849,0.3939,0.0918,52782299.85,0.036,base,1484
0.9758,1.0008,0.4003,0.083,48519807.32,0.0331,base,1485
0.9956,0.9958,0.3983,0.0847,49256034.67,0.0336,base,1486
0.8971,1.0735,0.4294,0.0763,47850412.02,0.0326,base,1487
1.0307,1.0112,0.4045,0.0877,51787264.75,0.0353,base,1488
0.9694,0.9957,0.3983,0.0825,47961335.28,0.0327,base,1489
1.0233,0.9803,0.3921,0.0871,49840812.83,0.034,base,1490
1.0416,1.0202,0.4081,0.0886,52799589.02,0.036,base,1491
0.9841,0.9774,0.391,0.0837,47792240.84,0.0326,base,1492
1.0383,1.071,0.4284,0.0883,55253031.92,0.0376,base,1493
1.0128,1.0306,0.4122,0.0862,51859726.81,0.0353,base,1494
0.994,0.9755,0.3902,0.0846,48180292.87,0.0328,base,1495
1.0599,0.9912,0.3965,0.0902,52194318.68,0.0356,base,1496
1.1121,0.9808,0.3923,0.0946,54189891.13,0.0369,base,1497
0.9229,1.0097,0.4039,0.0785,46299917.45,0.0315,base,1498
1.0425,1.0262,0.4105,0.0887,53154400.7,0.0362,base,1499
1.0056,0.9631,0.3852,0.0856,48119009.58,0.0328,base,1500
1.0577,0.9694,0.3878,0.09,50943721.54,0.0347,base,1501
1.1152,0.9832,0.3933,0.0949,54477677.76,0.0371,base,1502
0.9904,0.9919,0.3967,0.0843,48806622.23,0.0333,base,1503
1.072,1.06,0.424,0.0912,56457537.79,0.0385,base,1504
1.0247,1.0155,0.4062,0.0872,51703117.59,0.0352,base,1505
0.952,1.0305,0.4122,0.081,48742067.73,0.0332,base,1506
0.8819,1.0349,0.414,0.075,45345113.45,0.0309,base,1507
1.0235,0.9744,0.3898,0.0871,49552527.51,0.0338,base,1508
1.042,1.0238,0.4095,0.0887,53005258.34,0.0361,base,1509
1.0971,1.0515,0.4206,0.0933,57314302.25,0.039,base,1510
1.0099,1.0145,0.4058,0.0859,50904632.81,0.0347,base,1511
0.9369,1.0253,0.4101,0.0797,47728202.65,0.0325,base,1512
0.9387,0.9829,0.3932,0.0799,45842207.89,0.0312,base,1513
0.9279,0.9834,0.3934,0.0789,45337301.53,0.0309,base,1514
1.0265,0.9744,0.3898,0.0873,49697396.39,0.0339,base,1515
1.0032,0.9624,0.3849,0.0854,47969932.37,0.0327,base,1516
1.0241,1.0281,0.4112,0.0871,52311453.85,0.0356,base,1517
1.0045,0.9987,0.3995,0.0855,49845038.34,0.034,base,1518
0.9532,1.0209,0.4083,0.0811,48347466.82,0.0329,base,1519
1.0605,0.9935,0.3974,0.0902,52345888.69,0.0357,base,1520
0.9989,0.9857,0.3943,0.085,48917973.68,0.0333,base,1521
0.9354,0.9966,0.3986,0.0796,46316460.45,0.0316,base,1522
0.92,1.035,0.414,0.0783,47311182.16,0.0322,base,1523
1.0903,1.0281,0.4112,0.0928,55689945.35,0.0379,base,1524
1.0174,0.9966,0.3986,0.0866,50376140.59,0.0343,base,1525
1.0053,0.9625,0.385,0.0855,48073787.32,0.0328,base,1526
1.0133,1.0028,0.4011,0.0862,50485921.08,0.0344,base,1527
1.0338,1.0546,0.4219,0.088,54169315.4,0.0369,base,1528
1.017,1.0513,0.4205,0.0865,53119105.84,0.0362,base,1529
1.0467,0.9816,0.3927,0.0891,51052188.68,0.0348,base,1530
1.0395,1.0057,0.4023,0.0884,51944835.91,0.0354,base,1531
1.035,1.0214,0.4086,0.0881,52525398.85,0.0358,base,1532
1.0277,1.0006,0.4002,0.0874,51090389.87,0.0348,base,1533
1.0403,0.9979,0.3992,0.0885,51576368.43,0.0351,base,1534
0.9751,1.0063,0.4025,0.083,48752964.03,0.0332,base,1535
0.9344,1.0243,0.4097,0.0795,47550848.35,0.0324,base,1536
1.0526,1.002,0.4008,0.0896,52402757.9,0.0357,base,1537
1.0803,1.0328,0.4131,0.0919,55434803.22,0.0378,base,1538
1.0222,1.0249,0.41,0.087,52054445.02,0.0355,base,1539
1.0562,0.9929,0.3971,0.0899,52101356.84,0.0355,base,1540
1.0355,1.0272,0.4109,0.0881,52850859.95,0.036,base,1541
1.0369,0.9942,0.3977,0.0882,51218944.03,0.0349,base,1542
1.0738,0.9417,0.3767,0.0914,50242570.68,0.0342,base,1543
0.9902,1.0057,0.4023,0.0842,49474643.33,0.0337,base,1544
1.0875,0.9592,0.3837,0.0925,51824740.65,0.0353,base,1545
0.9501,0.9692,0.3877,0.0808,45748741.07,0.0312,base,1546
0.9924,0.9789,0.3915,0.0844,48263182.32,0.0329,base,1547
0.9493,1.0287,0.4115,0.0808,48519815.28,0.0331,base,1548
1.0286,0.9997,0.3999,0.0875,51088329.41,0.0348,base,1549
0.9672,0.992,0.3968,0.0823,47670522.55,0.0325,base,1550
0.9944,1.0653,0.4261,0.0846,52635427.39,0.0359,base,1551
0.9471,0.9859,0.3943,0.0806,46392527.59,0.0316,base,1552
0.9761,0.9958,0.3983,0.0831,48295674.07,0.0329,base,1553
1.0387,0.9596,0.3838,0.0884,49519415.87,0.0337,base,1554
0.9492,1.0355,0.4142,0.0808,48837544.61,0.0333,base,1555
1.0149,1.0469,0.4187,0.0864,52789472.64,0.036,base,1556
0.9666,0.9553,0.3821,0.0822,45878990.1,0.0313,base,1557
0.9717,0.9799,0.392,0.0827,47305235.93,0.0322,base,1558
1.0347,0.9763,0.3905,0.088,50187850.69,0.0342,base,1559
1.0061,1.0239,0.4096,0.0856,51183190.05,0.0349,base,1560
1.0087,0.9913,0.3965,0.0858,49684832.9,0.0339,base,1561
0.9867,1.0084,0.4034,0.084,49436681.06,0.0337,base,1562
1.0364,0.9707,0.3883,0.0882,49985212.67,0.0341,base,1563
0.9327,1.0479,0.4192,0.0794,48563473.43,0.0331,base,1564
0.9259,0.9918,0.3967,0.0788,45626955.24,0.0311,base,1565
0.9573,1.0396,0.4158,0.0815,49448540.94,0.0337,base,1566
1.0141,1.0415,0.4166,0.0863,52477806.55,0.0358,base,1567
1.0671,0.9807,0.3923,0.0908,51994811.67,0.0354,base,1568
1.0124,0.9526,0.381,0.0861,47918985.47,0.0326,base,1569
0.9757,1.0243,0.4097,0.083,49654873.25,0.0338,base,1570
1.0252,1.0137,0.4055,0.0872,51635030.76,0.0352,base,1571
1.0056,0.9882,0.3953,0.0856,49373294.92,0.0336,base,1572
1.0368,1.0072,0.4029,0.0882,51887785.0,0.0354,base,1573
1.0029,1.033,0.4132,0.0853,51474636.15,0.0351,base,1574
0.9828,1.0587,0.4235,0.0836,51692201.15,0.0352,base,1575
0.9936,1.0531,0.4213,0.0845,51992617.61,0.0354,base,1576
1.0136,0.9882,0.3953,0.0862,49768560.32,0.0339,base,1577
0.9941,1.0241,0.4096,0.0846,50583253.88,0.0345,base,1578
1.0299,1.0222,0.4089,0.0876,52308790.36,0.0356,base,1579
1.0169,0.9959,0.3983,0.0865,50314331.42,0.0343,base,1580
0.974,0.9807,0.3923,0.0829,47458916.9,0.0323,base,1581
0.9909,0.9443,0.3777,0.0843,46488774.36,0.0317,base,1582
1.0146,1.0036,0.4014,0.0863,50592672.01,0.0345,base,1583
0.9967,0.9756,0.3902,0.0848,48313412.62,0.0329,base,1584
1.0013,1.0216,0.4086,0.0852,50823110.65,0.0346,base,1585
0.9493,0.9704,0.3882,0.0808,45767831.66,0.0312,base,1586
0.9856,1.0076,0.403,0.0839,49340703.08,0.0336,base,1587
0.9433,1.0218,0.4087,0.0803,47889969.16,0.0326,base,1588
0.9019,1.0509,0.4203,0.0767,47091286.68,0.0321,base,1589
0.9308,0.968,0.3872,0.0792,44770319.76,0.0305,base,1590
0.9703,0.959,0.3836,0.0826,46233674.2,0.0315,base,1591
0.9897,0.9784,0.3913,0.0842,48106537.54,0.0328,base,1592
1.0753,1.0008,0.4003,0.0915,53469213.44,0.0364,base,1593
1.0456,1.0039,0.4015,0.089,52150469.06,0.0355,base,1594
1.0597,1.0141,0.4056,0.0902,53392107.9,0.0364,base,1595
0.9316,0.9895,0.3958,0.0793,45798281.41,0.0312,base,1596
1.0215,1.014,0.4056,0.0869,51465803.25,0.0351,base,1597
0.8979,0.9722,0.3889,0.0764,43369109.08,0.0295,base,1598
0.9193,0.9536,0.3815,0.0782,43559085.43,0.0297,base,1599
1.005,1.0026,0.401,0.0855,50065585.5,0.0341,base,1600
0.8841,0.9616,0.3846,0.0752,42239548.69,0.0288,base,1601
1.0501,1.0352,0.4141,0.0893,54013966.75,0.0368,base,1602
1.0408,0.9648,0.3859,0.0886,49892634.78,0.034,base,1603
1.0071,1.0322,0.4129,0.0857,51649088.85,0.0352,base,1604
0.996,0.987,0.3948,0.0847,48841601.25,0.0333,base,1605
0.9664,1.0091,0.4036,0.0822,48453324.83,0.033,base,1606
1.0455,1.0533,0.4213,0.089,54717606.87,0.0373,base,1607
0.9943,1.0022,0.4009,0.0846,49506479.32,0.0337,base,1608
0.9231,1.0338,0.4135,0.0785,47414954.88,0.0323,base,1609
0.9667,1.0423,0.4169,0.0823,50065856.76,0.0341,base,1610
0.9614,0.9969,0.3988,0.0818,47621487.54,0.0324,base,1611
1.0322,1.0071,0.4028,0.0878,51647541.2,0.0352,base,1612
0.8814,0.9925,0.397,0.075,43465007.7,0.0296,base,1613
1.0076,1.074,0.4296,0.0857,53767070.01,0.0366,base,1614
1.0689,1.0485,0.4194,0.0909,55685460.51,0.0379,base,1615
1.0362,1.0471,0.4189,0.0882,53911489.71,0.0367,base,1616
1.0079,0.9614,0.3845,0.0858,48143404.56,0.0328,base,1617
0.9666,1.0146,0.4058,0.0822,48725147.54,0.0332,base,1618
0.9726,0.9989,0.3996,0.0828,48269424.44,0.0329,base,1619
0.9925,1.0443,0.4177,0.0844,51501644.88,0.0351,base,1620
0.8673,0.961,0.3844,0.0738,41412008.97,0.0282,base,1621
1.0081,0.9924,0.3969,0.0858,49703942.26,0.0339,base,1622
1.1039,1.0291,0.4116,0.0939,56443008.66,0.0385,base,1623
1.0124,0.9829,0.3932,0.0861,49441838.25,0.0337,base,1624
1.008,0.9963,0.3985,0.0858,49893425.82,0.034,base,1625
0.9244,0.9735,0.3894,0.0787,44715054.99,0.0305,base,1626
1.0292,1.0113,0.4045,0.0876,51712638.78,0.0352,base,1627
1.0047,1.0523,0.4209,0.0855,52527203.02,0.0358,base,1628
0.9543,0.9903,0.3961,0.0812,46953401.05,0.032,base,1629
1.0421,1.0368,0.4147,0.0887,53682752.21,0.0366,base,1630
0.965,1.0112,0.4045,0.0821,48485419.44,0.033,base,1631
0.9856,0.9716,0.3886,0.0839,47579406.28,0.0324,base,1632
1.0056,0.9796,0.3918,0.0856,48944160.28,0.0333,base,1633
1.0489,1.0131,0.4052,0.0892,52799911.1,0.036,base,1634
0.9907,1.0372,0.4149,0.0843,51056710.6,0.0348,base,1635
1.074,0.9814,0.3926,0.0914,52370950.39,0.0357,base,1636
0.9202,0.9796,0.3918,0.0783,44788232.09,0.0305,base,1637
1.007,0.9294,0.3718,0.0857,46501235.32,0.0317,base,1638
0.8944,1.0355,0.4142,0.0761,46015314.09,0.0314,base,1639
0.9998,1.0156,0.4063,0.0851,50453498.56,0.0344,base,1640
1.0028,0.9843,0.3937,0.0853,49042696.46,0.0334,base,1641
1.0163,0.9932,0.3973,0.0865,50153827.98,0.0342,base,1642
1.053,0.999,0.3996,0.0896,52268212.8,0.0356,base,1643
1.0137,0.9932,0.3973,0.0862,50019559.93,0.0341,base,1644
0.9419,0.979,0.3916,0.0801,45815241.91,0.0312,base,1645
1.0327,0.9721,0.3888,0.0879,49879845.51,0.034,base,1646
1.0006,0.9834,0.3934,0.0851,48888926.09,0.0333,base,1647
0.9815,1.0408,0.4163,0.0835,50758113.95,0.0346,base,1648
0.9359,0.9696,0.3879,0.0796,45087027.83,0.0307,base,1649
0.9523,1.0361,0.4144,0.081,49024939.52,0.0334,base,1650
1.0248,0.9524,0.3809,0.0872,48489455.99,0.033,base,1651
0.9528,0.9903,0.3961,0.0811,46881721.35,0.0319,base,1652
0.9786,0.9787,0.3915,0.0833,47589982.91,0.0324,base,1653
1.0421,0.9707,0.3883,0.0887,50255729.97,0.0342,base,1654
1.0167,0.9978,0.3991,0.0865,50398931.16,0.0343,base,1655
0.9898,0.9434,0.3774,0.0842,46394096.76,0.0316,base,1656
0.9498,1.0376,0.4151,0.0808,48966895.06,0.0334,base,1657
1.0212,0.9537,0.3815,0.0869,48388868.96,0.033,base,1658
1.0103,0.9475,0.379,0.086,47561078.01,0.0324,base,1659
1.0376,0.9774,0.391,0.0883,50388958.28,0.0343,base,1660
1.081,1.0371,0.4148,0.092,55702336.4,0.038,base,1661
1.0372,0.9652,0.3861,0.0882,49742533.37,0.0339,base,1662
1.0014,0.9694,0.3878,0.0852,48232575.49,0.0329,base,1663
0.972,0.9743,0.3897,0.0827,47055953.27,0.0321,base,1664
0.9892,1.017,0.4068,0.0842,49986233.52,0.0341,base,1665
1.0353,0.9349,0.374,0.0881,48091971.73,0.0328,base,1666
0.9471,0.9627,0.3851,0.0806,45301500.24,0.0309,base,1667
1.0483,0.9677,0.3871,0.0892,50403438.31,0.0343,base,1668
1.0273,1.0031,0.4012,0.0874,51197235.18,0.0349,base,1669
1.0398,0.9898,0.3959,0.0885,51138575.36,0.0348,base,1670
0.9731,1.0246,0.4098,0.0828,49539442.09,0.0338,base,1671
1.0546,0.9958,0.3983,0.0897,52174234.74,0.0355,base,1672
0.98,0.9847,0.3939,0.0834,47948386.9,0.0327,base,1673
0.9873,1.0283,0.4113,0.084,50445255.42,0.0344,base,1674
0.9602,1.0375,0.415,0.0817,49497007.46,0.0337,base,1675
0.9338,1.0048,0.4019,0.0795,46618021.75,0.0318,base,1676
0.9597,1.0102,0.4041,0.0817,48168615.41,0.0328,base,1677
1.1197,0.9786,0.3915,0.0953,54445451.68,0.0371,base,1678
1.0603,0.96,0.384,0.0902,50571634.83,0.0345,base,1679
1.0243,1.073,0.4292,0.0872,54606980.16,0.0372,base,1680
1.0182,0.952,0.3808,0.0866,48160027.56,0.0328,base,1681
0.9756,1.0052,0.4021,0.083,48723276.91,0.0332,base,1682
0.9473,1.0493,0.4197,0.0806,49385300.69,0.0336,base,1683
1.0392,0.9781,0.3912,0.0884,50501648.6,0.0344,base,1684
1.0381,1.0103,0.4041,0.0883,52106006.3,0.0355,base,1685
0.9163,1.0517,0.4207,0.078,47877112.3,0.0326,base,1686
1.0572,0.9409,0.3764,0.09,49423430.16,0.0337,base,1687
1.0654,0.9988,0.3995,0.0906,52869442.11,0.036,base,1688
1.0388,0.9978,0.3991,0.0884,51498715.49,0.0351,base,1689
0.9376,1.003,0.4012,0.0798,46722299.4,0.0318,base,1690
1.0752,0.9429,0.3772,0.0915,50370844.14,0.0343,base,1691
0.9946,0.9779,0.3912,0.0846,48324405.47,0.0329,base,1692
1.0277,0.9579,0.3831,0.0874,48911060.06,0.0333,base,1693
1.0218,0.9892,0.3957,0.0869,50222050.96,0.0342,base,1694
1.0297,0.9979,0.3992,0.0876,51052149.6,0.0348,base,1695
0.9471,0.997,0.3988,0.0806,46916893.36,0.032,base,1696
1.0179,1.0055,0.4022,0.0866,50852951.67,0.0346,base,1697
1.0788,0.9908,0.3963,0.0918,53110028.93,0.0362,base,1698
1.0189,1.0276,0.411,0.0867,52019762.35,0.0354,base,1699
1.0811,0.9866,0.3946,0.092,52993181.08,0.0361,base,1700
0.9836,0.9954,0.3982,0.0837,48646373.95,0.0331,base,1701
0.9548,0.9655,0.3862,0.0812,45803299.11,0.0312,base,1702
1.0467,1.018,0.4072,0.0891,52940434.15,0.0361,base,1703
1.0607,1.0443,0.4177,0.0902,55037720.92,0.0375,base,1704
0.9668,0.9953,0.3981,0.0823,47813068.37,0.0326,base,1705
0.9652,0.995,0.398,0.0821,47714715.86,0.0325,base,1706
1.0717,0.9613,0.3845,0.0912,51184945.66,0.0349,base,1707
1.0679,0.9801,0.392,0.0909,51999678.65,0.0354,base,1708
1.0301,1.064,0.4256,0.0876,54455837.41,0.0371,base,1709
1.0638,0.9615,0.3846,0.0905,50820155.99,0.0346,base,1710
1.0087,1.0405,0.4162,0.0858,52146243.41,0.0355,base,1711
0.9368,0.9613,0.3845,0.0797,44740761.68,0.0305,base,1712
1.0074,0.9614,0.3845,0.0857,48118091.34,0.0328,base,1713
0.9353,0.9968,0.3987,0.0796,46323285.74,0.0316,base,1714
1.0582,1.0096,0.4038,0.09,53080903.27,0.0362,base,1715
1.0568,1.0113,0.4045,0.0899,53102105.12,0.0362,base,1716
1.017,1.0262,0.4105,0.0865,51852502.33,0.0353,base,1717
0.9757,0.9952,0.3981,0.083,48241848.81,0.0329,base,1718
0.9908,0.9907,0.3963,0.0843,48767800.43,0.0332,base,1719
0.9498,0.9905,0.3962,0.0808,46746571.97,0.0318,base,1720
0.9825,1.0312,0.4125,0.0836,50336298.23,0.0343,base,1721
0.9642,1.0248,0.4099,0.082,49095290.21,0.0334,base,1722
0.9718,1.0542,0.4217,0.0827,50900021.92,0.0347,base,1723
0.9505,0.908,0.3632,0.0809,42880317.85,0.0292,base,1724
1.0335,1.0144,0.4058,0.0879,52089811.14,0.0355,base,1725
1.0225,1.0461,0.4184,0.087,53146670.36,0.0362,base,1726
1.0583,0.9853,0.3941,0.09,51812349.52,0.0353,base,1727
0.9569,1.0052,0.4021,0.0814,47794703.96,0.0326,base,1728
0.9667,0.9844,0.3937,0.0823,47280172.27,0.0322,base,1729
0.9754,1.0309,0.4124,0.083,49959806.74,0.034,base,1730
1.057,1.0045,0.4018,0.0899,52753165.0,0.0359,base,1731
1.0523,0.9807,0.3923,0.0895,51273024.19,0.0349,base,1732
0.9962,1.0239,0.4096,0.0848,50676720.11,0.0345,base,1733
0.9693,1.0437,0.4175,0.0825,50264708.85,0.0342,base,1734
0.994,1.0046,0.4018,0.0846,49612405.08,0.0338,base,1735
1.0433,0.9575,0.383,0.0888,49637637.99,0.0338,base,1736
1.024,0.9894,0.3957,0.0871,50336421.33,0.0343,base,1737
0.9153,0.9911,0.3965,0.0779,45075289.57,0.0307,base,1738
1.033,0.9359,0.3744,0.0879,48037570.06,0.0327,base,1739
1.0173,0.937,0.3748,0.0866,47360406.78,0.0323,base,1740
0.9644,0.9932,0.3973,0.0821,47590078.57,0.0324,base,1741
1.0785,1.0063,0.4025,0.0918,53923667.75,0.0367,base,1742
1.0081,1.0182,0.4073,0.0858,51001649.43,0.0347,base,1743
1.041,0.9998,0.3999,0.0886,51714268.37,0.0352,base,1744
1.01,1.0123,0.4049,0.0859,50799093.1,0.0346,base,1745
0.9813,1.0315,0.4126,0.0835,50294628.62,0.0343,base,1746
1.025,1.0265,0.4106,0.0872,52277995.17,0.0356,base,1747
1.0498,0.9783,0.3913,0.0893,51030498.34,0.0348,base,1748
0.9832,1.0097,0.4039,0.0837,49324575.45,0.0336,base,1749
0.9829,0.9913,0.3965,0.0836,48411789.39,0.033,base,1750
0.9874,0.9955,0.3982,0.084,48837792.46,0.0333,base,1751
1.0431,0.9371,0.3749,0.0887,48566412.82,0.0331,base,1752
1.0322,0.9678,0.3871,0.0878,49634002.11,0.0338,base,1753
1.0827,1.0114,0.4046,0.0921,54411791.64,0.0371,base,1754
1.048,1.0191,0.4077,0.0892,53066528.45,0.0362,base,1755
1.0087,0.9839,0.3936,0.0858,49310242.49,0.0336,base,1756
1.0062,1.0349,0.414,0.0856,51737335.78,0.0352,base,1757
0.9743,0.9902,0.3961,0.0829,47934518.91,0.0327,base,1758
0.9796,1.0061,0.4024,0.0834,48970452.03,0.0334,base,1759
0.9875,1.0283,0.4113,0.084,50452329.09,0.0344,base,1760
0.9434,0.9696,0.3878,0.0803,45444086.25,0.031,base,1761
1.0364,1.0293,0.4117,0.0882,53000279.26,0.0361,base,1762
1.0319,1.0553,0.4221,0.0878,54105974.89,0.0369,base,1763
1.0546,0.9796,0.3918,0.0897,51328577.15,0.035,base,1764
0.9486,0.9894,0.3958,0.0807,46631915.45,0.0318,base,1765
0.9778,1.0102,0.4041,0.0832,49079073.91,0.0334,base,1766
0.9797,0.9885,0.3954,0.0834,48118083.23,0.0328,base,1767
0.9894,1.0064,0.4026,0.0842,49474149.71,0.0337,base,1768
1.033,1.0109,0.4043,0.0879,51879784.37,0.0353,base,1769
1.0622,1.0156,0.4062,0.0904,53599134.74,0.0365,base,1770
1.0206,1.0392,0.4157,0.0868,52698706.71,0.0359,base,1771
1.1156,1.0007,0.4003,0.0949,55466667.25,0.0378,base,1772
0.9591,0.9665,0.3866,0.0816,46055581.95,0.0314,base,1773
1.051,0.9528,0.3811,0.0894,49754222.64,0.0339,base,1774
1.0161,1.0399,0.416,0.0865,52501677.7,0.0358,base,1775
0.9028,1.0098,0.4039,0.0768,45294356.18,0.0309,base,1776
1.0432,1.0143,0.4057,0.0888,52570781.6,0.0358,base,1777
1.0174,0.9433,0.3773,0.0866,47680021.28,0.0325,base,1778
1.0049,0.9589,0.3836,0.0855,47876773.74,0.0326,base,1779
0.9681,1.0061,0.4024,0.0824,48392460.27,0.033,base,1780
1.0426,1.0149,0.406,0.0887,52574181.15,0.0358,base,1781
1.0668,0.972,0.3888,0.0908,51517660.62,0.0351,base,1782
1.0393,1.0047,0.4019,0.0884,51882859.12,0.0353,base,1783
0.9794,0.9944,0.3978,0.0833,48388672.08,0.033,base,1784
1.0435,1.038,0.4152,0.0888,53816815.7,0.0367,base,1785
0.9407,1.0508,0.4203,0.08,49113252.55,0.0335,base,1786
0.965,1.0065,0.4026,0.0821,48258130.4,0.0329,base,1787
1.0223,0.9957,0.3983,0.087,50573327.26,0.0345,base,1788
0.9055,0.9925,0.397,0.077,44651974.97,0.0304,base,1789
1.0344,0.9945,0.3978,0.088,51108899.56,0.0348,base,1790
1.0366,1.0065,0.4026,0.0882,51838881.22,0.0353,base,1791
1.0345,1.03,0.412,0.088,52939607.57,0.0361,base,1792
1.1214,1.025,0.41,0.0954,57109270.24,0.0389,base,1793
1.0768,1.0004,0.4002,0.0916,53520988.91,0.0365,base,1794
1.0439,0.9714,0.3885,0.0888,50382565.12,0.0343,base,1795
1.0496,1.035,0.414,0.0893,53976942.71,0.0368,base,1796
0.9554,1.0275,0.411,0.0813,48774187.86,0.0332,base,1797
1.0295,1.0335,0.4134,0.0876,52863375.18,0.036,base,1798
1.0285,1.0014,0.4006,0.0875,51176399.53,0.0349,base,1799
0.959,1.0031,0.4012,0.0816,47797656.2,0.0326,base,1800
1.0284,0.9732,0.3893,0.0875,49727672.19,0.0339,base,1801
0.9695,0.9374,0.3749,0.0825,45150828.89,0.0308,base,1802
1.0007,1.0209,0.4084,0.0851,50759726.08,0.0346,base,1803
1.0513,0.9495,0.3798,0.0895,49595639.44,0.0338,base,1804
1.0144,0.9686,0.3874,0.0863,48817277.77,0.0333,base,1805
1.0723,0.9712,0.3885,0.0912,51743581.77,0.0353,base,1806
0.9345,1.0346,0.4139,0.0795,48039546.22,0.0327,base,1807
0.9621,0.9981,0.3992,0.0819,47707820.6,0.0325,base,1808
0.9201,1.063,0.4252,0.0783,48591264.16,0.0331,base,1809
0.9321,0.9754,0.3901,0.0793,45171960.86,0.0308,base,1810
0.9552,1.0013,0.4005,0.0813,47518946.32,0.0324,base,1811
0.9358,0.9955,0.3982,0.0796,46287386.49,0.0315,base,1812
1.0238,1.071,0.4284,0.0871,54477617.9,0.0371,base,1813
1.1006,0.9859,0.3943,0.0936,53910008.94,0.0367,base,1814
1.0202,0.9925,0.397,0.0868,50308695.74,0.0343,base,1815
0.9123,0.9736,0.3894,0.0776,44130894.01,0.0301,base,1816
0.9939,0.9886,0.3954,0.0846,48816586.98,0.0333,base,1817
0.9979,1.0311,0.4124,0.0849,51118673.82,0.0348,base,1818
1.0378,1.0119,0.4048,0.0883,52174815.57,0.0355,base,1819
0.9678,0.9978,0.3991,0.0823,47981579.88,0.0327,base,1820
1.0544,1.0183,0.4073,0.0897,53346940.27,0.0363,base,1821
0.9271,1.0154,0.4061,0.0789,46772852.94,0.0319,base,1822
0.9969,0.9894,0.3958,0.0848,49002790.82,0.0334,base,1823
1.047,1.0,0.4,0.0891,52019762.16,0.0354,base,1824
0.9753,1.0099,0.4039,0.083,48936883.96,0.0333,base,1825
0.9652,1.0051,0.402,0.0821,48200089.25,0.0328,base,1826
0.9434,1.0252,0.4101,0.0803,48051697.62,0.0327,base,1827
0.9317,1.007,0.4028,0.0793,46616374.18,0.0318,base,1828
0.9441,1.028,0.4112,0.0803,48219691.32,0.0329,base,1829
1.029,0.9815,0.3926,0.0876,50181277.44,0.0342,base,1830
1.0106,1.0245,0.4098,0.086,51438091.58,0.035,base,1831
0.956,0.9866,0.3946,0.0813,46862791.57,0.0319,base,1832
1.0296,0.9412,0.3765,0.0876,48145835.92,0.0328,base,1833
0.8915,1.0037,0.4015,0.0759,44455869.89,0.0303,base,1834
0.976,0.9458,0.3783,0.083,45862877.31,0.0312,base,1835
0.9569,1.015,0.406,0.0814,48260451.7,0.0329,base,1836
1.0109,0.959,0.3836,0.086,48169501.33,0.0328,base,1837
1.0521,1.0105,0.4042,0.0895,52824171.76,0.036,base,1838
0.9821,1.0267,0.4107,0.0836,50094731.58,0.0341,base,1839
1.0435,0.9932,0.3973,0.0888,51491752.66,0.0351,base,1840
0.9539,1.0294,0.4117,0.0812,48783640.09,0.0332,base,1841
1.0687,1.0091,0.4036,0.0909,53580721.04,0.0365,base,1842
0.9381,0.9799,0.392,0.0798,45675228.92,0.0311,base,1843
1.0997,0.9749,0.39,0.0936,53269983.98,0.0363,base,1844
0.9891,1.0031,0.4012,0.0842,49291465.43,0.0336,base,1845
0.9712,1.02,0.408,0.0826,49218185.65,0.0335,base,1846
1.0315,0.9829,0.3932,0.0878,50372401.05,0.0343,base,1847
1.0263,1.0183,0.4073,0.0873,51923117.33,0.0354,base,1848
1.0895,1.0642,0.4257,0.0927,57611153.67,0.0393,base,1849
0.9482,0.9951,0.3981,0.0807,46881971.28,0.0319,base,1850
1.0241,1.0334,0.4133,0.0871,52580627.66,0.0358,base,1851
0.9624,0.9508,0.3803,0.0819,45466784.74,0.031,base,1852
1.0518,0.9833,0.3933,0.0895,51384148.65,0.035,base,1853
0.9796,0.9921,0.3969,0.0833,48288699.94,0.0329,base,1854
0.981,1.0344,0.4138,0.0835,50420663.2,0.0344,base,1855
0.9,1.0335,0.4134,0.0766,46214293.63,0.0315,base,1856
1.0601,1.0068,0.4027,0.0902,53029500.45,0.0361,base,1857
1.0274,0.9667,0.3867,0.0874,49343750.29,0.0336,base,1858
1.0191,1.0,0.4,0.0867,50631006.99,0.0345,base,1859
0.9467,0.9929,0.3971,0.0806,46702539.43,0.0318,base,1860
0.9943,1.0146,0.4058,0.0846,50121512.11,0.0341,base,1861
0.9863,0.9722,0.3889,0.0839,47641248.63,0.0325,base,1862
0.9893,0.9707,0.3883,0.0842,47713808.63,0.0325,base,1863
1.0358,1.0143,0.4057,0.0881,52200477.74,0.0356,base,1864
1.0339,1.0519,0.4208,0.088,54037646.95,0.0368,base,1865
1.0591,1.0023,0.4009,0.0901,52743434.23,0.0359,base,1866
0.9637,1.0061,0.4025,0.082,48172819.43,0.0328,base,1867
1.2293,1.003,0.4012,0.1046,61264416.36,0.0417,base,1868
1.0244,0.9904,0.3961,0.0872,50407879.28,0.0343,base,1869
1.0529,1.0116,0.4046,0.0896,52920967.78,0.0361,base,1870
1.0564,1.0078,0.4031,0.0899,52891561.4,0.036,base,1871
0.9852,1.0675,0.427,0.0838,52253850.11,0.0356,base,1872
1.0279,1.0145,0.4058,0.0875,51810323.32,0.0353,base,1873
1.0148,0.9816,0.3926,0.0863,49492362.98,0.0337,base,1874
0.9568,1.0193,0.4077,0.0814,48456471.32,0.033,base,1875
0.9565,0.9687,0.3875,0.0814,46038003.19,0.0314,base,1876
0.9536,0.9944,0.3978,0.0811,47116389.74,0.0321,base,1877
0.8682,1.0036,0.4015,0.0739,43295472.11,0.0295,base,1878
0.9772,1.0529,0.4212,0.0831,51119737.1,0.0348,base,1879
1.025,0.9489,0.3796,0.0872,48323340.25,0.0329,base,1880
1.0995,1.0031,0.4012,0.0935,54795744.31,0.0373,base,1881
0.9464,1.0212,0.4085,0.0805,48021829.5,0.0327,base,1882
0.9498,1.0409,0.4164,0.0808,49122890.02,0.0335,base,1883
0.9106,0.9647,0.3859,0.0775,43644578.33,0.0297,base,1884
0.9802,1.0106,0.4042,0.0834,49215634.47,0.0335,base,1885
1.0455,0.9773,0.3909,0.089,50766163.41,0.0346,base,1886
0.9365,0.9668,0.3867,0.0797,44985302.5,0.0306,base,1887
1.0166,1.0248,0.4099,0.0865,51766202.89,0.0353,base,1888
0.8891,1.0047,0.4019,0.0756,44382525.44,0.0302,base,1889
1.0556,0.9989,0.3996,0.0898,52389289.15,0.0357,base,1890
0.9738,1.0151,0.406,0.0829,49114690.07,0.0335,base,1891
1.0459,1.0023,0.4009,0.089,52085787.32,0.0355,base,1892
0.944,1.0202,0.4081,0.0803,47849834.52,0.0326,base,1893
1.1212,1.0292,0.4117,0.0954,57329983.67,0.0391,base,1894
1.0369,0.9643,0.3857,0.0882,49679809.67,0.0338,base,1895
0.9686,1.0135,0.4054,0.0824,48776488.73,0.0332,base,1896
1.0172,0.9941,0.3976,0.0865,50238576.17,0.0342,base,1897
0.8893,0.9857,0.3943,0.0757,43554622.26,0.0297,base,1898
1.0287,1.0837,0.4335,0.0875,55390151.43,0.0377,base,1899
1.0164,1.0041,0.4016,0.0865,50706235.25,0.0345,base,1900
1.0682,0.9923,0.3969,0.0909,52662765.69,0.0359,base,1901
0.9936,1.0169,0.4068,0.0845,50204522.6,0.0342,base,1902
1.0301,1.0249,0.41,0.0876,52454049.58,0.0357,base,1903
1.0471,1.0133,0.4053,0.0891,52719882.37,0.0359,base,1904
0.9792,0.9957,0.3983,0.0833,48442260.4,0.033,base,1905
1.0323,0.9895,0.3958,0.0878,50752267.19,0.0346,base,1906
0.9607,1.0102,0.4041,0.0817,48220749.44,0.0329,base,1907
0.8704,1.0269,0.4107,0.0741,44407512.17,0.0303,base,1908
1.0062,0.982,0.3928,0.0856,49093215.73,0.0334,base,1909
0.9727,0.9837,0.3935,0.0828,47540519.69,0.0324,base,1910
1.0405,0.9783,0.3913,0.0885,50572031.69,0.0345,base,1911
1.0336,1.0054,0.4021,0.0879,51631564.68,0.0352,base,1912
0.9978,1.0191,0.4076,0.0849,50523922.47,0.0344,base,1913
0.9677,1.0857,0.4343,0.0823,52199332.46,0.0356,base,1914
1.0274,0.9929,0.3971,0.0874,50680743.43,0.0345,base,1915
0.9232,0.9883,0.3953,0.0786,45333823.37,0.0309,base,1916
0.9648,0.9805,0.3922,0.0821,47004310.21,0.032,base,1917
0.9823,1.0574,0.4229,0.0836,51602679.52,0.0352,base,1918
1.0382,1.0339,0.4136,0.0883,53332271.38,0.0363,base,1919
1.012,0.9673,0.3869,0.0861,48637137.42,0.0331,base,1920
0.9893,0.9742,0.3897,0.0842,47886614.34,0.0326,base,1921
1.0122,1.0108,0.4043,0.0861,50833088.2,0.0346,base,1922
1.0969,0.9676,0.387,0.0933,52730058.97,0.0359,base,1923
1.0549,0.9951,0.398,0.0898,52157998.29,0.0355,base,1924
1.0241,0.9752,0.3901,0.0871,49618563.64,0.0338,base,1925
1.101,1.0111,0.4044,0.0937,55308944.48,0.0377,base,1926
1.0438,1.0603,0.4241,0.0888,54988241.6,0.0375,base,1927
1.0093,0.9987,0.3995,0.0859,50084303.75,0.0341,base,1928
1.0263,0.9882,0.3953,0.0873,50388408.38,0.0343,base,1929
0.9459,1.0254,0.4102,0.0805,48194904.4,0.0328,base,1930
1.0211,0.9669,0.3868,0.0869,49058047.8,0.0334,base,1931
1.0404,0.977,0.3908,0.0885,50504165.27,0.0344,base,1932
0.9372,0.9937,0.3975,0.0797,46271188.4,0.0315,base,1933
1.0088,0.9913,0.3965,0.0858,49685274.23,0.0339,base,1934
0.9871,1.0293,0.4117,0.084,50477807.71,0.0344,base,1935
1.0527,1.0048,0.4019,0.0896,52554875.42,0.0358,base,1936
0.9061,0.9867,0.3947,0.0771,44418922.5,0.0303,base,1937
0.8726,0.9475,0.379,0.0742,41078414.96,0.028,base,1938
0.9879,1.0176,0.407,0.0841,49947701.54,0.034,base,1939
1.0632,1.0117,0.4047,0.0905,53438751.83,0.0364,base,1940
1.0726,1.045,0.418,0.0913,55692285.16,0.0379,base,1941
0.9543,0.9863,0.3945,0.0812,46766893.69,0.0319,base,1942
1.0103,0.9681,0.3872,0.086,48594546.66,0.0331,base,1943
1.0036,0.9804,0.3922,0.0854,48884521.01,0.0333,base,1944
0.9525,1.0,0.4,0.081,47324352.22,0.0322,base,1945
1.0689,0.9552,0.3821,0.0909,50728622.36,0.0346,base,1946
0.9705,0.9927,0.3971,0.0826,47866069.38,0.0326,base,1947
1.033,0.9973,0.3989,0.0879,51188583.55,0.0349,base,1948
0.9293,1.0218,0.4087,0.0791,47177880.71,0.0321,base,1949
1.0265,1.0215,0.4086,0.0873,52102085.01,0.0355,base,1950
1.046,1.0145,0.4058,0.089,52721348.64,0.0359,base,1951
0.8897,0.9624,0.385,0.0757,42544982.62,0.029,base,1952
0.9882,1.0066,0.4026,0.0841,49419764.66,0.0337,base,1953
1.0237,1.0192,0.4077,0.0871,51836522.49,0.0353,base,1954
0.9583,1.0083,0.4033,0.0815,48011766.47,0.0327,base,1955
0.9888,1.0151,0.406,0.0841,49867915.76,0.034,base,1956
1.0892,0.9784,0.3914,0.0927,52949199.66,0.0361,base,1957
1.037,0.986,0.3944,0.0882,50801876.98,0.0346,base,1958
0.9943,0.9804,0.3922,0.0846,48431784.25,0.033,base,1959
1.0031,1.0153,0.4061,0.0853,50602192.01,0.0345,base,1960
0.9013,1.0541,0.4216,0.0767,47199931.56,0.0322,base,1961
1.069,1.0585,0.4234,0.091,56223026.59,0.0383,base,1962
1.0346,1.0297,0.4119,0.088,52931939.22,0.0361,base,1963
0.9837,1.0183,0.4073,0.0837,49767292.76,0.0339,base,1964
0.9712,1.0494,0.4197,0.0826,50635376.06,0.0345,base,1965
0.9985,1.032,0.4128,0.085,51198873.23,0.0349,base,1966
1.0119,1.0381,0.4152,0.0861,52193525.98,0.0356,base,1967
1.0323,0.9631,0.3853,0.0878,49401030.67,0.0337,base,1968
0.9054,0.9874,0.395,0.077,44416929.48,0.0303,base,1969
0.9926,0.962,0.3848,0.0845,47439639.34,0.0323,base,1970
1.0442,1.0306,0.4122,0.0888,53468600.76,0.0364,base,1971
1.0363,1.0205,0.4082,0.0882,52543854.44,0.0358,base,1972
1.0189,0.979,0.3916,0.0867,49557440.72,0.0338,base,1973
1.0281,0.9474,0.379,0.0875,48395092.58,0.033,base,1974
1.0101,1.0261,0.4104,0.0859,51493316.92,0.0351,base,1975
0.9105,1.0592,0.4237,0.0775,47916618.76,0.0326,base,1976
0.9525,1.0329,0.4132,0.081,48882637.41,0.0333,base,1977
0.985,1.0031,0.4012,0.0838,49091260.48,0.0334,base,1978
0.9652,1.0006,0.4002,0.0821,47984517.89,0.0327,base,1979
0.9975,0.9823,0.3929,0.0849,48684502.12,0.0332,base,1980
1.054,1.0192,0.4077,0.0897,53373520.43,0.0364,base,1981
1.0165,0.9672,0.3869,0.0865,48846104.22,0.0333,base,1982
1.0299,1.0399,0.416,0.0876,53213457.84,0.0363,base,1983
1.0549,1.0349,0.4139,0.0898,54239416.2,0.037,base,1984
1.0266,1.0194,0.4078,0.0874,51997361.37,0.0354,base,1985
0.955,1.0215,0.4086,0.0813,48473430.09,0.033,base,1986
0.9856,0.9702,0.3881,0.0839,47509695.28,0.0324,base,1987
1.018,1.0101,0.404,0.0866,51092523.2,0.0348,base,1988
1.0283,0.9745,0.3898,0.0875,49785045.12,0.0339,base,1989
1.0139,1.04,0.416,0.0863,52394197.96,0.0357,base,1990
1.034,1.0114,0.4046,0.088,51961751.07,0.0354,base,1991
1.0213,0.9889,0.3955,0.0869,50175467.24,0.0342,base,1992
1.0327,0.9429,0.3772,0.0879,48377405.75,0.033,base,1993
0.9481,0.9573,0.3829,0.0807,45092490.22,0.0307,base,1994
0.8858,1.0181,0.4072,0.0754,44805431.29,0.0305,base,1995
0.9805,0.9993,0.3997,0.0834,48678899.6,0.0332,base,1996
0.9992,0.9815,0.3926,0.085,48727554.66,0.0332,base,1997
1.0312,0.9781,0.3912,0.0877,50110768.17,0.0341,base,1998
1.0139,0.9911,0.3964,0.0863,49928162.7,0.034,base,1999
0.9496,1.0112,0.4045,0.0808,47709475.43,0.0325,base,2000
1.2309,1.0323,0.4129,0.1047,63130314.9,0.043,conservative_overlay,1
1.2265,0.9799,0.392,0.1044,59712759.55,0.0407,conservative_overlay,2
1.2308,0.9451,0.378,0.1047,57795890.98,0.0394,conservative_overlay,3
1.164,1.0134,0.4054,0.099,58606889.0,0.0399,conservative_overlay,4
1.1826,1.0162,0.4065,0.1006,59709331.33,0.0407,conservative_overlay,5
1.1402,0.9858,0.3943,0.097,55849393.17,0.0381,conservative_overlay,6
1.1683,0.9911,0.3964,0.0994,57525127.75,0.0392,conservative_overlay,7
1.0664,1.0659,0.4264,0.0907,56473566.51,0.0385,conservative_overlay,8
1.1319,1.0371,0.4149,0.0963,58326784.89,0.0397,conservative_overlay,9
1.1526,0.9854,0.3942,0.0981,56431720.89,0.0384,conservative_overlay,10
1.1458,0.9923,0.3969,0.0975,56491548.45,0.0385,conservative_overlay,11
1.1219,0.9908,0.3963,0.0955,55230273.02,0.0376,conservative_overlay,12
1.1128,1.0093,0.4037,0.0947,55804324.4,0.038,conservative_overlay,13
1.1578,1.0071,0.4028,0.0985,57931967.09,0.0395,conservative_overlay,14
1.0763,1.0101,0.404,0.0916,54015981.29,0.0368,conservative_overlay,15
1.233,0.9661,0.3864,0.1049,59182437.02,0.0403,conservative_overlay,16
1.1565,1.0392,0.4157,0.0984,59711789.49,0.0407,conservative_overlay,17
1.1473,1.037,0.4148,0.0976,59110451.75,0.0403,conservative_overlay,18
1.1327,0.9312,0.3725,0.0964,52406539.47,0.0357,conservative_overlay,19
1.2579,1.0265,0.4106,0.107,64151892.67,0.0437,conservative_overlay,20
1.0787,0.9977,0.3991,0.0918,53473937.05,0.0364,conservative_overlay,21
1.15,0.9673,0.3869,0.0978,55270619.64,0.0377,conservative_overlay,22
1.0348,1.0078,0.4031,0.088,51815912.88,0.0353,conservative_overlay,23
1.1656,0.9569,0.3827,0.0992,55412563.0,0.0378,conservative_overlay,24
1.0582,1.0337,0.4135,0.09,54347380.18,0.037,conservative_overlay,25
1.1627,0.9873,0.3949,0.0989,57032374.72,0.0389,conservative_overlay,26
1.1928,0.9998,0.3999,0.1015,59250939.11,0.0404,conservative_overlay,27
1.0848,1.0009,0.4003,0.0923,53943397.63,0.0368,conservative_overlay,28
1.266,0.9771,0.3908,0.1077,61457389.16,0.0419,conservative_overlay,29
1.1917,0.9952,0.3981,0.1014,58924563.88,0.0401,conservative_overlay,30
1.1746,1.012,0.4048,0.0999,59060061.79,0.0402,conservative_overlay,31
1.1947,1.0354,0.4142,0.1016,61459823.1,0.0419,conservative_overlay,32
1.1414,1.0462,0.4185,0.0971,59329319.38,0.0404,conservative_overlay,33
1.1704,0.9646,0.3858,0.0996,56091925.98,0.0382,conservative_overlay,34
1.2965,1.0103,0.4041,0.1103,65076761.45,0.0443,conservative_overlay,35
1.1143,1.0223,0.4089,0.0948,56596647.47,0.0386,conservative_overlay,36
1.1787,1.052,0.4208,0.1003,61607795.54,0.042,conservative_overlay,37
1.23,1.0209,0.4084,0.1047,62393917.45,0.0425,conservative_overlay,38
1.1798,1.0283,0.4113,0.1004,60278230.71,0.0411,conservative_overlay,39
1.1981,1.0274,0.411,0.1019,61157526.25,0.0417,conservative_overlay,40
1.1936,0.9819,0.3928,0.1016,58231601.89,0.0397,conservative_overlay,41
1.2073,1.0376,0.415,0.1027,62238834.1,0.0424,conservative_overlay,42
1.2054,0.9832,0.3933,0.1026,58881291.35,0.0401,conservative_overlay,43
1.1535,0.9244,0.3697,0.0981,52977939.88,0.0361,conservative_overlay,44
1.0395,1.0047,0.4019,0.0884,51890095.39,0.0354,conservative_overlay,45
1.1773,0.9993,0.3997,0.1002,58449401.63,0.0398,conservative_overlay,46
1.165,1.0233,0.4093,0.0991,59231122.52,0.0404,conservative_overlay,47
1.1143,1.0224,0.409,0.0948,56602196.74,0.0386,conservative_overlay,48
1.1993,0.9823,0.3929,0.102,58530785.91,0.0399,conservative_overlay,49
1.1999,0.9863,0.3945,0.1021,58802272.33,0.0401,conservative_overlay,50
1.1591,1.0029,0.4012,0.0986,57757920.5,0.0394,conservative_overlay,51
1.1494,0.9344,0.3738,0.0978,53360210.87,0.0364,conservative_overlay,52
1.2359,0.961,0.3844,0.1052,59008618.71,0.0402,conservative_overlay,53
1.1665,0.996,0.3984,0.0992,57725981.63,0.0393,conservative_overlay,54
1.1529,0.9742,0.3897,0.0981,55804474.56,0.038,conservative_overlay,55
1.1436,1.0045,0.4018,0.0973,57075160.7,0.0389,conservative_overlay,56
1.1842,1.0354,0.4141,0.1008,60919374.64,0.0415,conservative_overlay,57
1.1619,0.986,0.3944,0.0989,56919840.54,0.0388,conservative_overlay,58
1.1754,1.0129,0.4052,0.1,59150258.38,0.0403,conservative_overlay,59
1.1932,0.9792,0.3917,0.1015,58050936.21,0.0396,conservative_overlay,60
1.1789,0.9409,0.3764,0.1003,55115826.63,0.0376,conservative_overlay,61
1.1953,0.9987,0.3995,0.1017,59310260.56,0.0404,conservative_overlay,62
1.2099,1.0086,0.4034,0.1029,60630605.49,0.0413,conservative_overlay,63
1.2018,1.0422,0.4169,0.1023,62231255.36,0.0424,conservative_overlay,64
1.0916,0.9601,0.384,0.0929,52071773.42,0.0355,conservative_overlay,65
1.1937,1.0143,0.4057,0.1016,60157922.14,0.041,conservative_overlay,66
1.1063,0.9817,0.3927,0.0941,53958459.07,0.0368,conservative_overlay,67
1.1177,1.0174,0.407,0.0951,56500139.48,0.0385,conservative_overlay,68
1.0917,0.9576,0.383,0.0929,51940602.61,0.0354,conservative_overlay,69
1.1264,0.9734,0.3893,0.0958,54472573.69,0.0371,conservative_overlay,70
1.1754,1.0116,0.4046,0.1,59073062.77,0.0402,conservative_overlay,71
1.0951,1.0181,0.4072,0.0932,55396273.68,0.0377,conservative_overlay,72
1.1855,0.992,0.3968,0.1009,58429430.13,0.0398,conservative_overlay,73
1.109,0.9572,0.3829,0.0944,52744836.17,0.0359,conservative_overlay,74
1.1638,1.0389,0.4156,0.099,60074823.12,0.0409,conservative_overlay,75
1.2033,1.0115,0.4046,0.1024,60477367.35,0.0412,conservative_overlay,76
1.2888,0.9639,0.3855,0.1097,61720631.63,0.0421,conservative_overlay,77
1.1894,0.9796,0.3918,0.1012,57889773.6,0.0394,conservative_overlay,78
1.1718,0.9806,0.3922,0.0997,57090663.05,0.0389,conservative_overlay,79
1.134,1.0212,0.4085,0.0965,57534484.68,0.0392,conservative_overlay,80
1.0839,0.9827,0.3931,0.0922,52920107.84,0.0361,conservative_overlay,81
1.096,1.0075,0.403,0.0933,54862281.38,0.0374,conservative_overlay,82
1.1733,1.0193,0.4077,0.0998,59418710.22,0.0405,conservative_overlay,83
1.071,0.9557,0.3823,0.0911,50855703.99,0.0346,conservative_overlay,84
1.1624,1.0048,0.4019,0.0989,58028607.11,0.0395,conservative_overlay,85
1.1012,1.0046,0.4018,0.0937,54966158.92,0.0374,conservative_overlay,86
1.163,0.9858,0.3943,0.099,56962181.22,0.0388,conservative_overlay,87
1.2958,0.9742,0.3897,0.1102,62719396.47,0.0427,conservative_overlay,88
1.2034,1.0012,0.4005,0.1024,59859536.28,0.0408,conservative_overlay,89
1.1546,0.9721,0.3888,0.0982,55765223.75,0.038,conservative_overlay,90
1.1294,0.9917,0.3967,0.0961,55648030.77,0.0379,conservative_overlay,91
1.1263,1.0154,0.4061,0.0958,56819184.37,0.0387,conservative_overlay,92
1.1862,1.0037,0.4015,0.1009,59154605.96,0.0403,conservative_overlay,93
1.1847,0.9927,0.3971,0.1008,58429333.09,0.0398,conservative_overlay,94
1.1118,0.9784,0.3914,0.0946,54045268.1,0.0368,conservative_overlay,95
1.1045,0.9854,0.3942,0.094,54075619.63,0.0368,conservative_overlay,96
1.1305,1.0104,0.4042,0.0962,56753841.04,0.0387,conservative_overlay,97
1.1302,1.0322,0.4129,0.0962,57962515.74,0.0395,conservative_overlay,98
1.1906,0.9961,0.3984,0.1013,58923629.5,0.0401,conservative_overlay,99
1.0892,1.0006,0.4002,0.0927,54148074.97,0.0369,conservative_overlay,100
1.1603,1.0205,0.4082,0.0987,58829332.52,0.0401,conservative_overlay,101
1.1871,1.0153,0.4061,0.101,59882183.49,0.0408,conservative_overlay,102
1.1732,1.0228,0.4091,0.0998,59616840.37,0.0406,conservative_overlay,103
1.2399,1.0037,0.4015,0.1055,61830669.54,0.0421,conservative_overlay,104
1.1325,1.0553,0.4221,0.0964,59379031.26,0.0405,conservative_overlay,105
1.1849,0.9755,0.3902,0.1008,57432789.36,0.0391,conservative_overlay,106
1.1523,0.9859,0.3943,0.098,56445369.03,0.0385,conservative_overlay,107
1.2202,0.9748,0.3899,0.1038,59096414.28,0.0403,conservative_overlay,108
1.1222,0.9697,0.3879,0.0955,54068854.87,0.0368,conservative_overlay,109
1.0711,1.0249,0.41,0.0911,54543308.04,0.0372,conservative_overlay,110
1.0365,1.0175,0.407,0.0882,52400737.65,0.0357,conservative_overlay,111
1.1297,1.0343,0.4137,0.0961,58052937.27,0.0396,conservative_overlay,112
1.1418,1.0404,0.4161,0.0971,59019694.25,0.0402,conservative_overlay,113
1.2239,1.0491,0.4197,0.1041,63796924.79,0.0435,conservative_overlay,114
1.1841,1.0198,0.4079,0.1007,60000151.07,0.0409,conservative_overlay,115
1.1889,0.9386,0.3754,0.1012,55443278.47,0.0378,conservative_overlay,116
1.2526,0.9983,0.3993,0.1066,62129632.68,0.0423,conservative_overlay,117
1.1419,1.0107,0.4043,0.0972,57343645.42,0.0391,conservative_overlay,118
1.1822,1.0023,0.4009,0.1006,58869247.24,0.0401,conservative_overlay,119
1.1111,0.9859,0.3944,0.0945,54430447.2,0.0371,conservative_overlay,120
1.2135,1.0051,0.402,0.1032,60599520.72,0.0413,conservative_overlay,121
1.1327,0.9758,0.3903,0.0964,54915099.26,0.0374,conservative_overlay,122
1.0999,0.9855,0.3942,0.0936,53857089.34,0.0367,conservative_overlay,123
1.1671,0.9996,0.3998,0.0993,57962335.65,0.0395,conservative_overlay,124
1.0767,0.9714,0.3886,0.0916,51968090.22,0.0354,conservative_overlay,125
1.0519,0.9979,0.3991,0.0895,52151829.68,0.0355,conservative_overlay,126
1.1824,1.0115,0.4046,0.1006,59420090.94,0.0405,conservative_overlay,127
1.231,0.9863,0.3945,0.1047,60321804.51,0.0411,conservative_overlay,128
1.2382,0.9653,0.3861,0.1053,59385646.69,0.0405,conservative_overlay,129
1.1612,0.9874,0.395,0.0988,56967507.72,0.0388,conservative_overlay,130
1.1544,1.0182,0.4073,0.0982,58399429.85,0.0398,conservative_overlay,131
1.1115,0.9401,0.3761,0.0946,51921319.96,0.0354,conservative_overlay,132
1.1016,0.9822,0.3929,0.0937,53760518.21,0.0366,conservative_overlay,133
1.1048,1.0488,0.4195,0.094,57568856.08,0.0392,conservative_overlay,134
1.1272,0.9756,0.3902,0.0959,54637644.83,0.0372,conservative_overlay,135
1.1842,1.0082,0.4033,0.1008,59318329.71,0.0404,conservative_overlay,136
1.1292,0.9832,0.3933,0.0961,55164375.44,0.0376,conservative_overlay,137
1.1721,1.0086,0.4034,0.0997,58735438.64,0.04,conservative_overlay,138
1.1842,1.0141,0.4056,0.1008,59668127.18,0.0407,conservative_overlay,139
1.091,1.0234,0.4094,0.0928,55471680.13,0.0378,conservative_overlay,140
1.0625,0.9506,0.3802,0.0904,50178236.29,0.0342,conservative_overlay,141
1.0606,0.9843,0.3937,0.0902,51870460.09,0.0353,conservative_overlay,142
1.245,0.9961,0.3984,0.1059,61615058.14,0.042,conservative_overlay,143
1.1489,0.9892,0.3957,0.0978,56467719.22,0.0385,conservative_overlay,144
1.2119,0.9411,0.3764,0.1031,56665357.8,0.0386,conservative_overlay,145
1.1647,1.0181,0.4073,0.0991,58915543.34,0.0401,conservative_overlay,146
1.2245,0.9999,0.3999,0.1042,60832657.48,0.0414,conservative_overlay,147
1.1352,0.9881,0.3952,0.0966,55728787.41,0.038,conservative_overlay,148
1.0638,0.9902,0.3961,0.0905,52337731.31,0.0357,conservative_overlay,149
1.1512,1.0131,0.4052,0.0979,57946848.49,0.0395,conservative_overlay,150
1.1873,0.9568,0.3827,0.101,56445466.03,0.0385,conservative_overlay,151
1.0952,1.0102,0.4041,0.0932,54970011.11,0.0375,conservative_overlay,152
1.0818,1.0555,0.4222,0.092,56730802.15,0.0387,conservative_overlay,153
1.0734,0.9936,0.3974,0.0913,52990504.53,0.0361,conservative_overlay,154
1.1062,1.0196,0.4078,0.0941,56036565.5,0.0382,conservative_overlay,155
1.1113,1.0058,0.4023,0.0946,55532388.56,0.0378,conservative_overlay,156
1.1348,0.9849,0.394,0.0965,55529270.24,0.0378,conservative_overlay,157
1.16,1.0343,0.4137,0.0987,59611856.01,0.0406,conservative_overlay,158
1.1732,0.9922,0.3969,0.0998,57835678.94,0.0394,conservative_overlay,159
1.0817,0.9755,0.3902,0.092,52425718.7,0.0357,conservative_overlay,160
1.0644,1.0301,0.412,0.0906,54476324.01,0.0371,conservative_overlay,161
1.0945,1.0159,0.4064,0.0931,55244462.41,0.0376,conservative_overlay,162
1.2096,1.0612,0.4245,0.1029,63779363.04,0.0435,conservative_overlay,163
1.2028,0.9748,0.3899,0.1023,58255761.72,0.0397,conservative_overlay,164
1.1554,0.9912,0.3965,0.0983,56899824.7,0.0388,conservative_overlay,165
1.0843,0.9383,0.3753,0.0923,50548991.92,0.0344,conservative_overlay,166
1.2047,0.9892,0.3957,0.1025,59211329.13,0.0403,conservative_overlay,167
1.1787,1.0131,0.4052,0.1003,59329694.78,0.0404,conservative_overlay,168
1.1336,0.994,0.3976,0.0965,55983206.88,0.0381,conservative_overlay,169
1.2066,1.0385,0.4154,0.1027,62258585.69,0.0424,conservative_overlay,170
1.2115,1.0059,0.4023,0.1031,60544848.83,0.0412,conservative_overlay,171
1.1782,0.9942,0.3977,0.1002,58194299.42,0.0396,conservative_overlay,172
1.0663,1.0323,0.4129,0.0907,54688764.85,0.0373,conservative_overlay,173
1.0905,0.9864,0.3946,0.0928,53447219.59,0.0364,conservative_overlay,174
1.0901,1.0091,0.4036,0.0928,54654684.54,0.0372,conservative_overlay,175
1.2349,1.0409,0.4163,0.1051,63865499.79,0.0435,conservative_overlay,176
1.1314,1.0384,0.4154,0.0963,58375552.14,0.0398,conservative_overlay,177
1.0697,0.9936,0.3974,0.091,52808448.3,0.036,conservative_overlay,178
1.1008,0.987,0.3948,0.0937,53981265.14,0.0368,conservative_overlay,179
1.1743,0.9507,0.3803,0.0999,55468796.33,0.0378,conservative_overlay,180
1.2182,1.0327,0.4131,0.1037,62507598.66,0.0426,conservative_overlay,181
1.1866,1.0014,0.4005,0.101,59038198.16,0.0402,conservative_overlay,182
1.1937,1.0346,0.4138,0.1016,61356361.35,0.0418,conservative_overlay,183
1.1373,0.9488,0.3795,0.0968,53612033.9,0.0365,conservative_overlay,184
1.1251,0.9989,0.3996,0.0957,55840048.63,0.038,conservative_overlay,185
1.0532,1.0154,0.4062,0.0896,53132977.86,0.0362,conservative_overlay,186
1.13,0.9882,0.3953,0.0961,55485222.73,0.0378,conservative_overlay,187
1.2107,0.9798,0.3919,0.103,58938975.53,0.0402,conservative_overlay,188
1.1016,1.0122,0.4049,0.0937,55400498.46,0.0377,conservative_overlay,189
1.1056,1.0272,0.4109,0.0941,56426460.9,0.0384,conservative_overlay,190
1.1149,0.9891,0.3956,0.0949,54793307.34,0.0373,conservative_overlay,191
1.1884,0.9858,0.3943,0.1011,58204060.47,0.0397,conservative_overlay,192
1.1038,1.0283,0.4113,0.0939,56396611.92,0.0384,conservative_overlay,193
1.0662,0.9714,0.3886,0.0907,51458898.87,0.0351,conservative_overlay,194
1.1841,0.996,0.3984,0.1007,58597555.47,0.0399,conservative_overlay,195
1.1922,0.9775,0.391,0.1014,57903055.88,0.0394,conservative_overlay,196
1.1694,0.9885,0.3954,0.0995,57434501.63,0.0391,conservative_overlay,197
1.2237,1.0335,0.4134,0.1041,62838198.61,0.0428,conservative_overlay,198
1.2216,1.0273,0.4109,0.1039,62356502.77,0.0425,conservative_overlay,199
1.1665,1.0071,0.4028,0.0993,58368960.24,0.0398,conservative_overlay,200
1.1327,1.0112,0.4045,0.0964,56910602.44,0.0388,conservative_overlay,201
1.1149,0.9965,0.3986,0.0949,55201387.85,0.0376,conservative_overlay,202
1.0631,1.0154,0.4062,0.0904,53633737.27,0.0365,conservative_overlay,203
1.1549,0.9947,0.3979,0.0983,57076964.42,0.0389,conservative_overlay,204
1.1313,1.0032,0.4013,0.0963,56390386.67,0.0384,conservative_overlay,205
1.1092,0.9776,0.391,0.0944,53876941.08,0.0367,conservative_overlay,206
1.2181,0.9294,0.3718,0.1036,56249999.21,0.0383,conservative_overlay,207
1.1843,0.9695,0.3878,0.1008,57048094.37,0.0389,conservative_overlay,208
1.1674,0.9627,0.3851,0.0993,55839165.9,0.038,conservative_overlay,209
1.1265,1.0513,0.4205,0.0958,58842479.59,0.0401,conservative_overlay,210
1.0975,0.9776,0.3911,0.0934,53310186.17,0.0363,conservative_overlay,211
1.1647,0.9932,0.3973,0.0991,57474917.42,0.0392,conservative_overlay,212
1.1137,0.9362,0.3745,0.0948,51803940.06,0.0353,conservative_overlay,213
1.1126,0.9768,0.3907,0.0947,53999094.07,0.0368,conservative_overlay,214
1.1753,1.0056,0.4023,0.1,58723524.53,0.04,conservative_overlay,215
1.0593,1.0031,0.4012,0.0901,52792653.5,0.036,conservative_overlay,216
1.1921,1.0262,0.4105,0.1014,60779539.94,0.0414,conservative_overlay,217
1.1617,1.0539,0.4216,0.0988,60831296.66,0.0414,conservative_overlay,218
1.0715,0.9481,0.3793,0.0912,50475973.96,0.0344,conservative_overlay,219
1.2345,0.9958,0.3983,0.105,61081327.59,0.0416,conservative_overlay,220
1.172,0.9869,0.3947,0.0997,57466389.16,0.0392,conservative_overlay,221
1.1411,1.0714,0.4286,0.0971,60744793.2,0.0414,conservative_overlay,222
1.235,1.0409,0.4164,0.1051,63873036.58,0.0435,conservative_overlay,223
1.1409,1.0019,0.4008,0.0971,56796182.89,0.0387,conservative_overlay,224
1.0432,0.9581,0.3832,0.0888,49659785.56,0.0338,conservative_overlay,225
1.1469,1.0043,0.4017,0.0976,57227608.77,0.039,conservative_overlay,226
1.1404,1.0131,0.4052,0.097,57405981.15,0.0391,conservative_overlay,227
1.223,1.0115,0.4046,0.1041,61461562.78,0.0419,conservative_overlay,228
1.1036,1.0124,0.4049,0.0939,55512425.89,0.0378,conservative_overlay,229
1.148,1.0273,0.4109,0.0977,58596212.89,0.0399,conservative_overlay,230
1.1663,0.9788,0.3915,0.0992,56723494.94,0.0386,conservative_overlay,231
1.1609,1.053,0.4212,0.0988,60732363.23,0.0414,conservative_overlay,232
1.2722,1.047,0.4188,0.1082,66181057.24,0.0451,conservative_overlay,233
1.1251,1.0058,0.4023,0.0957,56226110.18,0.0383,conservative_overlay,234
1.1732,0.9771,0.3908,0.0998,56952298.4,0.0388,conservative_overlay,235
1.1598,0.9755,0.3902,0.0987,56209180.36,0.0383,conservative_overlay,236
1.0415,0.9996,0.3998,0.0886,51726156.71,0.0352,conservative_overlay,237
1.1285,1.0631,0.4253,0.096,59608872.42,0.0406,conservative_overlay,238
1.1941,0.9839,0.3936,0.1016,58377322.36,0.0398,conservative_overlay,239
1.1141,0.9795,0.3918,0.0948,54223037.66,0.0369,conservative_overlay,240
1.2822,1.0376,0.415,0.1091,66100832.23,0.045,conservative_overlay,241
1.137,0.9606,0.3842,0.0967,54268435.59,0.037,conservative_overlay,242
1.2174,0.9859,0.3944,0.1036,59638111.86,0.0406,conservative_overlay,243
1.081,1.0154,0.4062,0.092,54533409.27,0.0372,conservative_overlay,244
1.1598,1.0105,0.4042,0.0987,58230604.21,0.0397,conservative_overlay,245
1.1635,0.9974,0.399,0.099,57654943.96,0.0393,conservative_overlay,246
1.1599,0.9844,0.3938,0.0987,56729441.05,0.0386,conservative_overlay,247
1.2092,0.9617,0.3847,0.1029,57776959.57,0.0394,conservative_overlay,248
1.2012,1.0026,0.4011,0.1022,59840348.13,0.0408,conservative_overlay,249
1.0844,1.0284,0.4114,0.0923,55410616.26,0.0378,conservative_overlay,250
1.1523,1.0314,0.4126,0.098,59049708.48,0.0402,conservative_overlay,251
1.2732,0.9946,0.3978,0.1083,62914908.37,0.0429,conservative_overlay,252
1.1277,0.9626,0.385,0.096,53936136.01,0.0367,conservative_overlay,253
1.0765,0.9714,0.3886,0.0916,51958838.88,0.0354,conservative_overlay,254
1.1988,1.0342,0.4137,0.102,61599121.57,0.042,conservative_overlay,255
1.0997,1.0382,0.4153,0.0936,56728380.81,0.0386,conservative_overlay,256
1.2072,0.9815,0.3926,0.1027,58867751.06,0.0401,conservative_overlay,257
1.1143,0.9938,0.3975,0.0948,55017987.98,0.0375,conservative_overlay,258
1.0999,0.9579,0.3832,0.0936,52347129.36,0.0357,conservative_overlay,259
1.1586,0.9877,0.3951,0.0986,56856246.02,0.0387,conservative_overlay,260
1.036,0.966,0.3864,0.0881,49724906.07,0.0339,conservative_overlay,261
1.1293,1.0701,0.428,0.0961,60039190.51,0.0409,conservative_overlay,262
1.1827,1.005,0.402,0.1006,59053800.98,0.0402,conservative_overlay,263
1.1387,1.0159,0.4064,0.0969,57474090.99,0.0392,conservative_overlay,264
1.1292,0.9731,0.3892,0.0961,54591377.93,0.0372,conservative_overlay,265
1.2634,0.9519,0.3808,0.1075,59753033.64,0.0407,conservative_overlay,266
1.1476,1.0722,0.4289,0.0976,61137780.72,0.0417,conservative_overlay,267
1.2048,1.0494,0.4198,0.1025,62819512.64,0.0428,conservative_overlay,268
1.0442,1.0537,0.4215,0.0888,54670857.53,0.0372,conservative_overlay,269
1.1959,0.9562,0.3825,0.1017,56811385.7,0.0387,conservative_overlay,270
1.2757,1.0562,0.4225,0.1085,66946632.41,0.0456,conservative_overlay,271
1.1099,0.9968,0.3987,0.0944,54970373.24,0.0375,conservative_overlay,272
1.1712,0.9563,0.3825,0.0996,55643355.85,0.0379,conservative_overlay,273
1.1285,1.0296,0.4118,0.096,57728445.65,0.0393,conservative_overlay,274
1.15,0.9971,0.3988,0.0978,56973283.99,0.0388,conservative_overlay,275
1.1584,1.0088,0.4035,0.0986,58064168.72,0.0396,conservative_overlay,276
1.1688,0.97,0.388,0.0994,56329950.7,0.0384,conservative_overlay,277
1.2667,1.0198,0.4079,0.1078,64183110.85,0.0437,conservative_overlay,278
1.1695,0.9828,0.3931,0.0995,57106974.09,0.0389,conservative_overlay,279
1.1016,1.022,0.4088,0.0937,55934927.94,0.0381,conservative_overlay,280
1.0904,0.9643,0.3857,0.0928,52243190.34,0.0356,conservative_overlay,281
1.1272,1.0433,0.4173,0.0959,58426407.48,0.0398,conservative_overlay,282
1.1412,1.0225,0.409,0.0971,57976672.9,0.0395,conservative_overlay,283
1.1059,0.9828,0.3931,0.0941,53999431.26,0.0368,conservative_overlay,284
1.1058,1.0041,0.4016,0.0941,55164057.47,0.0376,conservative_overlay,285
1.0766,0.9894,0.3957,0.0916,52923552.41,0.0361,conservative_overlay,286
1.081,1.0221,0.4088,0.092,54894762.33,0.0374,conservative_overlay,287
1.1867,1.0141,0.4056,0.101,59793772.15,0.0407,conservative_overlay,288
1.0978,0.9654,0.3862,0.0934,52658063.01,0.0359,conservative_overlay,289
1.0875,1.0211,0.4084,0.0925,55174170.25,0.0376,conservative_overlay,290
1.1328,1.0048,0.4019,0.0964,56548533.8,0.0385,conservative_overlay,291
1.1968,1.0619,0.4248,0.1018,63143310.11,0.043,conservative_overlay,292
1.1563,0.9982,0.3993,0.0984,57347032.17,0.0391,conservative_overlay,293
1.1177,1.0336,0.4134,0.0951,57397942.81,0.0391,conservative_overlay,294
1.1097,1.0576,0.4231,0.0944,58313965.8,0.0397,conservative_overlay,295
1.1346,0.99,0.396,0.0965,55809820.49,0.038,conservative_overlay,296
1.1655,1.0227,0.4091,0.0992,59224543.99,0.0403,conservative_overlay,297
1.1471,1.0097,0.4039,0.0976,57544815.97,0.0392,conservative_overlay,298
1.0832,1.0167,0.4067,0.0922,54718254.34,0.0373,conservative_overlay,299
1.1148,0.9956,0.3983,0.0949,55149619.88,0.0376,conservative_overlay,300
1.1319,1.0127,0.4051,0.0963,56950159.42,0.0388,conservative_overlay,301
1.1718,0.9869,0.3948,0.0997,57458310.4,0.0391,conservative_overlay,302
1.2097,0.9577,0.3831,0.1029,57560998.41,0.0392,conservative_overlay,303
0.9798,1.0069,0.4027,0.0834,49014043.87,0.0334,conservative_overlay,304
1.2565,0.9362,0.3745,0.1069,58451171.95,0.0398,conservative_overlay,305
1.1227,0.9961,0.3985,0.0955,55567106.75,0.0379,conservative_overlay,306
1.1353,0.9979,0.3991,0.0966,56287409.23,0.0383,conservative_overlay,307
1.1479,1.0012,0.4005,0.0977,57099719.33,0.0389,conservative_overlay,308
1.1324,1.0153,0.4061,0.0964,57125927.97,0.0389,conservative_overlay,309
1.1114,0.9715,0.3886,0.0946,53645334.23,0.0365,conservative_overlay,310
1.0808,0.9693,0.3877,0.092,52047391.59,0.0355,conservative_overlay,311
1.044,0.9951,0.398,0.0888,51612749.77,0.0352,conservative_overlay,312
1.1444,1.0176,0.4071,0.0974,57862016.49,0.0394,conservative_overlay,313
1.1064,1.017,0.4068,0.0941,55907690.05,0.0381,conservative_overlay,314
1.1387,1.0393,0.4157,0.0969,58803155.29,0.0401,conservative_overlay,315
1.1625,1.0071,0.4028,0.0989,58167393.54,0.0396,conservative_overlay,316
1.1151,1.0251,0.41,0.0949,56791970.25,0.0387,conservative_overlay,317
1.1271,1.0424,0.417,0.0959,58377966.65,0.0398,conservative_overlay,318
1.1884,0.9734,0.3894,0.1011,57475567.61,0.0392,conservative_overlay,319
1.1485,1.0113,0.4045,0.0977,57709654.49,0.0393,conservative_overlay,320
1.2253,1.0122,0.4049,0.1043,61620709.6,0.042,conservative_overlay,321
1.1569,1.0376,0.415,0.0984,59639061.17,0.0406,conservative_overlay,322
1.1079,0.9676,0.387,0.0943,53263267.63,0.0363,conservative_overlay,323
1.0921,1.0093,0.4037,0.0929,54768203.71,0.0373,conservative_overlay,324
1.0816,1.0565,0.4226,0.092,56777558.44,0.0387,conservative_overlay,325
1.1584,1.0234,0.4094,0.0986,58902330.49,0.0401,conservative_overlay,326
1.1675,0.9772,0.3909,0.0993,56686527.74,0.0386,conservative_overlay,327
1.1156,0.9758,0.3903,0.0949,54087784.51,0.0369,conservative_overlay,328
1.1876,0.9956,0.3982,0.101,58741411.16,0.04,conservative_overlay,329
1.0084,1.0067,0.4027,0.0858,50434711.97,0.0344,conservative_overlay,330
1.2078,1.0203,0.4081,0.1028,61227353.57,0.0417,conservative_overlay,331
1.1571,1.0487,0.4195,0.0984,60286616.46,0.0411,conservative_overlay,332
1.1572,1.0258,0.4103,0.0985,58979398.06,0.0402,conservative_overlay,333
1.1565,1.0129,0.4051,0.0984,58201433.37,0.0397,conservative_overlay,334
1.1592,0.9543,0.3817,0.0986,54960833.81,0.0374,conservative_overlay,335
1.1558,1.0114,0.4046,0.0983,58082868.9,0.0396,conservative_overlay,336
1.1557,1.026,0.4104,0.0983,58913576.72,0.0401,conservative_overlay,337
1.1951,0.9578,0.3831,0.1017,56871147.77,0.0387,conservative_overlay,338
1.1844,1.0672,0.4269,0.1008,62797631.82,0.0428,conservative_overlay,339
1.1665,1.0107,0.4043,0.0993,58577349.15,0.0399,conservative_overlay,340
1.0828,1.0133,0.4053,0.0921,54516184.07,0.0371,conservative_overlay,341
1.1975,1.1065,0.4426,0.1019,65836415.83,0.0449,conservative_overlay,342
1.2228,1.0382,0.4153,0.104,63074196.05,0.043,conservative_overlay,343
1.1456,0.9912,0.3965,0.0975,56419328.39,0.0384,conservative_overlay,344
1.1677,0.9814,0.3926,0.0993,56935724.35,0.0388,conservative_overlay,345
1.181,1.0397,0.4159,0.1005,61008448.5,0.0416,conservative_overlay,346
1.1346,1.0503,0.4201,0.0965,59205162.16,0.0403,conservative_overlay,347
1.1489,1.0189,0.4076,0.0978,58162612.36,0.0396,conservative_overlay,348
1.1261,0.9766,0.3906,0.0958,54639206.73,0.0372,conservative_overlay,349
1.1807,0.9853,0.3941,0.1005,57803397.32,0.0394,conservative_overlay,350
1.1808,1.015,0.406,0.1005,59550410.05,0.0406,conservative_overlay,351
1.0948,0.9982,0.3993,0.0931,54298495.17,0.037,conservative_overlay,352
1.1907,1.0472,0.4189,0.1013,61957168.61,0.0422,conservative_overlay,353
1.1883,1.0038,0.4015,0.1011,59268807.13,0.0404,conservative_overlay,354
1.1211,0.9645,0.3858,0.0954,53726870.6,0.0366,conservative_overlay,355
1.1696,1.0164,0.4066,0.0995,59063649.49,0.0402,conservative_overlay,356
1.179,1.0163,0.4065,0.1003,59533396.91,0.0406,conservative_overlay,357
1.2111,0.9978,0.3991,0.103,60039490.59,0.0409,conservative_overlay,358
1.1682,1.0392,0.4157,0.0994,60318224.96,0.0411,conservative_overlay,359
1.1092,1.0057,0.4023,0.0944,55424274.61,0.0378,conservative_overlay,360
1.1646,0.9602,0.3841,0.0991,55558110.99,0.0379,conservative_overlay,361
1.0642,0.957,0.3828,0.0905,50604458.55,0.0345,conservative_overlay,362
1.1838,0.9945,0.3978,0.1007,58494121.81,0.0399,conservative_overlay,363
1.0945,0.9684,0.3873,0.0931,52660293.28,0.0359,conservative_overlay,364
1.1358,1.0403,0.4161,0.0966,58707503.07,0.04,conservative_overlay,365
1.2447,1.0092,0.4037,0.1059,62411562.29,0.0425,conservative_overlay,366
1.1347,1.011,0.4044,0.0965,56995921.95,0.0388,conservative_overlay,367
1.128,0.9806,0.3922,0.096,54955511.42,0.0374,conservative_overlay,368
1.0836,0.9662,0.3865,0.0922,52019048.29,0.0354,conservative_overlay,369
1.1593,0.9887,0.3955,0.0986,56948012.22,0.0388,conservative_overlay,370
1.1474,1.0364,0.4146,0.0976,59084909.62,0.0403,conservative_overlay,371
1.096,1.0189,0.4076,0.0932,55482223.38,0.0378,conservative_overlay,372
1.1119,0.9625,0.385,0.0946,53170094.5,0.0362,conservative_overlay,373
1.2393,0.9748,0.3899,0.1054,60023475.08,0.0409,conservative_overlay,374
1.1314,0.9964,0.3986,0.0963,56011091.67,0.0382,conservative_overlay,375
1.1963,0.9972,0.3989,0.1018,59269617.28,0.0404,conservative_overlay,376
1.2053,0.9573,0.3829,0.1026,57329686.25,0.0391,conservative_overlay,377
1.1584,0.9724,0.3889,0.0986,55965960.51,0.0381,conservative_overlay,378
1.1576,1.001,0.4004,0.0985,57569810.84,0.0392,conservative_overlay,379
1.1029,1.0178,0.4071,0.0938,55770939.38,0.038,conservative_overlay,380
1.1475,1.0268,0.4107,0.0976,58541942.45,0.0399,conservative_overlay,381
1.1421,0.9837,0.3935,0.0972,55818521.83,0.038,conservative_overlay,382
1.096,0.9633,0.3853,0.0933,52457482.04,0.0357,conservative_overlay,383
1.0432,1.0041,0.4016,0.0888,52042963.3,0.0355,conservative_overlay,384
1.1483,0.9725,0.389,0.0977,55482036.8,0.0378,conservative_overlay,385
1.167,0.9995,0.3998,0.0993,57950836.69,0.0395,conservative_overlay,386
1.0982,1.0178,0.4071,0.0934,55533102.66,0.0378,conservative_overlay,387
1.1785,1.0177,0.4071,0.1003,59586412.85,0.0406,conservative_overlay,388
1.1716,1.0402,0.4161,0.0997,60548413.41,0.0413,conservative_overlay,389
1.157,1.0445,0.4178,0.0984,60041999.68,0.0409,conservative_overlay,390
1.2251,1.0308,0.4123,0.1042,62740926.1,0.0427,conservative_overlay,391
1.1798,0.9569,0.3828,0.1004,56092327.66,0.0382,conservative_overlay,392
1.188,0.999,0.3996,0.1011,58965576.3,0.0402,conservative_overlay,393
1.2481,1.0197,0.4079,0.1062,63231573.03,0.0431,conservative_overlay,394
1.1447,0.9487,0.3795,0.0974,53954546.41,0.0368,conservative_overlay,395
1.0875,0.9807,0.3923,0.0925,52987818.6,0.0361,conservative_overlay,396
1.1347,1.0197,0.4079,0.0965,57487845.92,0.0392,conservative_overlay,397
1.1833,0.9824,0.393,0.1007,57758430.35,0.0394,conservative_overlay,398
1.043,0.9761,0.3904,0.0887,50583312.33,0.0345,conservative_overlay,399
1.1913,1.0152,0.4061,0.1014,60090877.78,0.0409,conservative_overlay,400
1.1938,0.9946,0.3978,0.1016,58992589.51,0.0402,conservative_overlay,401
1.1678,1.0463,0.4185,0.0994,60707503.27,0.0414,conservative_overlay,402
1.3032,0.9789,0.3916,0.1109,63384575.97,0.0432,conservative_overlay,403
1.1556,1.0873,0.4349,0.0983,62426259.98,0.0425,conservative_overlay,404
1.1275,1.0421,0.4169,0.0959,58381394.34,0.0398,conservative_overlay,405
1.1687,0.9521,0.3808,0.0994,55283334.89,0.0377,conservative_overlay,406
1.0955,1.0122,0.4049,0.0932,55095270.25,0.0375,conservative_overlay,407
1.1819,1.0143,0.4057,0.1006,59559326.9,0.0406,conservative_overlay,408
1.1451,1.0001,0.4,0.0974,56899496.51,0.0388,conservative_overlay,409
1.136,0.9484,0.3793,0.0967,53528783.48,0.0365,conservative_overlay,410
1.2538,1.0661,0.4265,0.1067,66417066.47,0.0452,conservative_overlay,411
1.2431,0.966,0.3864,0.1058,59664736.58,0.0406,conservative_overlay,412
1.1689,0.9549,0.382,0.0995,55458089.48,0.0378,conservative_overlay,413
1.1181,1.0605,0.4242,0.0951,58913133.04,0.0401,conservative_overlay,414
1.0916,0.9645,0.3858,0.0929,52311346.87,0.0356,conservative_overlay,415
1.1918,1.035,0.414,0.1014,61283294.05,0.0418,conservative_overlay,416
1.1284,0.9957,0.3983,0.096,55825154.68,0.038,conservative_overlay,417
1.1314,0.9307,0.3723,0.0963,52319339.2,0.0356,conservative_overlay,418
1.1498,0.9818,0.3927,0.0978,56090375.04,0.0382,conservative_overlay,419
1.1785,1.0106,0.4042,0.1003,59171494.71,0.0403,conservative_overlay,420
1.0575,0.9901,0.396,0.09,52020774.01,0.0354,conservative_overlay,421
1.1205,1.021,0.4084,0.0953,56841924.01,0.0387,conservative_overlay,422
1.1724,1.0042,0.4017,0.0998,58492544.19,0.0399,conservative_overlay,423
1.141,1.0077,0.4031,0.0971,57125269.19,0.0389,conservative_overlay,424
1.1715,0.9777,0.3911,0.0997,56908729.93,0.0388,conservative_overlay,425
1.1285,0.9603,0.3841,0.096,53840404.78,0.0367,conservative_overlay,426
1.0981,1.0457,0.4183,0.0934,57051069.52,0.0389,conservative_overlay,427
1.1637,1.0107,0.4043,0.099,58436663.69,0.0398,conservative_overlay,428
1.1516,0.9343,0.3737,0.098,53461146.42,0.0364,conservative_overlay,429
1.1229,1.037,0.4148,0.0955,57860513.8,0.0394,conservative_overlay,430
1.1801,0.9846,0.3938,0.1004,57726185.31,0.0393,conservative_overlay,431
1.1917,0.9828,0.3931,0.1014,58186896.24,0.0396,conservative_overlay,432
1.2176,0.9904,0.3962,0.1036,59919823.05,0.0408,conservative_overlay,433
1.2295,0.9799,0.392,0.1046,59858756.48,0.0408,conservative_overlay,434
1.0871,0.9977,0.3991,0.0925,53891607.73,0.0367,conservative_overlay,435
1.1608,0.9236,0.3695,0.0988,53269151.97,0.0363,conservative_overlay,436
1.1203,0.9773,0.3909,0.0953,54399271.93,0.0371,conservative_overlay,437
1.1072,0.9893,0.3957,0.0942,54424461.04,0.0371,conservative_overlay,438
1.0984,0.9808,0.3923,0.0935,53523523.27,0.0365,conservative_overlay,439
1.1551,0.9794,0.3918,0.0983,56211826.66,0.0383,conservative_overlay,440
1.2294,0.9604,0.3841,0.1046,58661571.94,0.04,conservative_overlay,441
1.0875,0.9693,0.3877,0.0925,52376450.11,0.0357,conservative_overlay,442
1.1683,0.9565,0.3826,0.0994,55518309.89,0.0378,conservative_overlay,443
1.2577,1.0274,0.411,0.107,64200036.55,0.0437,conservative_overlay,444
1.1481,0.9744,0.3898,0.0977,55582964.05,0.0379,conservative_overlay,445
1.1564,0.9788,0.3915,0.0984,56237886.5,0.0383,conservative_overlay,446
1.1363,1.0465,0.4186,0.0967,59084350.08,0.0403,conservative_overlay,447
1.1482,1.0222,0.4089,0.0977,58312605.27,0.0397,conservative_overlay,448
1.1753,1.0405,0.4162,0.1,60758398.03,0.0414,conservative_overlay,449
1.1253,1.0485,0.4194,0.0957,58620570.25,0.0399,conservative_overlay,450
1.2744,0.9821,0.3929,0.1084,62188422.91,0.0424,conservative_overlay,451
1.1928,0.9941,0.3976,0.1015,58912154.37,0.0401,conservative_overlay,452
1.1664,0.9875,0.395,0.0992,57227465.62,0.039,conservative_overlay,453
1.1236,0.9999,0.4,0.0956,55824171.12,0.038,conservative_overlay,454
1.1286,0.9958,0.3983,0.096,55838509.07,0.038,conservative_overlay,455
1.1095,0.9404,0.3762,0.0944,51840634.46,0.0353,conservative_overlay,456
1.2295,0.9983,0.3993,0.1046,60986410.77,0.0416,conservative_overlay,457
1.1198,0.957,0.3828,0.0953,53241234.81,0.0363,conservative_overlay,458
1.2059,0.975,0.39,0.1026,58416454.03,0.0398,conservative_overlay,459
1.1949,0.9915,0.3966,0.1017,58865081.51,0.0401,conservative_overlay,460
1.2539,0.9902,0.3961,0.1067,61692016.03,0.042,conservative_overlay,461
1.1918,0.9792,0.3917,0.1014,57983521.34,0.0395,conservative_overlay,462
1.1513,1.0693,0.4277,0.098,61166005.2,0.0417,conservative_overlay,463
1.1363,1.0097,0.4039,0.0967,57004537.66,0.0388,conservative_overlay,464
1.0831,0.9652,0.3861,0.0922,51939859.82,0.0354,conservative_overlay,465
1.1581,1.0212,0.4085,0.0985,58760146.71,0.04,conservative_overlay,466
1.1756,0.986,0.3944,0.1,57591660.31,0.0392,conservative_overlay,467
1.1447,1.0301,0.412,0.0974,58585758.15,0.0399,conservative_overlay,468
1.1256,1.0051,0.402,0.0958,56209750.61,0.0383,conservative_overlay,469
1.1571,0.9794,0.3918,0.0985,56304459.41,0.0384,conservative_overlay,470
1.107,1.0101,0.4041,0.0942,55559078.67,0.0379,conservative_overlay,471
1.1833,1.0365,0.4146,0.1007,60937652.12,0.0415,conservative_overlay,472
1.1282,1.0111,0.4044,0.096,56671848.03,0.0386,conservative_overlay,473
1.2195,1.0392,0.4157,0.1038,62961508.42,0.0429,conservative_overlay,474
1.0884,0.9869,0.3948,0.0926,53367416.46,0.0364,conservative_overlay,475
1.1152,1.0228,0.4091,0.0949,56670692.49,0.0386,conservative_overlay,476
1.1145,1.0348,0.4139,0.0948,57305367.74,0.039,conservative_overlay,477
1.1757,0.9599,0.3839,0.1,56070015.14,0.0382,conservative_overlay,478
1.1002,1.0216,0.4087,0.0936,55848924.37,0.038,conservative_overlay,479
1.1563,1.0043,0.4017,0.0984,57701364.73,0.0393,conservative_overlay,480
1.1158,0.9904,0.3962,0.0949,54907431.25,0.0374,conservative_overlay,481
1.143,1.0099,0.4039,0.0972,57347938.8,0.0391,conservative_overlay,482
1.2007,0.9727,0.3891,0.1022,58029558.36,0.0395,conservative_overlay,483
1.2123,1.0123,0.4049,0.1031,60973645.97,0.0415,conservative_overlay,484
1.1074,1.0381,0.4153,0.0942,57119365.47,0.0389,conservative_overlay,485
1.1298,1.0459,0.4184,0.0961,58711694.29,0.04,conservative_overlay,486
1.1689,1.026,0.4104,0.0995,59584473.37,0.0406,conservative_overlay,487
1.1729,1.0224,0.4089,0.0998,59579137.64,0.0406,conservative_overlay,488
1.0616,1.0104,0.4042,0.0903,53296045.67,0.0363,conservative_overlay,489
1.1798,1.0055,0.4022,0.1004,58941090.16,0.0402,conservative_overlay,490
1.0971,1.0602,0.4241,0.0933,57794975.82,0.0394,conservative_overlay,491
1.2546,0.9792,0.3917,0.1067,61036686.85,0.0416,conservative_overlay,492
1.1173,0.9693,0.3877,0.0951,53806648.09,0.0367,conservative_overlay,493
1.2146,0.9795,0.3918,0.1033,59111671.61,0.0403,conservative_overlay,494
1.1012,0.9584,0.3834,0.0937,52439405.73,0.0357,conservative_overlay,495
1.1469,0.9886,0.3954,0.0976,56333238.85,0.0384,conservative_overlay,496
1.0627,0.9878,0.3951,0.0904,52158740.86,0.0355,conservative_overlay,497
1.1694,0.9682,0.3873,0.0995,56251874.04,0.0383,conservative_overlay,498
1.1388,1.0165,0.4066,0.0969,57515925.69,0.0392,conservative_overlay,499
1.1816,1.0186,0.4074,0.1005,59798528.15,0.0407,conservative_overlay,500
1.0988,1.0183,0.4073,0.0935,55590823.34,0.0379,conservative_overlay,501
1.1252,0.9985,0.3994,0.0957,55821267.5,0.038,conservative_overlay,502
1.1824,1.008,0.4032,0.1006,59217179.81,0.0403,conservative_overlay,503
1.1602,1.0126,0.4051,0.0987,58374184.31,0.0398,conservative_overlay,504
1.1155,0.9474,0.379,0.0949,52508522.91,0.0358,conservative_overlay,505
1.2077,0.9805,0.3922,0.1028,58833505.88,0.0401,conservative_overlay,506
1.1599,0.9468,0.3787,0.0987,54565772.77,0.0372,conservative_overlay,507
1.2602,1.0057,0.4023,0.1072,62971638.85,0.0429,conservative_overlay,508
1.1314,1.0243,0.4097,0.0963,57583088.07,0.0392,conservative_overlay,509
1.1649,0.985,0.394,0.0991,57009109.74,0.0388,conservative_overlay,510
1.1449,1.0495,0.4198,0.0974,59703281.76,0.0407,conservative_overlay,511
1.222,0.979,0.3916,0.104,59442959.54,0.0405,conservative_overlay,512
1.2105,1.0432,0.4173,0.103,62741297.13,0.0427,conservative_overlay,513
1.1344,1.0428,0.4171,0.0965,58772077.11,0.04,conservative_overlay,514
1.0599,0.9935,0.3974,0.0902,52322057.96,0.0356,conservative_overlay,515
1.136,0.9851,0.394,0.0967,55598140.28,0.0379,conservative_overlay,516
1.1874,1.0052,0.4021,0.101,59304162.13,0.0404,conservative_overlay,517
1.1125,0.9734,0.3894,0.0947,53803221.17,0.0367,conservative_overlay,518
1.1116,0.9882,0.3953,0.0946,54581490.21,0.0372,conservative_overlay,519
1.0716,0.9936,0.3974,0.0912,52902765.75,0.036,conservative_overlay,520
1.1906,1.0119,0.4047,0.1013,59854798.63,0.0408,conservative_overlay,521
1.0502,0.957,0.3828,0.0894,49935531.98,0.034,conservative_overlay,522
1.1409,1.0197,0.4079,0.0971,57802935.17,0.0394,conservative_overlay,523
1.2962,0.9962,0.3985,0.1103,64158744.91,0.0437,conservative_overlay,524
1.1798,0.9582,0.3833,0.1004,56165524.33,0.0383,conservative_overlay,525
1.1514,0.9698,0.3879,0.098,55481201.13,0.0378,conservative_overlay,526
1.1491,1.0351,0.414,0.0978,59094214.56,0.0403,conservative_overlay,527
1.1267,1.056,0.4224,0.0959,59114478.98,0.0403,conservative_overlay,528
1.1729,1.0142,0.4057,0.0998,59100569.99,0.0403,conservative_overlay,529
1.2236,0.985,0.394,0.1041,59887107.95,0.0408,conservative_overlay,530
1.2017,0.9772,0.3909,0.1022,58346293.55,0.0398,conservative_overlay,531
1.1544,1.0106,0.4042,0.0982,57966905.54,0.0395,conservative_overlay,532
1.1142,1.0292,0.4117,0.0948,56976678.71,0.0388,conservative_overlay,533
1.1455,1.0338,0.4135,0.0975,58840561.65,0.0401,conservative_overlay,534
1.1716,0.9438,0.3775,0.0997,54941216.89,0.0374,conservative_overlay,535
1.1251,0.9867,0.3947,0.0957,55155107.53,0.0376,conservative_overlay,536
1.0888,1.0185,0.4074,0.0926,55101837.5,0.0375,conservative_overlay,537
1.0892,1.0202,0.4081,0.0927,55212223.77,0.0376,conservative_overlay,538
1.192,0.991,0.3964,0.1014,58695421.68,0.04,conservative_overlay,539
1.1183,0.9794,0.3918,0.0951,54417933.54,0.0371,conservative_overlay,540
1.0873,1.0064,0.4026,0.0925,54368090.94,0.037,conservative_overlay,541
1.1012,1.0452,0.4181,0.0937,57186733.69,0.039,conservative_overlay,542
1.1757,1.0502,0.4201,0.1,61350861.46,0.0418,conservative_overlay,543
1.1136,0.9829,0.3932,0.0947,54382763.23,0.0371,conservative_overlay,544
1.1724,1.0591,0.4236,0.0998,61691126.21,0.042,conservative_overlay,545
1.152,0.9431,0.3772,0.098,53977590.71,0.0368,conservative_overlay,546
1.1206,0.978,0.3912,0.0953,54456136.86,0.0371,conservative_overlay,547
1.0791,0.9631,0.3852,0.0918,51634294.21,0.0352,conservative_overlay,548
1.1688,1.0069,0.4028,0.0994,58471766.94,0.0398,conservative_overlay,549
0.9667,1.0119,0.4048,0.0823,48601582.11,0.0331,conservative_overlay,550
1.0866,1.0066,0.4026,0.0925,54342048.82,0.037,conservative_overlay,551
1.2487,0.9604,0.3841,0.1062,59583046.9,0.0406,conservative_overlay,552
1.1279,1.0474,0.419,0.096,58695574.24,0.04,conservative_overlay,553
1.1627,1.0181,0.4072,0.0989,58814185.47,0.0401,conservative_overlay,554
1.1241,1.0308,0.4123,0.0956,57571463.1,0.0392,conservative_overlay,555
1.0444,1.0044,0.4017,0.0889,52120059.81,0.0355,conservative_overlay,556
1.0448,1.0041,0.4016,0.0889,52124598.5,0.0355,conservative_overlay,557
1.1471,1.0112,0.4045,0.0976,57634347.83,0.0393,conservative_overlay,558
1.1126,1.0119,0.4047,0.0947,55935188.48,0.0381,conservative_overlay,559
1.1655,1.0148,0.4059,0.0992,58764338.23,0.04,conservative_overlay,560
1.1146,0.9795,0.3918,0.0948,54243801.93,0.037,conservative_overlay,561
1.1311,0.9768,0.3907,0.0962,54894933.61,0.0374,conservative_overlay,562
1.1689,0.9938,0.3975,0.0995,57718434.6,0.0393,conservative_overlay,563
1.1698,1.0217,0.4087,0.0995,59383151.12,0.0405,conservative_overlay,564
1.1452,1.0253,0.4101,0.0974,58338432.21,0.0397,conservative_overlay,565
1.1669,0.9322,0.3729,0.0993,54047743.92,0.0368,conservative_overlay,566
1.2611,1.0307,0.4123,0.1073,64578976.88,0.044,conservative_overlay,567
1.1064,1.064,0.4256,0.0941,58484645.21,0.0398,conservative_overlay,568
1.1013,0.9997,0.3999,0.0937,54700867.89,0.0373,conservative_overlay,569
1.1862,0.9984,0.3994,0.1009,58839767.82,0.0401,conservative_overlay,570
1.1408,1.0284,0.4113,0.0971,58288203.8,0.0397,conservative_overlay,571
1.1792,1.044,0.4176,0.1003,61167081.35,0.0417,conservative_overlay,572
1.1761,0.9881,0.3952,0.1001,57735033.14,0.0393,conservative_overlay,573
1.1662,1.055,0.422,0.0992,61131221.09,0.0416,conservative_overlay,574
1.1549,1.0484,0.4194,0.0983,60157758.0,0.041,conservative_overlay,575
1.2162,0.9984,0.3993,0.1035,60327179.74,0.0411,conservative_overlay,576
1.0692,0.981,0.3924,0.091,52114734.78,0.0355,conservative_overlay,577
1.0971,1.007,0.4028,0.0933,54893631.92,0.0374,conservative_overlay,578
1.132,0.9922,0.3969,0.0963,55805533.96,0.038,conservative_overlay,579
1.1887,1.0417,0.4167,0.1011,61520440.26,0.0419,conservative_overlay,580
1.1593,1.0664,0.4266,0.0986,61427251.07,0.0419,conservative_overlay,581
1.062,1.0118,0.4047,0.0904,53391304.46,0.0364,conservative_overlay,582
1.3143,0.9979,0.3992,0.1118,65166724.98,0.0444,conservative_overlay,583
1.115,0.9726,0.389,0.0949,53881553.64,0.0367,conservative_overlay,584
1.156,1.0137,0.4055,0.0984,58223217.08,0.0397,conservative_overlay,585
1.2088,0.9598,0.3839,0.1029,57649282.4,0.0393,conservative_overlay,586
1.1136,0.9923,0.3969,0.0948,54905555.83,0.0374,conservative_overlay,587
1.1543,0.9825,0.393,0.0982,56347789.65,0.0384,conservative_overlay,588
1.2106,1.0035,0.4014,0.103,60360363.95,0.0411,conservative_overlay,589
1.1033,0.9915,0.3966,0.0939,54354799.44,0.037,conservative_overlay,590
1.1857,1.0224,0.409,0.1009,60229488.38,0.041,conservative_overlay,591
1.1939,1.0053,0.4021,0.1016,59630303.59,0.0406,conservative_overlay,592
1.1742,0.9677,0.3871,0.0999,56455866.82,0.0385,conservative_overlay,593
1.1431,0.9926,0.397,0.0973,56373551.52,0.0384,conservative_overlay,594
1.1952,0.9078,0.3631,0.1017,53905446.17,0.0367,conservative_overlay,595
1.1203,1.0045,0.4018,0.0953,55913083.89,0.0381,conservative_overlay,596
1.0862,0.9583,0.3833,0.0924,51715888.54,0.0352,conservative_overlay,597
1.1608,1.0093,0.4037,0.0988,58211616.0,0.0397,conservative_overlay,598
1.0994,1.0243,0.4097,0.0935,55955297.39,0.0381,conservative_overlay,599
1.1687,0.9968,0.3987,0.0994,57878838.79,0.0394,conservative_overlay,600
1.1378,0.9261,0.3704,0.0968,52356199.88,0.0357,conservative_overlay,601
1.2555,1.0301,0.412,0.1068,64254668.1,0.0438,conservative_overlay,602
1.18,0.9955,0.3982,0.1004,58366391.16,0.0398,conservative_overlay,603
1.1933,0.9729,0.3892,0.1015,57681635.27,0.0393,conservative_overlay,604
1.0989,0.9909,0.3964,0.0935,54106652.44,0.0369,conservative_overlay,605
1.2371,0.9875,0.395,0.1053,60694975.63,0.0414,conservative_overlay,606
1.1628,0.964,0.3856,0.0989,55693906.58,0.0379,conservative_overlay,607
1.2045,0.9727,0.3891,0.1025,58214453.5,0.0397,conservative_overlay,608
1.1203,0.9955,0.3982,0.0953,55415986.71,0.0378,conservative_overlay,609
1.0765,0.9741,0.3896,0.0916,52099192.43,0.0355,conservative_overlay,610
1.1535,0.9916,0.3967,0.0981,56834088.99,0.0387,conservative_overlay,611
1.2038,0.9561,0.3824,0.1024,57186674.9,0.039,conservative_overlay,612
1.1191,1.0193,0.4077,0.0952,56677223.93,0.0386,conservative_overlay,613
1.2094,1.0346,0.4139,0.1029,62170422.64,0.0424,conservative_overlay,614
1.1756,1.0109,0.4044,0.1,59046347.14,0.0402,conservative_overlay,615
1.1914,1.0492,0.4197,0.1014,62108039.3,0.0423,conservative_overlay,616
1.044,0.9997,0.3999,0.0888,51852638.15,0.0353,conservative_overlay,617
1.0656,0.952,0.3808,0.0907,50404979.79,0.0343,conservative_overlay,618
1.0331,0.9844,0.3938,0.0879,50530541.88,0.0344,conservative_overlay,619
1.2645,0.9974,0.399,0.1076,62663115.89,0.0427,conservative_overlay,620
1.1316,0.9696,0.3878,0.0963,54515202.15,0.0371,conservative_overlay,621
1.1479,1.0369,0.4148,0.0977,59138487.64,0.0403,conservative_overlay,622
1.0778,0.9963,0.3985,0.0917,53352099.28,0.0363,conservative_overlay,623
1.1729,1.0179,0.4072,0.0998,59319043.73,0.0404,conservative_overlay,624
1.0982,0.9815,0.3926,0.0934,53554969.88,0.0365,conservative_overlay,625
1.1562,0.9713,0.3885,0.0984,55793814.46,0.038,conservative_overlay,626
1.1792,1.0096,0.4038,0.1003,59150301.6,0.0403,conservative_overlay,627
1.2432,0.9821,0.3928,0.1058,60661177.47,0.0413,conservative_overlay,628
1.1944,0.9577,0.3831,0.1016,56836330.32,0.0387,conservative_overlay,629
1.131,0.9555,0.3822,0.0962,53693060.66,0.0366,conservative_overlay,630
1.1495,1.0255,0.4102,0.0978,58568765.84,0.0399,conservative_overlay,631
1.2173,0.9934,0.3974,0.1036,60082635.41,0.0409,conservative_overlay,632
1.1543,0.9498,0.3799,0.0982,54471257.52,0.0371,conservative_overlay,633
1.1319,1.0162,0.4065,0.0963,57146580.43,0.0389,conservative_overlay,634
1.1378,1.0158,0.4063,0.0968,57423184.58,0.0391,conservative_overlay,635
1.0936,0.9492,0.3797,0.093,51571280.72,0.0351,conservative_overlay,636
1.1378,1.0651,0.426,0.0968,60207915.43,0.041,conservative_overlay,637
1.1465,1.0207,0.4083,0.0976,58143032.25,0.0396,conservative_overlay,638
1.1114,0.9725,0.389,0.0946,53699474.29,0.0366,conservative_overlay,639
1.0487,0.9922,0.3969,0.0892,51698173.59,0.0352,conservative_overlay,640
1.1953,0.9761,0.3904,0.1017,57968493.45,0.0395,conservative_overlay,641
1.1408,1.0406,0.4162,0.0971,58979772.71,0.0402,conservative_overlay,642
1.2103,1.0077,0.4031,0.103,60600033.4,0.0413,conservative_overlay,643
1.1797,1.048,0.4192,0.1004,61426746.8,0.0419,conservative_overlay,644
1.1236,0.9509,0.3804,0.0956,53089744.21,0.0362,conservative_overlay,645
1.1463,1.0093,0.4037,0.0975,57484904.5,0.0392,conservative_overlay,646
1.1889,0.9452,0.3781,0.1012,55834863.13,0.038,conservative_overlay,647
1.1135,0.9834,0.3934,0.0947,54404098.24,0.0371,conservative_overlay,648
1.1434,1.0561,0.4224,0.0973,59997478.31,0.0409,conservative_overlay,649
1.1579,0.991,0.3964,0.0985,57010430.34,0.0388,conservative_overlay,650
1.1066,1.0565,0.4226,0.0942,58091812.0,0.0396,conservative_overlay,651
1.1292,0.9418,0.3767,0.0961,52839699.11,0.036,conservative_overlay,652
1.0903,0.9996,0.3998,0.0928,54149403.53,0.0369,conservative_overlay,653
1.109,1.0015,0.4006,0.0944,55179811.49,0.0376,conservative_overlay,654
1.138,1.0085,0.4034,0.0968,57022678.3,0.0388,conservative_overlay,655
1.1396,0.9862,0.3945,0.097,55837320.11,0.038,conservative_overlay,656
1.2087,0.9752,0.3901,0.1028,58566052.4,0.0399,conservative_overlay,657
1.097,1.0288,0.4115,0.0933,56077553.24,0.0382,conservative_overlay,658
1.2074,0.9354,0.3742,0.1027,56113720.06,0.0382,conservative_overlay,659
1.1774,1.0336,0.4135,0.1002,60465142.88,0.0412,conservative_overlay,660
1.1355,0.9847,0.3939,0.0966,55555479.34,0.0378,conservative_overlay,661
1.1379,1.0162,0.4065,0.0968,57456975.47,0.0391,conservative_overlay,662
1.1339,0.9918,0.3967,0.0965,55876978.98,0.0381,conservative_overlay,663
1.1418,1.0073,0.4029,0.0972,57148331.74,0.0389,conservative_overlay,664
1.1595,1.0338,0.4135,0.0987,59556212.19,0.0406,conservative_overlay,665
1.1535,0.9748,0.3899,0.0981,55866337.69,0.0381,conservative_overlay,666
1.0358,0.9464,0.3785,0.0881,48704298.17,0.0332,conservative_overlay,667
1.1812,0.9674,0.3869,0.1005,56772007.11,0.0387,conservative_overlay,668
1.1352,0.9996,0.3998,0.0966,56378082.31,0.0384,conservative_overlay,669
1.197,0.9515,0.3806,0.1018,56586834.55,0.0386,conservative_overlay,670
1.2346,0.9665,0.3866,0.105,59284735.85,0.0404,conservative_overlay,671
1.0835,1.0457,0.4183,0.0922,56290771.32,0.0384,conservative_overlay,672
1.1423,1.0241,0.4096,0.0972,58125308.01,0.0396,conservative_overlay,673
1.1182,1.024,0.4096,0.0951,56892354.73,0.0388,conservative_overlay,674
1.1228,1.0134,0.4054,0.0955,56534227.47,0.0385,conservative_overlay,675
1.1697,0.9837,0.3935,0.0995,57167132.18,0.0389,conservative_overlay,676
1.2274,1.0137,0.4055,0.1044,61816769.25,0.0421,conservative_overlay,677
1.1754,1.0243,0.4097,0.1,59823341.88,0.0408,conservative_overlay,678
1.1147,0.9975,0.399,0.0948,55246275.51,0.0376,conservative_overlay,679
1.194,0.937,0.3748,0.1016,55589785.72,0.0379,conservative_overlay,680
1.1917,1.0256,0.4102,0.1014,60726778.62,0.0414,conservative_overlay,681
1.1483,0.9997,0.3999,0.0977,57035189.44,0.0389,conservative_overlay,682
1.0873,1.0249,0.4099,0.0925,55364389.28,0.0377,conservative_overlay,683
1.074,1.0197,0.4079,0.0914,54410986.72,0.0371,conservative_overlay,684
1.0697,0.9964,0.3986,0.091,52957019.7,0.0361,conservative_overlay,685
1.057,1.0213,0.4085,0.0899,53632338.68,0.0365,conservative_overlay,686
1.1436,0.9901,0.396,0.0973,56255202.11,0.0383,conservative_overlay,687
1.1108,0.9573,0.3829,0.0945,52836022.95,0.036,conservative_overlay,688
1.0911,0.9946,0.3978,0.0928,53920012.17,0.0367,conservative_overlay,689
1.163,1.0272,0.4109,0.099,59353882.58,0.0404,conservative_overlay,690
1.1247,0.9366,0.3746,0.0957,52335765.21,0.0357,conservative_overlay,691
1.1308,0.9525,0.381,0.0962,53515202.04,0.0365,conservative_overlay,692
1.2072,0.9904,0.3962,0.1027,59404077.85,0.0405,conservative_overlay,693
1.1178,0.9777,0.3911,0.0951,54301340.31,0.037,conservative_overlay,694
1.1747,1.0166,0.4066,0.0999,59334824.18,0.0404,conservative_overlay,695
1.052,1.0381,0.4152,0.0895,54257980.66,0.037,conservative_overlay,696
1.1018,0.9761,0.3904,0.0937,53435751.8,0.0364,conservative_overlay,697
1.1579,0.9952,0.3981,0.0985,57250309.56,0.039,conservative_overlay,698
1.2106,1.0264,0.4106,0.103,61737321.33,0.0421,conservative_overlay,699
1.1864,0.985,0.394,0.1009,58064662.82,0.0396,conservative_overlay,700
1.2239,0.9555,0.3822,0.1041,58103432.61,0.0396,conservative_overlay,701
1.1162,0.9609,0.3844,0.095,53294623.12,0.0363,conservative_overlay,702
1.1928,0.9946,0.3978,0.1015,58942177.69,0.0402,conservative_overlay,703
1.1727,0.9546,0.3819,0.0998,55619922.78,0.0379,conservative_overlay,704
1.2152,0.9822,0.3929,0.1034,59302183.28,0.0404,conservative_overlay,705
1.2001,1.0246,0.4099,0.1021,61098080.72,0.0416,conservative_overlay,706
1.124,0.9858,0.3943,0.0956,55056171.42,0.0375,conservative_overlay,707
1.1436,1.0263,0.4105,0.0973,58314855.65,0.0397,conservative_overlay,708
1.1056,0.9482,0.3793,0.0941,52085600.22,0.0355,conservative_overlay,709
1.2172,1.0302,0.4121,0.1036,62299764.52,0.0424,conservative_overlay,710
1.0524,0.9904,0.3962,0.0895,51786033.04,0.0353,conservative_overlay,711
1.1468,1.0079,0.4032,0.0976,57431194.43,0.0391,conservative_overlay,712
1.1234,1.0174,0.407,0.0956,56788831.6,0.0387,conservative_overlay,713
1.1759,1.0156,0.4062,0.1001,59334985.68,0.0404,conservative_overlay,714
1.2246,1.0268,0.4107,0.1042,62477705.08,0.0426,conservative_overlay,715
1.1718,0.9881,0.3952,0.0997,57526025.34,0.0392,conservative_overlay,716
1.1292,1.0008,0.4003,0.0961,56152159.18,0.0383,conservative_overlay,717
1.1602,1.0411,0.4164,0.0987,60013239.95,0.0409,conservative_overlay,718
1.2182,0.9908,0.3963,0.1037,59969338.28,0.0409,conservative_overlay,719
1.1458,1.0253,0.4101,0.0975,58370797.09,0.0398,conservative_overlay,720
1.1825,0.9776,0.391,0.1006,57432116.43,0.0391,conservative_overlay,721
1.2359,1.0158,0.4063,0.1052,62374410.37,0.0425,conservative_overlay,722
1.1388,0.973,0.3892,0.0969,55056225.94,0.0375,conservative_overlay,723
1.1832,1.0047,0.4019,0.1007,59064970.37,0.0402,conservative_overlay,724
1.1522,1.0438,0.4175,0.098,59751624.01,0.0407,conservative_overlay,725
1.1788,1.0292,0.4117,0.1003,60277770.2,0.0411,conservative_overlay,726
1.2326,0.9862,0.3945,0.1049,60393177.26,0.0411,conservative_overlay,727
1.1437,1.009,0.4036,0.0973,57336523.87,0.0391,conservative_overlay,728
1.1605,1.0031,0.4012,0.0987,57839003.25,0.0394,conservative_overlay,729
1.2086,0.9715,0.3886,0.1028,58336431.37,0.0397,conservative_overlay,730
1.1249,0.9959,0.3983,0.0957,55658585.6,0.0379,conservative_overlay,731
1.1369,0.9287,0.3715,0.0967,52456385.42,0.0357,conservative_overlay,732
1.1108,1.0611,0.4245,0.0945,58566843.48,0.0399,conservative_overlay,733
1.1322,1.0862,0.4345,0.0963,61107211.05,0.0416,conservative_overlay,734
1.0261,1.0057,0.4023,0.0873,51272334.1,0.0349,conservative_overlay,735
1.1261,1.0184,0.4074,0.0958,56979937.63,0.0388,conservative_overlay,736
1.2091,1.049,0.4196,0.1029,63017604.24,0.0429,conservative_overlay,737
1.1599,0.9844,0.3937,0.0987,56728472.5,0.0386,conservative_overlay,738
1.1914,0.9887,0.3955,0.1014,58526240.7,0.0399,conservative_overlay,739
1.165,0.9827,0.3931,0.0991,56882085.85,0.0388,conservative_overlay,740
1.0902,0.9637,0.3855,0.0928,52199958.74,0.0356,conservative_overlay,741
1.2232,1.007,0.4028,0.1041,61203340.47,0.0417,conservative_overlay,742
1.1792,0.9995,0.3998,0.1003,58557042.58,0.0399,conservative_overlay,743
1.1667,1.0146,0.4058,0.0993,58813404.88,0.0401,conservative_overlay,744
1.1635,0.9794,0.3918,0.099,56616615.32,0.0386,conservative_overlay,745
1.1361,1.021,0.4084,0.0967,57632457.88,0.0393,conservative_overlay,746
1.0184,0.973,0.3892,0.0866,49232017.06,0.0335,conservative_overlay,747
1.1781,0.993,0.3972,0.1002,58121959.62,0.0396,conservative_overlay,748
1.0932,0.9973,0.3989,0.093,54170535.57,0.0369,conservative_overlay,749
1.1049,0.9953,0.3981,0.094,54641247.23,0.0372,conservative_overlay,750
1.163,0.9586,0.3834,0.0989,55390808.19,0.0377,conservative_overlay,751
1.1937,1.0491,0.4196,0.1016,62223720.18,0.0424,conservative_overlay,752
1.1114,0.952,0.3808,0.0946,52570995.98,0.0358,conservative_overlay,753
1.1495,0.9882,0.3953,0.0978,56437218.56,0.0385,conservative_overlay,754
1.1306,0.9925,0.397,0.0962,55752613.62,0.038,conservative_overlay,755
1.1672,0.9388,0.3755,0.0993,54445362.46,0.0371,conservative_overlay,756
1.1776,1.0304,0.4122,0.1002,60290979.64,0.0411,conservative_overlay,757
1.1438,0.9772,0.3909,0.0973,55534607.79,0.0378,conservative_overlay,758
1.0471,1.0117,0.4047,0.0891,52634568.52,0.0359,conservative_overlay,759
1.1362,1.0242,0.4097,0.0967,57818242.46,0.0394,conservative_overlay,760
1.1983,1.0121,0.4048,0.102,60258625.84,0.0411,conservative_overlay,761
1.0983,1.0117,0.4047,0.0935,55207105.2,0.0376,conservative_overlay,762
1.1732,1.0267,0.4107,0.0998,59849603.64,0.0408,conservative_overlay,763
1.2459,1.0252,0.4101,0.106,63463272.54,0.0432,conservative_overlay,764
1.2494,0.9904,0.3962,0.1063,61483802.56,0.0419,conservative_overlay,765
1.135,0.9984,0.3994,0.0966,56304873.75,0.0384,conservative_overlay,766
1.1749,1.0012,0.4005,0.1,58442928.08,0.0398,conservative_overlay,767
1.0712,0.9561,0.3825,0.0911,50886093.33,0.0347,conservative_overlay,768
1.1333,0.9744,0.3898,0.0964,54868425.26,0.0374,conservative_overlay,769
1.1745,1.0564,0.4225,0.0999,61644350.96,0.042,conservative_overlay,770
1.1452,0.9622,0.3849,0.0974,54746147.87,0.0373,conservative_overlay,771
1.1315,1.0344,0.4138,0.0963,58153774.66,0.0396,conservative_overlay,772
1.1328,1.0156,0.4063,0.0964,57162097.28,0.0389,conservative_overlay,773
1.207,0.9923,0.3969,0.1027,59508035.93,0.0405,conservative_overlay,774
1.2325,0.975,0.39,0.1049,59704075.52,0.0407,conservative_overlay,775
1.1025,1.0018,0.4007,0.0938,54877847.0,0.0374,conservative_overlay,776
1.1828,0.9352,0.3741,0.1006,54958833.16,0.0374,conservative_overlay,777
1.1482,1.0031,0.4012,0.0977,57223962.55,0.039,conservative_overlay,778
1.1872,0.9845,0.3938,0.101,58069353.66,0.0396,conservative_overlay,779
1.1837,0.9623,0.3849,0.1007,56598045.14,0.0386,conservative_overlay,780
1.1061,0.9938,0.3975,0.0941,54615461.31,0.0372,conservative_overlay,781
1.1608,1.0573,0.4229,0.0988,60975423.35,0.0415,conservative_overlay,782
1.1424,1.0419,0.4167,0.0972,59133831.41,0.0403,conservative_overlay,783
1.0976,0.9794,0.3918,0.0934,53412712.72,0.0364,conservative_overlay,784
1.1254,1.0208,0.4083,0.0958,57076817.22,0.0389,conservative_overlay,785
1.1634,1.0325,0.413,0.099,59682443.35,0.0407,conservative_overlay,786
1.1349,1.0014,0.4005,0.0966,56464979.98,0.0385,conservative_overlay,787
1.1204,0.9785,0.3914,0.0953,54467900.54,0.0371,conservative_overlay,788
1.1169,1.0457,0.4183,0.095,58028721.37,0.0395,conservative_overlay,789
1.1155,1.0057,0.4023,0.0949,55738972.3,0.038,conservative_overlay,790
1.1375,0.9939,0.3976,0.0968,56174593.85,0.0383,conservative_overlay,791
1.1865,1.0845,0.4338,0.101,63931628.58,0.0436,conservative_overlay,792
1.0785,0.9852,0.3941,0.0918,52788731.09,0.036,conservative_overlay,793
1.1013,1.0212,0.4085,0.0937,55877725.11,0.0381,conservative_overlay,794
1.1616,1.0181,0.4072,0.0988,58757486.56,0.04,conservative_overlay,795
1.1574,0.9882,0.3953,0.0985,56825011.72,0.0387,conservative_overlay,796
1.0164,0.995,0.398,0.0865,50245449.31,0.0342,conservative_overlay,797
1.0987,1.0146,0.4059,0.0935,55388130.06,0.0377,conservative_overlay,798
1.2037,0.9579,0.3832,0.1024,57287231.01,0.039,conservative_overlay,799
1.1665,0.9697,0.3879,0.0993,56204501.91,0.0383,conservative_overlay,800
1.0409,0.9968,0.3987,0.0886,51550133.91,0.0351,conservative_overlay,801
1.2109,1.0286,0.4114,0.103,61881322.25,0.0422,conservative_overlay,802
1.163,0.9683,0.3873,0.099,55952635.12,0.0381,conservative_overlay,803
1.2197,0.9838,0.3935,0.1038,59615057.7,0.0406,conservative_overlay,804
1.0683,0.9855,0.3942,0.0909,52308614.98,0.0356,conservative_overlay,805
1.1696,0.976,0.3904,0.0995,56716096.99,0.0386,conservative_overlay,806
1.1583,0.9907,0.3963,0.0985,57012082.78,0.0388,conservative_overlay,807
1.2044,0.9988,0.3995,0.1025,59770457.36,0.0407,conservative_overlay,808
1.1464,0.9514,0.3806,0.0975,54190822.45,0.0369,conservative_overlay,809
1.1983,1.03,0.412,0.102,61323177.17,0.0418,conservative_overlay,810
1.1679,1.0071,0.4028,0.0994,58439279.36,0.0398,conservative_overlay,811
1.1283,0.9855,0.3942,0.096,55244141.49,0.0376,conservative_overlay,812
1.1727,1.0065,0.4026,0.0998,58645631.85,0.04,conservative_overlay,813
1.1194,0.968,0.3872,0.0952,53840838.52,0.0367,conservative_overlay,814
1.1242,1.0258,0.4103,0.0956,57296569.39,0.039,conservative_overlay,815
1.1169,1.0652,0.4261,0.095,59114367.71,0.0403,conservative_overlay,816
1.1508,0.9655,0.3862,0.0979,55206010.53,0.0376,conservative_overlay,817
1.1632,1.0848,0.4339,0.099,62697300.52,0.0427,conservative_overlay,818
1.2197,0.9938,0.3975,0.1038,60225098.14,0.041,conservative_overlay,819
1.0969,1.0356,0.4143,0.0933,56439480.32,0.0385,conservative_overlay,820
1.1017,1.0056,0.4022,0.0937,55045702.1,0.0375,conservative_overlay,821
1.1781,0.97,0.388,0.1002,56776295.23,0.0387,conservative_overlay,822
1.1335,0.9754,0.3902,0.0964,54930670.8,0.0374,conservative_overlay,823
1.1051,0.9343,0.3737,0.094,51301099.67,0.035,conservative_overlay,824
1.2207,0.994,0.3976,0.1039,60286980.98,0.0411,conservative_overlay,825
1.0819,1.0063,0.4025,0.0921,54092830.23,0.0369,conservative_overlay,826
1.1519,1.0115,0.4046,0.098,57892182.19,0.0394,conservative_overlay,827
1.1257,1.0313,0.4125,0.0958,57681751.18,0.0393,conservative_overlay,828
1.0582,1.0086,0.4034,0.09,53027530.19,0.0361,conservative_overlay,829
1.2666,1.0167,0.4067,0.1078,63980298.25,0.0436,conservative_overlay,830
1.0947,0.9848,0.3939,0.0931,53565206.92,0.0365,conservative_overlay,831
1.1671,0.9683,0.3873,0.0993,56149055.2,0.0383,conservative_overlay,832
1.0499,0.9798,0.3919,0.0893,51110412.0,0.0348,conservative_overlay,833
1.0679,1.0039,0.4016,0.0909,53265621.6,0.0363,conservative_overlay,834
1.0324,0.9749,0.39,0.0878,50008102.0,0.0341,conservative_overlay,835
1.2542,1.0002,0.4001,0.1067,62330154.61,0.0425,conservative_overlay,836
1.2085,1.0119,0.4048,0.1028,60756996.45,0.0414,conservative_overlay,837
1.0439,0.9853,0.3941,0.0888,51105698.04,0.0348,conservative_overlay,838
1.1112,1.0169,0.4068,0.0945,56145235.07,0.0383,conservative_overlay,839
1.0654,1.012,0.4048,0.0907,53569221.97,0.0365,conservative_overlay,840
1.0881,1.0285,0.4114,0.0926,55603624.7,0.0379,conservative_overlay,841
1.1713,1.0173,0.4069,0.0997,59204796.25,0.0403,conservative_overlay,842
1.2469,0.9932,0.3973,0.1061,61532990.9,0.0419,conservative_overlay,843
1.1563,0.9685,0.3874,0.0984,55641556.29,0.0379,conservative_overlay,844
1.132,0.9712,0.3885,0.0963,54621760.76,0.0372,conservative_overlay,845
1.1678,0.972,0.3888,0.0994,56400675.43,0.0384,conservative_overlay,846
1.1521,1.0532,0.4213,0.098,60289286.66,0.0411,conservative_overlay,847
1.1235,1.0003,0.4001,0.0956,55839397.99,0.038,conservative_overlay,848
1.0998,1.0327,0.4131,0.0936,56426810.06,0.0384,conservative_overlay,849
1.2028,1.0195,0.4078,0.1023,60929462.08,0.0415,conservative_overlay,850
1.1894,1.0385,0.4154,0.1012,61373943.61,0.0418,conservative_overlay,851
1.1528,0.9778,0.3911,0.0981,56009341.16,0.0382,conservative_overlay,852
1.1619,0.9419,0.3768,0.0989,54377338.64,0.037,conservative_overlay,853
1.097,0.9625,0.385,0.0933,52462665.16,0.0357,conservative_overlay,854
1.1098,1.0191,0.4077,0.0944,56193465.97,0.0383,conservative_overlay,855
1.047,1.0292,0.4117,0.0891,53540494.31,0.0365,conservative_overlay,856
1.0717,1.0221,0.4089,0.0912,54424413.61,0.0371,conservative_overlay,857
1.0793,0.9989,0.3996,0.0918,53568583.76,0.0365,conservative_overlay,858
1.082,1.0202,0.4081,0.0921,54843776.39,0.0374,conservative_overlay,859
1.1445,0.93,0.372,0.0974,52882770.98,0.036,conservative_overlay,860
1.2037,0.9866,0.3946,0.1024,59000008.14,0.0402,conservative_overlay,861
1.1388,0.9515,0.3806,0.0969,53839709.69,0.0367,conservative_overlay,862
1.1805,0.9908,0.3963,0.1004,58117736.0,0.0396,conservative_overlay,863
1.0741,1.0017,0.4007,0.0914,53455788.29,0.0364,conservative_overlay,864
1.1345,0.9726,0.389,0.0965,54821472.82,0.0373,conservative_overlay,865
1.1606,0.9392,0.3757,0.0988,54160433.32,0.0369,conservative_overlay,866
1.1497,0.9917,0.3967,0.0978,56647439.04,0.0386,conservative_overlay,867
1.1683,0.9792,0.3917,0.0994,56838136.7,0.0387,conservative_overlay,868
1.1277,1.0121,0.4049,0.096,56710702.9,0.0386,conservative_overlay,869
1.1793,1.0258,0.4103,0.1003,60103644.83,0.0409,conservative_overlay,870
1.1538,1.0297,0.4119,0.0982,59033773.1,0.0402,conservative_overlay,871
1.0858,1.0393,0.4157,0.0924,56070366.73,0.0382,conservative_overlay,872
1.2541,0.9766,0.3906,0.1067,60850943.66,0.0415,conservative_overlay,873
1.0907,0.9737,0.3895,0.0928,52762880.4,0.0359,conservative_overlay,874
1.2098,1.0105,0.4042,0.1029,60740450.28,0.0414,conservative_overlay,875
1.0547,0.9509,0.3803,0.0897,49826188.56,0.0339,conservative_overlay,876
1.1787,0.9863,0.3945,0.1003,57762137.98,0.0394,conservative_overlay,877
1.0967,0.9729,0.3892,0.0933,53009993.23,0.0361,conservative_overlay,878
1.1115,0.9378,0.3751,0.0946,51791740.66,0.0353,conservative_overlay,879
1.0921,0.9902,0.3961,0.0929,53733161.93,0.0366,conservative_overlay,880
1.1781,1.019,0.4076,0.1002,59646782.43,0.0406,conservative_overlay,881
1.0755,1.0182,0.4073,0.0915,54411537.36,0.0371,conservative_overlay,882
1.0841,1.0452,0.4181,0.0922,56301030.46,0.0384,conservative_overlay,883
1.1845,1.0493,0.4197,0.1008,61748324.83,0.0421,conservative_overlay,884
1.158,0.9651,0.3861,0.0985,55529402.38,0.0378,conservative_overlay,885
1.186,0.9987,0.3995,0.1009,58846834.66,0.0401,conservative_overlay,886
1.1427,0.9643,0.3857,0.0972,54749488.56,0.0373,conservative_overlay,887
1.2353,1.01,0.404,0.1051,61994425.03,0.0422,conservative_overlay,888
1.2002,1.0294,0.4118,0.1021,61383897.33,0.0418,conservative_overlay,889
1.1327,1.0401,0.4161,0.0964,58536520.63,0.0399,conservative_overlay,890
1.157,1.0191,0.4076,0.0984,58584937.64,0.0399,conservative_overlay,891
1.1158,1.0231,0.4092,0.0949,56717921.64,0.0386,conservative_overlay,892
1.1144,1.049,0.4196,0.0948,58081119.29,0.0396,conservative_overlay,893
1.1408,0.9469,0.3787,0.0971,53670605.91,0.0366,conservative_overlay,894
1.2302,0.9672,0.3869,0.1047,59115983.08,0.0403,conservative_overlay,895
1.1335,1.0022,0.4009,0.0964,56445023.19,0.0385,conservative_overlay,896
1.161,1.0066,0.4026,0.0988,58065861.71,0.0396,conservative_overlay,897
1.1741,1.0405,0.4162,0.0999,60699219.97,0.0414,conservative_overlay,898
1.0974,1.0057,0.4023,0.0934,54832467.91,0.0374,conservative_overlay,899
1.1784,1.0048,0.4019,0.1003,58827603.22,0.0401,conservative_overlay,900
1.1167,1.0314,0.4125,0.095,57223222.57,0.039,conservative_overlay,901
1.119,1.0053,0.4021,0.0952,55892240.33,0.0381,conservative_overlay,902
1.1602,1.0247,0.4099,0.0987,59065023.27,0.0402,conservative_overlay,903
1.123,0.9951,0.3981,0.0956,55526205.04,0.0378,conservative_overlay,904
1.1783,0.9844,0.3938,0.1003,57629767.76,0.0393,conservative_overlay,905
1.1975,1.0117,0.4047,0.1019,60194070.53,0.041,conservative_overlay,906
1.1369,0.9678,0.3871,0.0967,54665033.42,0.0372,conservative_overlay,907
1.1507,1.0121,0.4048,0.0979,57865668.95,0.0394,conservative_overlay,908
1.1143,1.0227,0.4091,0.0948,56620373.56,0.0386,conservative_overlay,909
1.147,1.032,0.4128,0.0976,58812597.01,0.0401,conservative_overlay,910
1.1437,0.9505,0.3802,0.0973,54014652.2,0.0368,conservative_overlay,911
1.1454,0.9606,0.3842,0.0975,54667157.83,0.0372,conservative_overlay,912
1.1692,1.008,0.4032,0.0995,58553451.38,0.0399,conservative_overlay,913
1.0425,0.9806,0.3923,0.0887,50795124.32,0.0346,conservative_overlay,914
1.1983,1.0214,0.4086,0.102,60813344.14,0.0414,conservative_overlay,915
1.1825,1.0107,0.4043,0.1006,59381312.91,0.0405,conservative_overlay,916
1.0826,0.9575,0.383,0.0921,51501790.79,0.0351,conservative_overlay,917
1.2381,0.964,0.3856,0.1053,59303042.77,0.0404,conservative_overlay,918
1.1946,1.0249,0.4099,0.1016,60828548.21,0.0414,conservative_overlay,919
1.1145,0.9995,0.3998,0.0948,55345278.05,0.0377,conservative_overlay,920
1.1532,1.0079,0.4031,0.0981,57748457.57,0.0393,conservative_overlay,921
1.1116,0.9881,0.3952,0.0946,54570556.03,0.0372,conservative_overlay,922
1.0966,1.0062,0.4025,0.0933,54825198.58,0.0374,conservative_overlay,923
1.1794,0.996,0.3984,0.1003,58364015.93,0.0398,conservative_overlay,924
1.2107,1.0198,0.4079,0.103,61344139.09,0.0418,conservative_overlay,925
1.1133,0.965,0.386,0.0947,53380635.49,0.0364,conservative_overlay,926
1.1408,1.0083,0.4033,0.0971,57153669.92,0.0389,conservative_overlay,927
1.1215,1.0045,0.4018,0.0954,55975745.98,0.0381,conservative_overlay,928
1.1714,0.9738,0.3895,0.0997,56671248.99,0.0386,conservative_overlay,929
1.1343,1.0246,0.4099,0.0965,57747178.49,0.0393,conservative_overlay,930
1.1062,0.9958,0.3983,0.0941,54734075.53,0.0373,conservative_overlay,931
1.1728,1.0233,0.4093,0.0998,59629545.66,0.0406,conservative_overlay,932
1.119,0.9268,0.3707,0.0952,51525890.41,0.0351,conservative_overlay,933
1.0317,1.0021,0.4008,0.0878,51370494.2,0.035,conservative_overlay,934
1.1661,0.9568,0.3827,0.0992,55436655.75,0.0378,conservative_overlay,935
1.1723,0.9989,0.3995,0.0997,58177634.32,0.0396,conservative_overlay,936
1.0847,0.974,0.3896,0.0923,52492302.3,0.0358,conservative_overlay,937
1.2052,1.0015,0.4006,0.1025,59969734.76,0.0409,conservative_overlay,938
1.19,0.9908,0.3963,0.1013,58581425.8,0.0399,conservative_overlay,939
1.1665,1.0151,0.406,0.0993,58832933.75,0.0401,conservative_overlay,940
1.249,1.0424,0.417,0.1063,64687749.53,0.0441,conservative_overlay,941
1.1106,1.018,0.4072,0.0945,56170174.25,0.0383,conservative_overlay,942
1.1299,1.0008,0.4003,0.0961,56182198.43,0.0383,conservative_overlay,943
1.1399,1.0149,0.4059,0.097,57478108.43,0.0392,conservative_overlay,944
1.1559,0.954,0.3816,0.0984,54789222.11,0.0373,conservative_overlay,945
1.1471,1.0282,0.4113,0.0976,58605840.16,0.0399,conservative_overlay,946
1.1157,0.9949,0.3979,0.0949,55149011.04,0.0376,conservative_overlay,947
1.1684,0.9846,0.3938,0.0994,57152723.12,0.0389,conservative_overlay,948
1.2584,0.9891,0.3957,0.1071,61843879.0,0.0421,conservative_overlay,949
1.1095,0.9443,0.3777,0.0944,52052844.23,0.0355,conservative_overlay,950
1.2282,1.0373,0.4149,0.1045,63302000.91,0.0431,conservative_overlay,951
1.2694,0.979,0.3916,0.108,61748958.76,0.0421,conservative_overlay,952
1.1432,0.9961,0.3984,0.0973,56579705.83,0.0385,conservative_overlay,953
1.2161,0.9527,0.3811,0.1035,57564807.29,0.0392,conservative_overlay,954
1.1409,0.9527,0.3811,0.0971,54000653.74,0.0368,conservative_overlay,955
1.0976,0.9494,0.3798,0.0934,51773600.95,0.0353,conservative_overlay,956
1.1694,0.9704,0.3882,0.0995,56382375.83,0.0384,conservative_overlay,957
1.1344,0.92,0.368,0.0965,51853504.78,0.0353,conservative_overlay,958
1.2052,0.9933,0.3973,0.1025,59477201.74,0.0405,conservative_overlay,959
1.168,0.9998,0.3999,0.0994,58019079.86,0.0395,conservative_overlay,960
1.1266,0.9984,0.3994,0.0959,55885662.88,0.0381,conservative_overlay,961
1.2049,1.007,0.4028,0.1025,60280114.89,0.0411,conservative_overlay,962
1.0963,1.023,0.4092,0.0933,55723729.28,0.038,conservative_overlay,963
1.0352,1.0256,0.4102,0.0881,52747290.18,0.0359,conservative_overlay,964
1.0634,1.0179,0.4071,0.0905,53776550.87,0.0366,conservative_overlay,965
1.1871,0.9568,0.3827,0.101,56431501.39,0.0384,conservative_overlay,966
1.0704,1.0337,0.4135,0.0911,54975430.7,0.0375,conservative_overlay,967
1.0993,0.9689,0.3876,0.0935,52921999.39,0.0361,conservative_overlay,968
1.1301,0.9764,0.3905,0.0962,54821695.79,0.0374,conservative_overlay,969
1.1185,0.9793,0.3917,0.0952,54420530.84,0.0371,conservative_overlay,970
1.0846,1.0038,0.4015,0.0923,54092819.86,0.0369,conservative_overlay,971
1.15,1.0089,0.4035,0.0978,57642106.69,0.0393,conservative_overlay,972
1.1962,1.0165,0.4066,0.1018,60415479.6,0.0412,conservative_overlay,973
1.1891,1.0002,0.4001,0.1012,59090069.84,0.0403,conservative_overlay,974
1.1902,1.0522,0.4209,0.1013,62221106.47,0.0424,conservative_overlay,975
1.1239,1.0025,0.401,0.0956,55985230.47,0.0381,conservative_overlay,976
1.1538,1.0106,0.4043,0.0982,57936604.42,0.0395,conservative_overlay,977
1.203,0.9553,0.3821,0.1024,57097832.78,0.0389,conservative_overlay,978
1.1936,0.987,0.3948,0.1016,58534223.0,0.0399,conservative_overlay,979
1.1542,0.9985,0.3994,0.0982,57260940.23,0.039,conservative_overlay,980
1.1037,0.9911,0.3964,0.0939,54351010.67,0.037,conservative_overlay,981
1.1767,0.9933,0.3973,0.1001,58075565.25,0.0396,conservative_overlay,982
1.17,1.0005,0.4002,0.0995,58158061.28,0.0396,conservative_overlay,983
1.1926,1.0181,0.4072,0.1015,60323019.24,0.0411,conservative_overlay,984
1.2201,0.9949,0.398,0.1038,60309837.18,0.0411,conservative_overlay,985
1.05,0.9724,0.389,0.0893,50730610.23,0.0346,conservative_overlay,986
1.1419,1.0162,0.4065,0.0972,57650280.07,0.0393,conservative_overlay,987
1.1405,1.0487,0.4195,0.097,59426925.53,0.0405,conservative_overlay,988
1.1389,0.9965,0.3986,0.0969,56388893.19,0.0384,conservative_overlay,989
1.1545,1.0031,0.4012,0.0982,57540266.68,0.0392,conservative_overlay,990
1.1813,0.9642,0.3857,0.1005,56588484.67,0.0386,conservative_overlay,991
1.0717,0.9988,0.3995,0.0912,53184241.67,0.0362,conservative_overlay,992
1.1397,1.0004,0.4002,0.097,56652354.47,0.0386,conservative_overlay,993
1.0639,1.0361,0.4144,0.0905,54766862.23,0.0373,conservative_overlay,994
1.2746,1.0111,0.4044,0.1085,64034269.14,0.0436,conservative_overlay,995
1.0598,1.0487,0.4195,0.0902,55222600.04,0.0376,conservative_overlay,996
1.1822,1.0082,0.4033,0.1006,59216719.63,0.0403,conservative_overlay,997
1.1726,1.0093,0.4037,0.0998,58799502.93,0.0401,conservative_overlay,998
1.1718,0.9983,0.3993,0.0997,58119802.02,0.0396,conservative_overlay,999
1.2321,0.9943,0.3977,0.1048,60870181.54,0.0415,conservative_overlay,1000
1.1179,1.0205,0.4082,0.0951,56681001.49,0.0386,conservative_overlay,1001
1.2451,1.0213,0.4085,0.1059,63180670.45,0.043,conservative_overlay,1002
1.0827,1.0304,0.4122,0.0921,55431226.49,0.0378,conservative_overlay,1003
1.0819,0.9674,0.387,0.0921,52002652.44,0.0354,conservative_overlay,1004
1.1216,1.0051,0.402,0.0954,56010022.47,0.0382,conservative_overlay,1005
1.1069,1.0292,0.4117,0.0942,56602204.24,0.0386,conservative_overlay,1006
1.0599,0.9788,0.3915,0.0902,51544550.16,0.0351,conservative_overlay,1007
1.1305,0.9595,0.3838,0.0962,53892826.98,0.0367,conservative_overlay,1008
1.0694,1.0002,0.4001,0.091,53142441.75,0.0362,conservative_overlay,1009
1.1125,1.0623,0.4249,0.0947,58720511.14,0.04,conservative_overlay,1010
1.1465,0.9625,0.385,0.0975,54828864.27,0.0374,conservative_overlay,1011
1.1604,1.0564,0.4226,0.0987,60903644.24,0.0415,conservative_overlay,1012
1.137,0.99,0.396,0.0967,55927721.58,0.0381,conservative_overlay,1013
1.1628,1.0235,0.4094,0.0989,59127471.26,0.0403,conservative_overlay,1014
1.1472,1.0142,0.4057,0.0976,57803970.57,0.0394,conservative_overlay,1015
1.1994,0.988,0.3952,0.1021,58877319.9,0.0401,conservative_overlay,1016
1.0439,1.0315,0.4126,0.0888,53500481.09,0.0364,conservative_overlay,1017
1.1296,1.0133,0.4053,0.0961,56870644.98,0.0387,conservative_overlay,1018
1.1413,1.0054,0.4022,0.0971,57011846.74,0.0388,conservative_overlay,1019
1.199,0.9579,0.3831,0.102,57059811.79,0.0389,conservative_overlay,1020
1.2443,1.008,0.4032,0.1059,62321579.59,0.0425,conservative_overlay,1021
1.0752,0.9898,0.3959,0.0915,52875076.17,0.036,conservative_overlay,1022
1.1436,1.0332,0.4133,0.0973,58704033.47,0.04,conservative_overlay,1023
1.1012,1.0107,0.4043,0.0937,55296394.74,0.0377,conservative_overlay,1024
1.1785,0.9962,0.3985,0.1003,58333954.85,0.0397,conservative_overlay,1025
1.0539,1.0004,0.4002,0.0897,52388135.72,0.0357,conservative_overlay,1026
1.1914,0.9827,0.3931,0.1014,58172755.08,0.0396,conservative_overlay,1027
1.1469,0.9942,0.3977,0.0976,56653748.47,0.0386,conservative_overlay,1028
1.1074,0.9742,0.3897,0.0942,53598719.43,0.0365,conservative_overlay,1029
1.1773,1.0204,0.4081,0.1002,59683310.44,0.0407,conservative_overlay,1030
1.1765,0.9842,0.3937,0.1001,57528729.68,0.0392,conservative_overlay,1031
1.1453,1.0156,0.4062,0.0974,57790598.75,0.0394,conservative_overlay,1032
1.0501,0.9842,0.3937,0.0893,51348707.29,0.035,conservative_overlay,1033
1.1358,0.9639,0.3855,0.0966,54391414.84,0.0371,conservative_overlay,1034
1.126,0.9666,0.3867,0.0958,54076614.38,0.0368,conservative_overlay,1035
1.1918,0.9567,0.3827,0.1014,56650825.1,0.0386,conservative_overlay,1036
1.1446,1.0047,0.4019,0.0974,57132058.79,0.0389,conservative_overlay,1037
1.2176,1.0254,0.4102,0.1036,62034740.38,0.0423,conservative_overlay,1038
1.103,1.0587,0.4235,0.0938,58021477.87,0.0395,conservative_overlay,1039
1.202,1.0204,0.4082,0.1023,60940506.34,0.0415,conservative_overlay,1040
1.0468,0.9882,0.3953,0.0891,51397478.77,0.035,conservative_overlay,1041
1.1027,1.028,0.4112,0.0938,56324412.79,0.0384,conservative_overlay,1042
1.1444,1.0127,0.4051,0.0974,57581845.23,0.0392,conservative_overlay,1043
1.1554,0.9827,0.3931,0.0983,56414317.16,0.0384,conservative_overlay,1044
1.0309,1.0287,0.4115,0.0877,52688674.39,0.0359,conservative_overlay,1045
1.1107,1.0016,0.4006,0.0945,55271382.13,0.0377,conservative_overlay,1046
1.2209,0.9955,0.3982,0.1039,60385981.71,0.0411,conservative_overlay,1047
1.1594,0.9571,0.3828,0.0986,55130116.32,0.0376,conservative_overlay,1048
1.1612,1.0127,0.4051,0.0988,58428377.86,0.0398,conservative_overlay,1049
1.1843,0.9332,0.3733,0.1008,54911056.37,0.0374,conservative_overlay,1050
1.1454,0.9883,0.3953,0.0975,56243950.03,0.0383,conservative_overlay,1051
1.0586,0.9806,0.3922,0.0901,51575095.25,0.0351,conservative_overlay,1052
1.1036,1.0179,0.4071,0.0939,55813853.49,0.038,conservative_overlay,1053
1.1416,1.0078,0.4031,0.0971,57160784.13,0.0389,conservative_overlay,1054
1.2012,1.007,0.4028,0.1022,60095607.39,0.0409,conservative_overlay,1055
1.1781,1.0306,0.4122,0.1002,60327054.23,0.0411,conservative_overlay,1056
1.1408,1.0822,0.4329,0.0971,61340527.66,0.0418,conservative_overlay,1057
1.1477,0.9995,0.3998,0.0977,56997398.08,0.0388,conservative_overlay,1058
1.2073,0.9814,0.3926,0.1027,58871826.18,0.0401,conservative_overlay,1059
1.1541,0.951,0.3804,0.0982,54528696.65,0.0372,conservative_overlay,1060
1.0313,1.004,0.4016,0.0877,51445080.91,0.035,conservative_overlay,1061
1.138,1.0054,0.4022,0.0968,56848684.3,0.0387,conservative_overlay,1062
1.0742,1.0276,0.411,0.0914,54845565.78,0.0374,conservative_overlay,1063
1.2268,1.0286,0.4114,0.1044,62691832.59,0.0427,conservative_overlay,1064
1.1005,1.0302,0.4121,0.0936,56329687.78,0.0384,conservative_overlay,1065
1.1061,1.0421,0.4168,0.0941,57272405.76,0.039,conservative_overlay,1066
1.1163,1.0279,0.4111,0.095,57008808.06,0.0388,conservative_overlay,1067
1.1773,1.0122,0.4049,0.1002,59209442.6,0.0403,conservative_overlay,1068
1.1624,0.9757,0.3903,0.0989,56347199.0,0.0384,conservative_overlay,1069
1.0577,1.0034,0.4014,0.09,52732406.41,0.0359,conservative_overlay,1070
1.1784,0.986,0.3944,0.1003,57728352.95,0.0393,conservative_overlay,1071
1.1624,1.0458,0.4183,0.0989,60399026.73,0.0411,conservative_overlay,1072
1.1335,1.0241,0.4096,0.0964,57677428.66,0.0393,conservative_overlay,1073
1.1428,1.0012,0.4005,0.0972,56850560.42,0.0387,conservative_overlay,1074
1.0858,1.0111,0.4045,0.0924,54550872.45,0.0372,conservative_overlay,1075
1.0435,0.9638,0.3855,0.0888,49973938.47,0.034,conservative_overlay,1076
1.1844,0.9671,0.3868,0.1008,56906933.51,0.0388,conservative_overlay,1077
1.084,1.0045,0.4018,0.0922,54101939.44,0.0369,conservative_overlay,1078
1.1832,0.9706,0.3882,0.1007,57058132.47,0.0389,conservative_overlay,1079
1.1975,1.0003,0.4001,0.1019,59518204.5,0.0405,conservative_overlay,1080
1.0893,0.9751,0.39,0.0927,52772399.36,0.036,conservative_overlay,1081
1.2616,1.005,0.402,0.1073,62993636.93,0.0429,conservative_overlay,1082
1.1959,1.0205,0.4082,0.1017,60634937.34,0.0413,conservative_overlay,1083
1.1562,1.0105,0.4042,0.0984,58045311.27,0.0395,conservative_overlay,1084
1.1986,0.9886,0.3955,0.102,58877242.27,0.0401,conservative_overlay,1085
1.2382,1.0301,0.412,0.1053,63372352.95,0.0432,conservative_overlay,1086
1.1584,0.9931,0.3973,0.0986,57159839.4,0.0389,conservative_overlay,1087
1.1702,0.989,0.3956,0.0996,57505688.96,0.0392,conservative_overlay,1088
1.2194,1.0442,0.4177,0.1038,63263938.76,0.0431,conservative_overlay,1089
1.1111,0.9637,0.3855,0.0945,53198536.46,0.0362,conservative_overlay,1090
1.1821,0.9874,0.395,0.1006,57995387.56,0.0395,conservative_overlay,1091
1.1719,0.9319,0.3727,0.0997,54260452.18,0.037,conservative_overlay,1092
1.1645,0.9763,0.3905,0.0991,56488883.08,0.0385,conservative_overlay,1093
1.2259,0.9893,0.3957,0.1043,60256163.67,0.0411,conservative_overlay,1094
1.1127,0.9925,0.397,0.0947,54868814.3,0.0374,conservative_overlay,1095
1.1913,1.0183,0.4073,0.1014,60272113.33,0.0411,conservative_overlay,1096
1.1805,1.0037,0.4015,0.1004,58870561.92,0.0401,conservative_overlay,1097
1.0679,1.0018,0.4007,0.0909,53157413.19,0.0362,conservative_overlay,1098
1.1292,1.016,0.4064,0.0961,57004076.28,0.0388,conservative_overlay,1099
1.1206,1.004,0.4016,0.0953,55903200.35,0.0381,conservative_overlay,1100
1.1142,0.9716,0.3887,0.0948,53788271.27,0.0366,conservative_overlay,1101
1.1728,1.0431,0.4172,0.0998,60780434.13,0.0414,conservative_overlay,1102
1.0882,0.9803,0.3921,0.0926,53001779.65,0.0361,conservative_overlay,1103
1.1264,1.0596,0.4239,0.0958,59303544.32,0.0404,conservative_overlay,1104
1.1403,1.0193,0.4077,0.097,57748204.54,0.0393,conservative_overlay,1105
1.1536,1.0241,0.4096,0.0982,58695170.01,0.04,conservative_overlay,1106
1.1531,1.0399,0.416,0.0981,59578387.44,0.0406,conservative_overlay,1107
1.1705,1.0183,0.4073,0.0996,59220687.5,0.0403,conservative_overlay,1108
1.0934,0.9558,0.3823,0.093,51924156.72,0.0354,conservative_overlay,1109
1.1718,0.9589,0.3836,0.0997,55829068.31,0.038,conservative_overlay,1110
1.1074,1.005,0.402,0.0942,55296867.03,0.0377,conservative_overlay,1111
1.2004,0.9678,0.3871,0.1021,57723339.05,0.0393,conservative_overlay,1112
1.1437,1.0165,0.4066,0.0973,57763079.62,0.0394,conservative_overlay,1113
1.0761,1.0316,0.4126,0.0916,55155581.22,0.0376,conservative_overlay,1114
1.2224,1.0103,0.4041,0.104,61361712.43,0.0418,conservative_overlay,1115
1.1453,1.0463,0.4185,0.0974,59540061.67,0.0406,conservative_overlay,1116
1.116,1.0,0.4,0.095,55448103.35,0.0378,conservative_overlay,1117
1.1273,1.0173,0.4069,0.0959,56980858.91,0.0388,conservative_overlay,1118
1.1589,0.9995,0.3998,0.0986,57549890.88,0.0392,conservative_overlay,1119
1.1467,0.9524,0.3809,0.0976,54262160.84,0.037,conservative_overlay,1120
1.1991,0.963,0.3852,0.102,57373046.89,0.0391,conservative_overlay,1121
1.1063,1.0548,0.4219,0.0941,57977167.52,0.0395,conservative_overlay,1122
1.206,1.0027,0.4011,0.1026,60085270.24,0.0409,conservative_overlay,1123
1.107,1.0013,0.4005,0.0942,55073260.52,0.0375,conservative_overlay,1124
1.2211,1.0477,0.4191,0.1039,63565439.3,0.0433,conservative_overlay,1125
1.1946,0.9916,0.3966,0.1016,58851715.71,0.0401,conservative_overlay,1126
1.0419,1.0124,0.4049,0.0886,52406671.57,0.0357,conservative_overlay,1127
1.101,0.9825,0.393,0.0937,53745693.18,0.0366,conservative_overlay,1128
1.0946,1.0321,0.4128,0.0931,56126951.32,0.0382,conservative_overlay,1129
1.1389,1.0207,0.4083,0.0969,57761296.19,0.0394,conservative_overlay,1130
1.168,0.9713,0.3885,0.0994,56362899.08,0.0384,conservative_overlay,1131
1.2262,0.9281,0.3712,0.1043,56544424.19,0.0385,conservative_overlay,1132
1.1336,1.0089,0.4036,0.0965,56826830.52,0.0387,conservative_overlay,1133
1.2271,1.0212,0.4085,0.1044,62264313.34,0.0424,conservative_overlay,1134
1.1243,1.0092,0.4037,0.0957,56375904.39,0.0384,conservative_overlay,1135
1.1597,1.0027,0.4011,0.0987,57771834.09,0.0394,conservative_overlay,1136
1.2731,0.9678,0.3871,0.1083,61214629.25,0.0417,conservative_overlay,1137
1.1771,0.9997,0.3999,0.1001,58465567.71,0.0398,conservative_overlay,1138
1.1098,0.9686,0.3874,0.0944,53407465.37,0.0364,conservative_overlay,1139
1.1954,1.0161,0.4064,0.1017,60348687.33,0.0411,conservative_overlay,1140
1.1046,1.0535,0.4214,0.094,57813904.74,0.0394,conservative_overlay,1141
1.1018,1.019,0.4076,0.0937,55779976.06,0.038,conservative_overlay,1142
1.0948,1.0474,0.419,0.0932,56975546.18,0.0388,conservative_overlay,1143
1.168,1.0128,0.4051,0.0994,58770936.19,0.04,conservative_overlay,1144
1.1271,1.0102,0.4041,0.0959,56570435.63,0.0385,conservative_overlay,1145
1.0893,0.9855,0.3942,0.0927,53332895.45,0.0363,conservative_overlay,1146
1.0833,1.0066,0.4026,0.0922,54174305.93,0.0369,conservative_overlay,1147
1.1964,0.9986,0.3994,0.1018,59356936.27,0.0404,conservative_overlay,1148
1.2164,0.9715,0.3886,0.1035,58714004.55,0.04,conservative_overlay,1149
1.2274,1.0524,0.421,0.1044,64181737.47,0.0437,conservative_overlay,1150
1.1124,1.0151,0.4061,0.0946,56107364.97,0.0382,conservative_overlay,1151
1.1823,0.9532,0.3813,0.1006,55994020.15,0.0381,conservative_overlay,1152
1.1015,0.9715,0.3886,0.0937,53166645.55,0.0362,conservative_overlay,1153
1.205,0.9953,0.3981,0.1025,59588947.25,0.0406,conservative_overlay,1154
1.1183,1.0692,0.4277,0.0951,59406113.41,0.0405,conservative_overlay,1155
1.0949,1.0217,0.4087,0.0932,55579644.47,0.0379,conservative_overlay,1156
1.1339,0.9904,0.3962,0.0965,55797324.71,0.038,conservative_overlay,1157
1.1677,1.0005,0.4002,0.0994,58045974.85,0.0395,conservative_overlay,1158
1.1877,1.0125,0.405,0.1011,59750629.19,0.0407,conservative_overlay,1159
1.1223,0.9626,0.385,0.0955,53673425.24,0.0366,conservative_overlay,1160
0.965,0.9734,0.3894,0.0821,46669755.0,0.0318,conservative_overlay,1161
1.1301,0.9756,0.3902,0.0962,54778967.53,0.0373,conservative_overlay,1162
1.1822,0.983,0.3932,0.1006,57736711.11,0.0393,conservative_overlay,1163
1.266,1.0339,0.4136,0.1077,65030828.22,0.0443,conservative_overlay,1164
1.1973,1.0212,0.4085,0.1019,60747484.55,0.0414,conservative_overlay,1165
1.0784,0.9738,0.3895,0.0918,52175061.93,0.0355,conservative_overlay,1166
1.1313,0.9989,0.3996,0.0963,56149300.24,0.0383,conservative_overlay,1167
1.1598,1.0105,0.4042,0.0987,58226832.37,0.0397,conservative_overlay,1168
1.1349,1.0085,0.4034,0.0966,56868197.84,0.0387,conservative_overlay,1169
1.0868,0.9375,0.375,0.0925,50624472.31,0.0345,conservative_overlay,1170
1.1543,1.0384,0.4154,0.0982,59551428.06,0.0406,conservative_overlay,1171
1.1645,0.9838,0.3935,0.0991,56922498.08,0.0388,conservative_overlay,1172
1.2057,1.0482,0.4193,0.1026,62791607.54,0.0428,conservative_overlay,1173
1.1359,0.9758,0.3903,0.0966,55069901.38,0.0375,conservative_overlay,1174
1.1017,0.9611,0.3845,0.0937,52611237.21,0.0358,conservative_overlay,1175
1.2345,0.9753,0.3901,0.105,59821956.81,0.0408,conservative_overlay,1176
1.1509,0.9981,0.3992,0.0979,57073263.02,0.0389,conservative_overlay,1177
1.1172,1.0576,0.423,0.0951,58704731.21,0.04,conservative_overlay,1178
1.1686,0.961,0.3844,0.0994,55797280.45,0.038,conservative_overlay,1179
1.1552,1.0666,0.4266,0.0983,61218695.27,0.0417,conservative_overlay,1180
1.129,1.0213,0.4085,0.0961,57285124.97,0.039,conservative_overlay,1181
1.2184,1.0024,0.401,0.1037,60681843.69,0.0413,conservative_overlay,1182
1.1282,1.0013,0.4005,0.096,56125190.75,0.0382,conservative_overlay,1183
1.0948,1.0145,0.4058,0.0931,55180613.42,0.0376,conservative_overlay,1184
1.087,1.0109,0.4043,0.0925,54592238.37,0.0372,conservative_overlay,1185
1.1629,1.0245,0.4098,0.0989,59191875.35,0.0403,conservative_overlay,1186
1.0585,0.9846,0.3938,0.0901,51780808.85,0.0353,conservative_overlay,1187
1.1314,1.0323,0.4129,0.0963,58029190.02,0.0395,conservative_overlay,1188
1.1083,0.9887,0.3955,0.0943,54440694.78,0.0371,conservative_overlay,1189
1.0875,1.0274,0.411,0.0925,55516614.51,0.0378,conservative_overlay,1190
1.1606,0.9895,0.3958,0.0987,57060401.09,0.0389,conservative_overlay,1191
1.0966,0.9746,0.3899,0.0933,53103996.83,0.0362,conservative_overlay,1192
1.0916,0.9928,0.3971,0.0929,53846532.06,0.0367,conservative_overlay,1193
1.1176,0.9747,0.3899,0.0951,54121832.56,0.0369,conservative_overlay,1194
1.203,1.0017,0.4007,0.1024,59874111.58,0.0408,conservative_overlay,1195
1.2333,0.9787,0.3915,0.1049,59975338.71,0.0409,conservative_overlay,1196
1.2477,1.0238,0.4095,0.1062,63468017.97,0.0432,conservative_overlay,1197
1.1106,0.9917,0.3967,0.0945,54719587.76,0.0373,conservative_overlay,1198
1.1837,0.936,0.3744,0.1007,55047924.52,0.0375,conservative_overlay,1199
1.1907,0.9607,0.3843,0.1013,56836852.37,0.0387,conservative_overlay,1200
1.1251,1.0097,0.4039,0.0957,56443778.34,0.0385,conservative_overlay,1201
1.1124,0.9906,0.3962,0.0946,54749191.21,0.0373,conservative_overlay,1202
1.17,1.0165,0.4066,0.0995,59086668.69,0.0403,conservative_overlay,1203
1.034,1.0264,0.4106,0.088,52728255.24,0.0359,conservative_overlay,1204
1.1151,0.9863,0.3945,0.0949,54640952.88,0.0372,conservative_overlay,1205
1.0644,0.9733,0.3893,0.0906,51473011.03,0.0351,conservative_overlay,1206
1.213,0.951,0.3804,0.1032,57318321.87,0.0391,conservative_overlay,1207
1.1526,1.046,0.4184,0.0981,59902111.06,0.0408,conservative_overlay,1208
1.2,1.0015,0.4006,0.1021,59710906.0,0.0407,conservative_overlay,1209
1.0954,0.9962,0.3985,0.0932,54216883.97,0.0369,conservative_overlay,1210
1.1447,0.9791,0.3916,0.0974,55683264.09,0.0379,conservative_overlay,1211
1.1175,0.9884,0.3954,0.0951,54880487.1,0.0374,conservative_overlay,1212
1.1152,1.0142,0.4057,0.0949,56196292.03,0.0383,conservative_overlay,1213
1.1729,0.9578,0.3831,0.0998,55813021.05,0.038,conservative_overlay,1214
1.1868,0.9821,0.3929,0.101,57913972.76,0.0395,conservative_overlay,1215
1.0648,1.0116,0.4047,0.0906,53518960.94,0.0365,conservative_overlay,1216
1.1587,0.9632,0.3853,0.0986,55450878.97,0.0378,conservative_overlay,1217
1.1847,1.0409,0.4164,0.1008,61272947.34,0.0417,conservative_overlay,1218
1.1083,1.0443,0.4177,0.0943,57505724.66,0.0392,conservative_overlay,1219
1.1328,0.9832,0.3933,0.0964,55338718.12,0.0377,conservative_overlay,1220
1.1292,1.0065,0.4026,0.0961,56468021.17,0.0385,conservative_overlay,1221
1.1796,1.0239,0.4096,0.1004,60011887.83,0.0409,conservative_overlay,1222
1.1089,1.007,0.4028,0.0943,55482583.39,0.0378,conservative_overlay,1223
1.1946,0.9347,0.3739,0.1016,55477736.97,0.0378,conservative_overlay,1224
1.1039,1.0,0.4,0.0939,54843207.79,0.0374,conservative_overlay,1225
1.1849,0.9753,0.3901,0.1008,57417453.78,0.0391,conservative_overlay,1226
1.1301,1.0213,0.4085,0.0962,57342889.39,0.0391,conservative_overlay,1227
1.1807,1.0062,0.4025,0.1005,59026827.35,0.0402,conservative_overlay,1228
1.1189,0.9731,0.3892,0.0952,54093810.48,0.0369,conservative_overlay,1229
1.242,1.017,0.4068,0.1057,62758028.39,0.0428,conservative_overlay,1230
1.2011,1.0225,0.409,0.1022,61016637.49,0.0416,conservative_overlay,1231
1.1867,0.9849,0.3939,0.101,58066705.35,0.0396,conservative_overlay,1232
1.1544,1.0497,0.4199,0.0982,60205408.4,0.041,conservative_overlay,1233
1.1765,0.9949,0.398,0.1001,58157142.22,0.0396,conservative_overlay,1234
1.2051,1.0351,0.414,0.1025,61973381.06,0.0422,conservative_overlay,1235
1.1529,1.1136,0.4454,0.0981,63787660.16,0.0435,conservative_overlay,1236
1.1194,1.0245,0.4098,0.0952,56981487.42,0.0388,conservative_overlay,1237
1.1203,1.0082,0.4033,0.0953,56116653.7,0.0382,conservative_overlay,1238
1.2146,1.0214,0.4085,0.1033,61634026.86,0.042,conservative_overlay,1239
1.1707,0.9905,0.3962,0.0996,57613826.04,0.0393,conservative_overlay,1240
1.0554,0.9693,0.3877,0.0898,50823678.39,0.0346,conservative_overlay,1241
1.0712,0.9911,0.3965,0.0911,52748938.51,0.0359,conservative_overlay,1242
1.1389,0.9753,0.3901,0.0969,55190692.53,0.0376,conservative_overlay,1243
1.1014,1.0539,0.4216,0.0937,57670313.51,0.0393,conservative_overlay,1244
1.066,0.961,0.3844,0.0907,50895484.22,0.0347,conservative_overlay,1245
1.157,0.9847,0.3939,0.0984,56608977.8,0.0386,conservative_overlay,1246
1.1086,0.9874,0.395,0.0943,54390059.25,0.0371,conservative_overlay,1247
1.1507,0.9801,0.392,0.0979,56033999.13,0.0382,conservative_overlay,1248
1.1778,0.98,0.392,0.1002,57348806.21,0.0391,conservative_overlay,1249
1.0958,0.9458,0.3783,0.0932,51491150.51,0.0351,conservative_overlay,1250
1.162,0.969,0.3876,0.0989,55941046.08,0.0381,conservative_overlay,1251
1.1433,0.9663,0.3865,0.0973,54889171.04,0.0374,conservative_overlay,1252
1.1169,0.9717,0.3887,0.095,53924309.55,0.0367,conservative_overlay,1253
1.1483,0.9762,0.3905,0.0977,55692840.4,0.0379,conservative_overlay,1254
1.0665,0.9912,0.3965,0.0907,52519239.96,0.0358,conservative_overlay,1255
1.2211,0.9628,0.3851,0.1039,58411490.95,0.0398,conservative_overlay,1256
1.1801,0.9893,0.3957,0.1004,58006460.49,0.0395,conservative_overlay,1257
1.0938,0.9763,0.3905,0.0931,53057689.63,0.0361,conservative_overlay,1258
1.1084,0.9689,0.3876,0.0943,53359987.13,0.0364,conservative_overlay,1259
1.1246,0.9749,0.39,0.0957,54471803.51,0.0371,conservative_overlay,1260
1.1727,1.0073,0.4029,0.0998,58686200.15,0.04,conservative_overlay,1261
1.1396,1.0472,0.4189,0.097,59296336.81,0.0404,conservative_overlay,1262
1.2482,0.9937,0.3975,0.1062,61630561.61,0.042,conservative_overlay,1263
1.1699,1.0535,0.4214,0.0995,61234497.05,0.0417,conservative_overlay,1264
1.2013,1.023,0.4092,0.1022,61056005.26,0.0416,conservative_overlay,1265
1.1273,0.9764,0.3906,0.0959,54689457.18,0.0373,conservative_overlay,1266
1.2736,0.9498,0.3799,0.1084,60100537.68,0.0409,conservative_overlay,1267
1.1357,0.969,0.3876,0.0966,54677213.6,0.0373,conservative_overlay,1268
1.1959,1.0078,0.4031,0.1018,59880577.09,0.0408,conservative_overlay,1269
1.1763,1.0396,0.4158,0.1001,60757450.6,0.0414,conservative_overlay,1270
1.1269,1.0656,0.4262,0.0959,59663836.24,0.0406,conservative_overlay,1271
1.1872,1.0146,0.4058,0.101,59846877.77,0.0408,conservative_overlay,1272
1.0668,1.0599,0.424,0.0908,56175614.75,0.0383,conservative_overlay,1273
1.1976,1.0454,0.4182,0.1019,62202533.05,0.0424,conservative_overlay,1274
1.1623,0.9624,0.3849,0.0989,55577219.21,0.0379,conservative_overlay,1275
1.1722,0.9946,0.3978,0.0997,57925447.54,0.0395,conservative_overlay,1276
1.1103,1.0313,0.4125,0.0945,56892276.88,0.0388,conservative_overlay,1277
1.0597,1.0047,0.4019,0.0902,52897712.35,0.036,conservative_overlay,1278
1.1815,0.9721,0.3888,0.1005,57066861.22,0.0389,conservative_overlay,1279
1.2015,0.9522,0.3809,0.1022,56840886.64,0.0387,conservative_overlay,1280
1.1427,0.9362,0.3745,0.0972,53150084.24,0.0362,conservative_overlay,1281
1.2033,1.0241,0.4097,0.1024,61226761.31,0.0417,conservative_overlay,1282
1.1866,1.0119,0.4048,0.101,59659940.13,0.0406,conservative_overlay,1283
1.2068,0.9904,0.3961,0.1027,59382527.27,0.0405,conservative_overlay,1284
1.1247,1.0205,0.4082,0.0957,57026401.52,0.0389,conservative_overlay,1285
1.1787,1.0094,0.4037,0.1003,59113067.49,0.0403,conservative_overlay,1286
1.1661,1.0024,0.401,0.0992,58075204.99,0.0396,conservative_overlay,1287
1.2395,0.9449,0.3779,0.1055,58187159.9,0.0396,conservative_overlay,1288
1.1533,0.9948,0.3979,0.0981,57002414.53,0.0388,conservative_overlay,1289
1.1452,1.0245,0.4098,0.0974,58292868.17,0.0397,conservative_overlay,1290
1.0713,1.0498,0.4199,0.0911,55879508.2,0.0381,conservative_overlay,1291
1.1387,0.9609,0.3844,0.0969,54365277.65,0.037,conservative_overlay,1292
1.1742,0.9267,0.3707,0.0999,54065503.67,0.0368,conservative_overlay,1293
1.0845,0.9928,0.3971,0.0923,53495484.96,0.0364,conservative_overlay,1294
1.1677,0.9754,0.3902,0.0994,56589813.2,0.0386,conservative_overlay,1295
1.1346,1.0406,0.4162,0.0965,58660435.94,0.04,conservative_overlay,1296
1.1361,1.034,0.4136,0.0967,58362858.84,0.0398,conservative_overlay,1297
1.1512,0.9773,0.3909,0.098,55899346.66,0.0381,conservative_overlay,1298
1.1235,0.9467,0.3787,0.0956,52845582.93,0.036,conservative_overlay,1299
1.1171,1.0174,0.407,0.0951,56469421.07,0.0385,conservative_overlay,1300
1.1425,0.9912,0.3965,0.0972,56266631.11,0.0383,conservative_overlay,1301
1.1553,0.9938,0.3975,0.0983,57044581.46,0.0389,conservative_overlay,1302
1.1624,0.9984,0.3994,0.0989,57662559.72,0.0393,conservative_overlay,1303
1.1312,0.9978,0.3991,0.0962,56081414.44,0.0382,conservative_overlay,1304
1.2457,1.0045,0.4018,0.106,62174261.62,0.0424,conservative_overlay,1305
1.1444,0.9891,0.3956,0.0974,56240456.7,0.0383,conservative_overlay,1306
1.153,1.0124,0.4049,0.0981,57992939.56,0.0395,conservative_overlay,1307
1.2575,0.9265,0.3706,0.107,57885604.69,0.0394,conservative_overlay,1308
1.1779,0.9969,0.3987,0.1002,58338770.09,0.0397,conservative_overlay,1309
1.1327,1.0622,0.4249,0.0964,59779658.66,0.0407,conservative_overlay,1310
1.0947,1.0098,0.4039,0.0931,54922160.01,0.0374,conservative_overlay,1311
1.1885,1.0811,0.4324,0.1011,63839062.06,0.0435,conservative_overlay,1312
1.1427,1.0193,0.4077,0.0972,57865869.4,0.0394,conservative_overlay,1313
1.2121,1.0058,0.4023,0.1031,60572937.18,0.0413,conservative_overlay,1314
1.131,0.9923,0.3969,0.0962,55762180.13,0.038,conservative_overlay,1315
1.1734,0.9843,0.3937,0.0998,57388622.16,0.0391,conservative_overlay,1316
1.1011,0.9666,0.3866,0.0937,52879900.66,0.036,conservative_overlay,1317
1.1574,0.9319,0.3727,0.0985,53588588.03,0.0365,conservative_overlay,1318
1.1118,0.9892,0.3957,0.0946,54641051.41,0.0372,conservative_overlay,1319
1.2453,1.0146,0.4058,0.106,62774001.64,0.0428,conservative_overlay,1320
1.1051,0.9944,0.3978,0.094,54597951.26,0.0372,conservative_overlay,1321
1.1259,1.0243,0.4097,0.0958,57301782.49,0.039,conservative_overlay,1322
1.2274,1.0105,0.4042,0.1044,61619534.2,0.042,conservative_overlay,1323
1.2091,1.0014,0.4006,0.1029,60159466.21,0.041,conservative_overlay,1324
1.1603,0.9902,0.3961,0.0987,57084346.26,0.0389,conservative_overlay,1325
1.0536,1.038,0.4152,0.0896,54336276.88,0.037,conservative_overlay,1326
1.1496,0.9652,0.3861,0.0978,55130215.91,0.0376,conservative_overlay,1327
1.0876,1.0266,0.4106,0.0925,55474175.45,0.0378,conservative_overlay,1328
1.176,0.9875,0.395,0.1001,57701317.14,0.0393,conservative_overlay,1329
1.1013,1.0443,0.4177,0.0937,57141524.39,0.0389,conservative_overlay,1330
1.1965,1.0135,0.4054,0.1018,60246000.08,0.041,conservative_overlay,1331
1.1462,1.027,0.4108,0.0975,58486934.18,0.0398,conservative_overlay,1332
1.154,0.9812,0.3925,0.0982,56261197.87,0.0383,conservative_overlay,1333
1.1016,0.9701,0.388,0.0937,53098346.57,0.0362,conservative_overlay,1334
1.0847,0.9761,0.3905,0.0923,52609236.61,0.0358,conservative_overlay,1335
1.2164,0.9428,0.3771,0.1035,56980707.69,0.0388,conservative_overlay,1336
1.0998,0.9837,0.3935,0.0936,53751969.78,0.0366,conservative_overlay,1337
1.2154,0.9988,0.3995,0.1034,60311816.35,0.0411,conservative_overlay,1338
1.1356,1.0329,0.4132,0.0966,58278637.77,0.0397,conservative_overlay,1339
1.1304,0.9389,0.3756,0.0962,52731940.94,0.0359,conservative_overlay,1340
1.2121,0.9785,0.3914,0.1031,58927610.88,0.0401,conservative_overlay,1341
1.2308,0.9995,0.3998,0.1047,61120597.92,0.0416,conservative_overlay,1342
1.2402,0.9929,0.3972,0.1055,61182652.38,0.0417,conservative_overlay,1343
1.1152,0.9535,0.3814,0.0949,52833905.79,0.036,conservative_overlay,1344
1.1515,1.0429,0.4172,0.098,59666858.11,0.0407,conservative_overlay,1345
1.2453,1.0514,0.4206,0.106,65052278.28,0.0443,conservative_overlay,1346
1.1262,1.0172,0.4069,0.0958,56921812.27,0.0388,conservative_overlay,1347
1.227,1.0062,0.4025,0.1044,61342975.71,0.0418,conservative_overlay,1348
1.0358,0.9908,0.3963,0.0881,50988336.17,0.0347,conservative_overlay,1349
1.195,1.0172,0.4069,0.1017,60397419.88,0.0411,conservative_overlay,1350
1.1864,1.0329,0.4132,0.1009,60889030.04,0.0415,conservative_overlay,1351
1.2024,0.9945,0.3978,0.1023,59413306.54,0.0405,conservative_overlay,1352
1.1265,1.0233,0.4093,0.0958,57271010.41,0.039,conservative_overlay,1353
1.1086,1.0303,0.4121,0.0943,56750453.22,0.0387,conservative_overlay,1354
1.1629,0.957,0.3828,0.0989,55291529.26,0.0377,conservative_overlay,1355
1.1204,0.983,0.3932,0.0953,54720694.52,0.0373,conservative_overlay,1356
1.1453,0.9782,0.3913,0.0974,55660957.16,0.0379,conservative_overlay,1357
1.168,1.0345,0.4138,0.0994,60033324.41,0.0409,conservative_overlay,1358
1.2085,0.9647,0.3859,0.1028,57925834.96,0.0395,conservative_overlay,1359
1.0614,1.0327,0.4131,0.0903,54460438.51,0.0371,conservative_overlay,1360
1.0835,0.9668,0.3867,0.0922,52049105.79,0.0355,conservative_overlay,1361
1.1357,1.0339,0.4136,0.0966,58341837.47,0.0397,conservative_overlay,1362
1.2254,0.9711,0.3884,0.1043,59122495.93,0.0403,conservative_overlay,1363
0.9538,1.0189,0.4076,0.0812,48285030.81,0.0329,conservative_overlay,1364
1.1631,0.9596,0.3838,0.099,55452035.51,0.0378,conservative_overlay,1365
1.157,1.0701,0.428,0.0984,61514843.0,0.0419,conservative_overlay,1366
1.2278,1.0094,0.4038,0.1045,61573931.37,0.042,conservative_overlay,1367
1.1219,1.0598,0.4239,0.0955,59072555.11,0.0402,conservative_overlay,1368
1.0772,1.0193,0.4077,0.0916,54550385.29,0.0372,conservative_overlay,1369
1.187,1.0267,0.4107,0.101,60547856.7,0.0413,conservative_overlay,1370
1.2278,1.0298,0.4119,0.1045,62819364.16,0.0428,conservative_overlay,1371
1.0373,1.0218,0.4087,0.0883,52661938.33,0.0359,conservative_overlay,1372
1.1829,1.0181,0.4073,0.1006,59837869.79,0.0408,conservative_overlay,1373
1.1563,1.0475,0.419,0.0984,60180917.25,0.041,conservative_overlay,1374
1.1264,0.9752,0.3901,0.0958,54579056.21,0.0372,conservative_overlay,1375
1.1627,0.9923,0.3969,0.0989,57323502.31,0.0391,conservative_overlay,1376
1.1687,1.0027,0.4011,0.0994,58225996.17,0.0397,conservative_overlay,1377
1.1932,1.0049,0.402,0.1015,59578034.82,0.0406,conservative_overlay,1378
1.1453,0.9956,0.3982,0.0974,56651171.16,0.0386,conservative_overlay,1379
1.1622,1.0032,0.4013,0.0989,57928566.59,0.0395,conservative_overlay,1380
1.1176,1.0029,0.4012,0.0951,55689800.71,0.0379,conservative_overlay,1381
1.0613,1.023,0.4092,0.0903,53941841.97,0.0368,conservative_overlay,1382
1.1502,0.9981,0.3993,0.0979,57038392.39,0.0389,conservative_overlay,1383
1.1709,0.9804,0.3922,0.0996,57037707.59,0.0389,conservative_overlay,1384
1.1104,0.9488,0.3795,0.0945,52346129.07,0.0357,conservative_overlay,1385
1.1557,0.9989,0.3995,0.0983,57357516.02,0.0391,conservative_overlay,1386
1.1329,1.047,0.4188,0.0964,58931656.9,0.0402,conservative_overlay,1387
1.0559,1.0423,0.4169,0.0898,54680850.68,0.0373,conservative_overlay,1388
1.0989,1.0111,0.4044,0.0935,55205715.38,0.0376,conservative_overlay,1389
1.0705,0.984,0.3936,0.0911,52337299.77,0.0357,conservative_overlay,1390
1.0914,0.9963,0.3985,0.0929,54025165.7,0.0368,conservative_overlay,1391
1.1656,1.0273,0.4109,0.0992,59491043.34,0.0405,conservative_overlay,1392
1.1682,1.0422,0.4169,0.0994,60487096.22,0.0412,conservative_overlay,1393
1.1615,1.047,0.4188,0.0988,60424159.02,0.0412,conservative_overlay,1394
1.1625,0.9981,0.3993,0.0989,57651581.75,0.0393,conservative_overlay,1395
1.1927,0.9272,0.3709,0.1015,54942520.49,0.0374,conservative_overlay,1396
1.1298,1.0257,0.4103,0.0961,57573945.8,0.0392,conservative_overlay,1397
1.1232,0.9799,0.392,0.0956,54684911.06,0.0373,conservative_overlay,1398
1.2419,1.0287,0.4115,0.1057,63475059.79,0.0432,conservative_overlay,1399
1.1497,0.9855,0.3942,0.0978,56295622.27,0.0384,conservative_overlay,1400
1.1845,1.007,0.4028,0.1008,59264166.13,0.0404,conservative_overlay,1401
1.1684,0.9718,0.3887,0.0994,56414471.63,0.0384,conservative_overlay,1402
1.0838,0.9877,0.3951,0.0922,53182974.59,0.0362,conservative_overlay,1403
1.1288,0.9566,0.3826,0.096,53648864.91,0.0366,conservative_overlay,1404
1.1453,0.9281,0.3712,0.0975,52813335.82,0.036,conservative_overlay,1405
1.096,0.9855,0.3942,0.0933,53665279.3,0.0366,conservative_overlay,1406
1.1506,1.0144,0.4058,0.0979,57992175.51,0.0395,conservative_overlay,1407
1.134,1.0185,0.4074,0.0965,57385437.75,0.0391,conservative_overlay,1408
1.1144,1.0133,0.4053,0.0948,56104496.74,0.0382,conservative_overlay,1409
1.1999,1.0579,0.4232,0.1021,63067659.23,0.043,conservative_overlay,1410
1.1135,1.0272,0.4109,0.0947,56830415.86,0.0387,conservative_overlay,1411
1.2151,1.018,0.4072,0.1034,61454236.55,0.0419,conservative_overlay,1412
1.0892,1.0587,0.4235,0.0927,57293325.95,0.039,conservative_overlay,1413
1.0934,0.9682,0.3873,0.093,52593783.13,0.0358,conservative_overlay,1414
1.1005,0.9979,0.3992,0.0936,54564860.47,0.0372,conservative_overlay,1415
1.1612,0.9739,0.3896,0.0988,56189863.75,0.0383,conservative_overlay,1416
1.1548,1.0151,0.406,0.0983,58242038.55,0.0397,conservative_overlay,1417
1.1523,0.9979,0.3992,0.098,57134103.04,0.0389,conservative_overlay,1418
1.1417,1.0132,0.4053,0.0971,57471774.1,0.0392,conservative_overlay,1419
1.1615,0.9868,0.3947,0.0988,56943883.52,0.0388,conservative_overlay,1420
1.1836,0.9547,0.3819,0.1007,56143624.1,0.0383,conservative_overlay,1421
1.2632,1.0021,0.4008,0.1075,62893468.45,0.0428,conservative_overlay,1422
1.1111,0.9913,0.3965,0.0945,54724304.9,0.0373,conservative_overlay,1423
1.1642,0.9925,0.397,0.0991,57413128.55,0.0391,conservative_overlay,1424
1.1087,1.0106,0.4043,0.0943,55671830.6,0.0379,conservative_overlay,1425
1.1453,0.9651,0.386,0.0975,54918977.01,0.0374,conservative_overlay,1426
1.2607,0.9981,0.3993,0.1073,62521402.79,0.0426,conservative_overlay,1427
1.137,0.9674,0.387,0.0967,54648159.81,0.0372,conservative_overlay,1428
1.1761,1.0623,0.4249,0.1001,62077937.23,0.0423,conservative_overlay,1429
1.1359,1.0045,0.4018,0.0966,56689170.49,0.0386,conservative_overlay,1430
1.1845,0.9687,0.3875,0.1008,57012599.22,0.0388,conservative_overlay,1431
1.0978,0.9645,0.3858,0.0934,52605761.22,0.0358,conservative_overlay,1432
1.1704,1.0312,0.4125,0.0996,59961666.85,0.0409,conservative_overlay,1433
1.1897,0.9941,0.3976,0.1012,58756844.28,0.04,conservative_overlay,1434
1.1314,1.0362,0.4145,0.0963,58247589.32,0.0397,conservative_overlay,1435
1.1233,1.0126,0.4051,0.0956,56518938.71,0.0385,conservative_overlay,1436
1.2147,0.9771,0.3909,0.1034,58972016.16,0.0402,conservative_overlay,1437
1.1737,0.981,0.3924,0.0999,57208598.69,0.039,conservative_overlay,1438
1.1949,1.0312,0.4125,0.1017,61217326.57,0.0417,conservative_overlay,1439
1.1387,0.9996,0.3999,0.0969,56555364.95,0.0385,conservative_overlay,1440
1.0866,0.9749,0.39,0.0925,52635378.95,0.0359,conservative_overlay,1441
1.0667,0.9932,0.3973,0.0908,52637401.79,0.0359,conservative_overlay,1442
1.1815,1.0247,0.4099,0.1005,60152530.97,0.041,conservative_overlay,1443
1.1512,0.9803,0.3921,0.098,56069468.47,0.0382,conservative_overlay,1444
1.177,0.9542,0.3817,0.1001,55798816.94,0.038,conservative_overlay,1445
1.1642,1.0053,0.4021,0.0991,58146978.16,0.0396,conservative_overlay,1446
1.0344,1.0437,0.4175,0.088,53641442.89,0.0365,conservative_overlay,1447
1.1251,1.004,0.4016,0.0957,56121855.58,0.0382,conservative_overlay,1448
1.099,0.9991,0.3996,0.0935,54556391.59,0.0372,conservative_overlay,1449
1.1207,0.9815,0.3926,0.0954,54653111.43,0.0372,conservative_overlay,1450
1.0457,1.0565,0.4226,0.089,54890002.87,0.0374,conservative_overlay,1451
1.2009,0.9514,0.3806,0.1022,56765778.31,0.0387,conservative_overlay,1452
1.1428,1.0652,0.4261,0.0972,60480833.99,0.0412,conservative_overlay,1453
1.1626,1.0201,0.408,0.0989,58926945.27,0.0401,conservative_overlay,1454
1.0175,0.9372,0.3749,0.0866,47376826.22,0.0323,conservative_overlay,1455
1.1459,1.0224,0.409,0.0975,58208938.67,0.0397,conservative_overlay,1456
1.0904,0.9776,0.391,0.0928,52963147.38,0.0361,conservative_overlay,1457
1.1951,0.9933,0.3973,0.1017,58979765.79,0.0402,conservative_overlay,1458
1.2114,0.9662,0.3865,0.1031,58154408.76,0.0396,conservative_overlay,1459
1.2125,0.9683,0.3873,0.1032,58334571.23,0.0397,conservative_overlay,1460
1.1702,0.9642,0.3857,0.0996,56062051.83,0.0382,conservative_overlay,1461
1.1842,1.023,0.4092,0.1008,60186724.69,0.041,conservative_overlay,1462
1.2027,0.995,0.398,0.1023,59457555.06,0.0405,conservative_overlay,1463
1.119,0.9649,0.386,0.0952,53644936.22,0.0365,conservative_overlay,1464
1.1676,0.9945,0.3978,0.0993,57694925.23,0.0393,conservative_overlay,1465
1.1792,1.0148,0.4059,0.1003,59456175.06,0.0405,conservative_overlay,1466
1.2261,1.0411,0.4165,0.1043,63427044.76,0.0432,conservative_overlay,1467
1.115,0.9896,0.3958,0.0949,54822948.23,0.0374,conservative_overlay,1468
1.2012,0.9984,0.3994,0.1022,59583780.37,0.0406,conservative_overlay,1469
1.0782,1.054,0.4216,0.0917,56462765.81,0.0385,conservative_overlay,1470
1.2272,0.981,0.3924,0.1044,59818147.87,0.0408,conservative_overlay,1471
1.119,0.9958,0.3983,0.0952,55366587.04,0.0377,conservative_overlay,1472
1.1051,1.0174,0.407,0.094,55860274.07,0.0381,conservative_overlay,1473
1.1181,0.9988,0.3995,0.0951,55490739.88,0.0378,conservative_overlay,1474
1.0864,0.9903,0.3961,0.0924,53455569.78,0.0364,conservative_overlay,1475
1.1335,0.9241,0.3696,0.0964,52041887.12,0.0355,conservative_overlay,1476
1.0744,0.958,0.3832,0.0914,51138799.5,0.0348,conservative_overlay,1477
1.169,1.0434,0.4174,0.0995,60601398.87,0.0413,conservative_overlay,1478
1.1396,0.9693,0.3877,0.097,54878751.72,0.0374,conservative_overlay,1479
1.1525,1.0342,0.4137,0.0981,59218788.33,0.0403,conservative_overlay,1480
1.1759,1.0759,0.4304,0.1001,62860368.26,0.0428,conservative_overlay,1481
1.1481,1.0143,0.4057,0.0977,57855350.49,0.0394,conservative_overlay,1482
1.1684,1.0738,0.4295,0.0994,62335535.84,0.0425,conservative_overlay,1483
1.1229,0.9997,0.3999,0.0955,55777116.63,0.038,conservative_overlay,1484
1.2119,1.0448,0.4179,0.1031,62909808.86,0.0429,conservative_overlay,1485
1.1462,1.0073,0.4029,0.0975,57368185.79,0.0391,conservative_overlay,1486
1.1831,1.0577,0.4231,0.1007,62172015.43,0.0424,conservative_overlay,1487
1.1305,0.9937,0.3975,0.0962,55818642.77,0.038,conservative_overlay,1488
1.16,1.001,0.4004,0.0987,57694922.14,0.0393,conservative_overlay,1489
1.1231,1.0057,0.4023,0.0956,56118592.64,0.0382,conservative_overlay,1490
1.106,0.986,0.3944,0.0941,54178490.53,0.0369,conservative_overlay,1491
1.1075,1.046,0.4184,0.0942,57557754.16,0.0392,conservative_overlay,1492
1.0779,0.986,0.3944,0.0917,52802965.98,0.036,conservative_overlay,1493
1.0924,0.9856,0.3943,0.0929,53495495.78,0.0364,conservative_overlay,1494
1.2352,0.9544,0.3817,0.1051,58572101.94,0.0399,conservative_overlay,1495
1.1337,0.9898,0.3959,0.0965,55755893.31,0.038,conservative_overlay,1496
1.1813,1.0072,0.4029,0.1005,59112064.62,0.0403,conservative_overlay,1497
1.1815,0.9468,0.3787,0.1005,55580992.66,0.0379,conservative_overlay,1498
1.157,1.0217,0.4087,0.0984,58735466.18,0.04,conservative_overlay,1499
1.1546,0.9626,0.385,0.0982,55220707.02,0.0376,conservative_overlay,1500
1.1554,1.0181,0.4073,0.0983,58449010.21,0.0398,conservative_overlay,1501
1.1678,1.012,0.4048,0.0994,58720053.61,0.04,conservative_overlay,1502
1.181,0.994,0.3976,0.1005,58323691.35,0.0397,conservative_overlay,1503
1.1711,0.9527,0.3811,0.0996,55434852.19,0.0378,conservative_overlay,1504
1.047,1.0458,0.4183,0.0891,54400218.42,0.0371,conservative_overlay,1505
1.0295,1.037,0.4148,0.0876,53042127.87,0.0361,conservative_overlay,1506
1.2058,1.0628,0.4251,0.1026,63671539.52,0.0434,conservative_overlay,1507
1.1875,1.0119,0.4048,0.101,59702776.9,0.0407,conservative_overlay,1508
1.1113,1.0063,0.4025,0.0946,55565878.73,0.0379,conservative_overlay,1509
1.1697,0.9401,0.376,0.0995,54635772.97,0.0372,conservative_overlay,1510
1.1364,1.0002,0.4001,0.0967,56471861.88,0.0385,conservative_overlay,1511
1.172,1.0282,0.4113,0.0997,59870454.33,0.0408,conservative_overlay,1512
1.1909,1.0675,0.427,0.1013,63164770.16,0.043,conservative_overlay,1513
1.0939,0.9733,0.3893,0.0931,52902714.32,0.036,conservative_overlay,1514
1.0628,1.0148,0.4059,0.0904,53586612.04,0.0365,conservative_overlay,1515
1.0773,0.9635,0.3854,0.0917,51567643.57,0.0351,conservative_overlay,1516
1.1773,1.0229,0.4091,0.1002,59832424.78,0.0408,conservative_overlay,1517
1.0883,1.0192,0.4077,0.0926,55106638.14,0.0375,conservative_overlay,1518
1.1797,0.9998,0.3999,0.1004,58601611.84,0.0399,conservative_overlay,1519
1.1496,1.0173,0.4069,0.0978,58108318.48,0.0396,conservative_overlay,1520
1.236,0.993,0.3972,0.1052,60981028.88,0.0415,conservative_overlay,1521
1.0738,0.973,0.3892,0.0914,51909625.07,0.0354,conservative_overlay,1522
1.1075,0.9962,0.3985,0.0942,54819902.46,0.0373,conservative_overlay,1523
1.1509,0.9677,0.3871,0.0979,55337265.03,0.0377,conservative_overlay,1524
1.164,0.9974,0.399,0.099,57681432.7,0.0393,conservative_overlay,1525
1.114,1.0288,0.4115,0.0948,56941399.96,0.0388,conservative_overlay,1526
1.1259,0.9899,0.396,0.0958,55374275.61,0.0377,conservative_overlay,1527
1.1793,0.9688,0.3875,0.1003,56762474.16,0.0387,conservative_overlay,1528
1.0897,0.9879,0.3952,0.0927,53485945.36,0.0364,conservative_overlay,1529
1.1586,1.0237,0.4095,0.0986,58924947.56,0.0401,conservative_overlay,1530
1.0883,0.9525,0.381,0.0926,51506342.53,0.0351,conservative_overlay,1531
1.1774,0.9975,0.399,0.1002,58350500.33,0.0398,conservative_overlay,1532
1.1792,1.0403,0.4161,0.1003,60949791.76,0.0415,conservative_overlay,1533
1.1296,0.9374,0.375,0.0961,52608463.55,0.0358,conservative_overlay,1534
1.1462,0.977,0.3908,0.0975,55641710.44,0.0379,conservative_overlay,1535
1.1572,0.9924,0.397,0.0985,57056368.96,0.0389,conservative_overlay,1536
1.1366,1.024,0.4096,0.0967,57830170.45,0.0394,conservative_overlay,1537
1.1692,0.9861,0.3944,0.0995,57283709.08,0.039,conservative_overlay,1538
1.1147,1.023,0.4092,0.0948,56659018.33,0.0386,conservative_overlay,1539
1.1621,0.9728,0.3891,0.0989,56168388.98,0.0383,conservative_overlay,1540
1.0724,1.0114,0.4045,0.0912,53887201.74,0.0367,conservative_overlay,1541
1.1562,1.001,0.4004,0.0984,57506605.59,0.0392,conservative_overlay,1542
1.1208,1.0704,0.4282,0.0954,59604349.94,0.0406,conservative_overlay,1543
1.1733,0.958,0.3832,0.0998,55847221.51,0.038,conservative_overlay,1544
1.1604,0.9701,0.3881,0.0987,55934183.88,0.0381,conservative_overlay,1545
1.1341,1.044,0.4176,0.0965,58827065.84,0.0401,conservative_overlay,1546
1.1099,0.99,0.396,0.0944,54591522.1,0.0372,conservative_overlay,1547
1.0878,1.02,0.408,0.0926,55125060.93,0.0376,conservative_overlay,1548
1.1315,0.9618,0.3847,0.0963,54073895.11,0.0368,conservative_overlay,1549
1.1974,1.025,0.41,0.1019,60984770.95,0.0415,conservative_overlay,1550
1.1219,1.0479,0.4192,0.0955,58412061.42,0.0398,conservative_overlay,1551
1.1381,1.043,0.4172,0.0968,58978421.05,0.0402,conservative_overlay,1552
1.0993,0.9694,0.3878,0.0935,52949935.65,0.0361,conservative_overlay,1553
1.0529,0.9571,0.3828,0.0896,50068929.9,0.0341,conservative_overlay,1554
1.1994,0.9764,0.3906,0.1021,58186444.79,0.0396,conservative_overlay,1555
1.1159,1.0231,0.4092,0.0949,56723165.6,0.0386,conservative_overlay,1556
1.1587,1.0525,0.421,0.0986,60596855.08,0.0413,conservative_overlay,1557
1.1236,1.0106,0.4042,0.0956,56413752.96,0.0384,conservative_overlay,1558
1.141,0.9734,0.3894,0.0971,55183534.46,0.0376,conservative_overlay,1559
1.1655,1.0234,0.4094,0.0992,59264153.01,0.0404,conservative_overlay,1560
1.2479,1.0035,0.4014,0.1062,62215680.19,0.0424,conservative_overlay,1561
1.2061,1.033,0.4132,0.1026,61899547.34,0.0422,conservative_overlay,1562
1.1411,0.9458,0.3783,0.0971,53622095.96,0.0365,conservative_overlay,1563
1.1453,0.9822,0.3929,0.0974,55888116.26,0.0381,conservative_overlay,1564
1.1934,1.0218,0.4087,0.1015,60583729.77,0.0413,conservative_overlay,1565
1.0737,1.0032,0.4013,0.0914,53517905.88,0.0365,conservative_overlay,1566
1.0812,0.9858,0.3943,0.092,52958151.48,0.0361,conservative_overlay,1567
1.1089,0.9623,0.3849,0.0943,53014633.4,0.0361,conservative_overlay,1568
1.1377,0.9637,0.3855,0.0968,54477125.45,0.0371,conservative_overlay,1569
1.0852,0.9953,0.3981,0.0923,53666928.99,0.0366,conservative_overlay,1570
1.1482,0.9709,0.3884,0.0977,55389454.31,0.0377,conservative_overlay,1571
1.2423,1.0221,0.4088,0.1057,63087298.44,0.043,conservative_overlay,1572
1.1018,1.009,0.4036,0.0937,55237041.21,0.0376,conservative_overlay,1573
1.1684,0.981,0.3924,0.0994,56947155.88,0.0388,conservative_overlay,1574
1.1726,1.0038,0.4015,0.0998,58478920.41,0.0398,conservative_overlay,1575
1.0411,0.9161,0.3664,0.0886,47386005.42,0.0323,conservative_overlay,1576
1.1527,0.9778,0.3911,0.0981,55999835.95,0.0382,conservative_overlay,1577
1.156,0.9318,0.3727,0.0984,53518933.09,0.0365,conservative_overlay,1578
1.1088,0.9502,0.3801,0.0943,52344501.4,0.0357,conservative_overlay,1579
1.198,1.0384,0.4154,0.1019,61808822.42,0.0421,conservative_overlay,1580
1.1079,1.0123,0.4049,0.0943,55725135.19,0.038,conservative_overlay,1581
1.0781,0.9954,0.3981,0.0917,53314344.12,0.0363,conservative_overlay,1582
1.1625,1.0013,0.4005,0.0989,57835949.78,0.0394,conservative_overlay,1583
1.1773,1.0222,0.4089,0.1002,59790918.28,0.0407,conservative_overlay,1584
1.1908,1.0343,0.4137,0.1013,61197477.8,0.0417,conservative_overlay,1585
1.1226,1.0172,0.4069,0.0955,56734393.01,0.0387,conservative_overlay,1586
1.1608,1.0238,0.4095,0.0988,59047613.87,0.0402,conservative_overlay,1587
1.1456,1.009,0.4036,0.0975,57429216.41,0.0391,conservative_overlay,1588
1.194,1.0167,0.4067,0.1016,60311729.1,0.0411,conservative_overlay,1589
1.194,0.9588,0.3835,0.1016,56880193.8,0.0388,conservative_overlay,1590
1.1558,1.0186,0.4075,0.0983,58495694.06,0.0399,conservative_overlay,1591
1.0986,0.9642,0.3857,0.0935,52630093.62,0.0359,conservative_overlay,1592
1.1411,1.0435,0.4174,0.0971,59162327.91,0.0403,conservative_overlay,1593
1.1345,0.9482,0.3793,0.0965,53443651.62,0.0364,conservative_overlay,1594
1.0735,0.9912,0.3965,0.0913,52864406.9,0.036,conservative_overlay,1595
1.1364,0.9953,0.3981,0.0967,56197501.2,0.0383,conservative_overlay,1596
1.0531,1.0329,0.4132,0.0896,54044133.74,0.0368,conservative_overlay,1597
1.1405,0.9742,0.3897,0.097,55203607.51,0.0376,conservative_overlay,1598
1.1937,1.0246,0.4099,0.1016,60769967.02,0.0414,conservative_overlay,1599
1.1053,0.9487,0.3795,0.094,52099496.8,0.0355,conservative_overlay,1600
1.1132,1.0338,0.4135,0.0947,57176451.0,0.039,conservative_overlay,1601
1.1788,1.0043,0.4017,0.1003,58822057.12,0.0401,conservative_overlay,1602
1.0792,0.9967,0.3987,0.0918,53439831.84,0.0364,conservative_overlay,1603
1.0567,0.9929,0.3972,0.0899,52131610.84,0.0355,conservative_overlay,1604
1.2323,0.9818,0.3927,0.1048,60107817.45,0.041,conservative_overlay,1605
1.1062,1.0121,0.4049,0.0941,55627230.12,0.0379,conservative_overlay,1606
1.0858,0.996,0.3984,0.0924,53732087.18,0.0366,conservative_overlay,1607
1.0661,0.9703,0.3881,0.0907,51395577.98,0.035,conservative_overlay,1608
1.1224,1.0218,0.4087,0.0955,56979915.31,0.0388,conservative_overlay,1609
1.1613,0.9775,0.391,0.0988,56403541.15,0.0384,conservative_overlay,1610
1.1511,0.9698,0.3879,0.0979,55466081.52,0.0378,conservative_overlay,1611
1.2092,1.0443,0.4177,0.1029,62742294.75,0.0427,conservative_overlay,1612
1.196,1.0376,0.415,0.1018,61657487.95,0.042,conservative_overlay,1613
1.1329,1.0356,0.4142,0.0964,58290647.18,0.0397,conservative_overlay,1614
1.0847,1.0307,0.4123,0.0923,55548778.06,0.0378,conservative_overlay,1615
1.2501,0.9981,0.3992,0.1064,61992309.29,0.0422,conservative_overlay,1616
1.1739,0.9748,0.3899,0.0999,56855556.49,0.0387,conservative_overlay,1617
1.1811,0.9842,0.3937,0.1005,57756267.68,0.0393,conservative_overlay,1618
1.1374,0.9352,0.3741,0.0968,52847264.07,0.036,conservative_overlay,1619
1.149,0.9933,0.3973,0.0978,56707812.15,0.0386,conservative_overlay,1620
1.1631,1.0259,0.4104,0.099,59283048.65,0.0404,conservative_overlay,1621
1.089,0.9958,0.3983,0.0927,53880752.53,0.0367,conservative_overlay,1622
1.148,0.9727,0.3891,0.0977,55479386.44,0.0378,conservative_overlay,1623
1.1532,1.0427,0.4171,0.0981,59745134.52,0.0407,conservative_overlay,1624
1.0724,1.0578,0.4231,0.0912,56360920.8,0.0384,conservative_overlay,1625
1.1715,0.9928,0.3971,0.0997,57787392.31,0.0394,conservative_overlay,1626
1.1185,1.0275,0.411,0.0952,57104659.29,0.0389,conservative_overlay,1627
1.2227,0.9607,0.3843,0.104,58362035.7,0.0398,conservative_overlay,1628
1.2354,1.036,0.4144,0.1051,63594034.47,0.0433,conservative_overlay,1629
1.133,0.9754,0.3901,0.0964,54907303.96,0.0374,conservative_overlay,1630
1.1228,1.0294,0.4117,0.0955,57426585.52,0.0391,conservative_overlay,1631
1.1484,1.0139,0.4055,0.0977,57851744.74,0.0394,conservative_overlay,1632
1.1624,0.9925,0.397,0.0989,57321560.75,0.0391,conservative_overlay,1633
1.1091,1.0108,0.4043,0.0944,55701720.54,0.0379,conservative_overlay,1634
1.1659,1.0407,0.4163,0.0992,60287716.92,0.0411,conservative_overlay,1635
1.1845,0.9779,0.3911,0.1008,57548068.14,0.0392,conservative_overlay,1636
1.1993,0.9972,0.3989,0.102,59424493.57,0.0405,conservative_overlay,1637
1.1998,1.0013,0.4005,0.1021,59684666.04,0.0407,conservative_overlay,1638
1.1458,0.9598,0.3839,0.0975,54640408.98,0.0372,conservative_overlay,1639
1.1646,0.987,0.3948,0.0991,57110061.85,0.0389,conservative_overlay,1640
1.1886,1.0048,0.4019,0.1011,59336328.89,0.0404,conservative_overlay,1641
1.1102,1.0348,0.4139,0.0945,57079589.42,0.0389,conservative_overlay,1642
1.0351,1.0028,0.4011,0.0881,51575771.68,0.0351,conservative_overlay,1643
1.1262,1.0308,0.4123,0.0958,57676510.97,0.0393,conservative_overlay,1644
1.1815,0.9823,0.3929,0.1005,57659925.4,0.0393,conservative_overlay,1645
1.179,1.0443,0.4177,0.1003,61171246.11,0.0417,conservative_overlay,1646
1.1872,0.9782,0.3913,0.101,57698691.41,0.0393,conservative_overlay,1647
1.144,1.0028,0.4011,0.0973,57000729.98,0.0388,conservative_overlay,1648
1.1196,0.9923,0.3969,0.0953,55200148.25,0.0376,conservative_overlay,1649
1.1623,1.008,0.4032,0.0989,58208457.1,0.0397,conservative_overlay,1650
1.1377,0.9509,0.3803,0.0968,53748201.67,0.0366,conservative_overlay,1651
1.2088,0.971,0.3884,0.1028,58315304.4,0.0397,conservative_overlay,1652
1.1768,0.9809,0.3924,0.1001,57354263.76,0.0391,conservative_overlay,1653
1.1245,0.9566,0.3827,0.0957,53445008.1,0.0364,conservative_overlay,1654
1.2394,1.0078,0.4031,0.1055,62059306.05,0.0423,conservative_overlay,1655
1.1662,1.0099,0.4039,0.0992,58511240.58,0.0399,conservative_overlay,1656
1.1446,0.9759,0.3903,0.0974,55496592.82,0.0378,conservative_overlay,1657
1.1469,0.9381,0.3752,0.0976,53456312.6,0.0364,conservative_overlay,1658
1.1234,0.9838,0.3935,0.0956,54908265.17,0.0374,conservative_overlay,1659
1.1549,1.0373,0.4149,0.0983,59523107.48,0.0406,conservative_overlay,1660
1.1833,0.9751,0.39,0.1007,57327371.93,0.0391,conservative_overlay,1661
1.1894,0.9679,0.3872,0.1012,57199399.85,0.039,conservative_overlay,1662
1.1485,0.9588,0.3835,0.0977,54713652.87,0.0373,conservative_overlay,1663
1.1097,0.9937,0.3975,0.0944,54786885.91,0.0373,conservative_overlay,1664
1.1245,0.9812,0.3925,0.0957,54822943.71,0.0374,conservative_overlay,1665
1.1717,1.0246,0.4098,0.0997,59648538.31,0.0406,conservative_overlay,1666
1.093,0.9757,0.3903,0.093,52985734.35,0.0361,conservative_overlay,1667
1.111,1.0102,0.4041,0.0945,55761794.91,0.038,conservative_overlay,1668
1.2516,1.0044,0.4018,0.1065,62460253.84,0.0426,conservative_overlay,1669
1.1413,1.0354,0.4142,0.0971,58714171.28,0.04,conservative_overlay,1670
1.2292,1.0083,0.4033,0.1046,61582946.47,0.042,conservative_overlay,1671
1.1461,1.0522,0.4209,0.0975,59919367.93,0.0408,conservative_overlay,1672
1.1826,0.9773,0.3909,0.1006,57419994.31,0.0391,conservative_overlay,1673
1.2116,0.9949,0.398,0.1031,59891591.81,0.0408,conservative_overlay,1674
1.1957,0.9858,0.3943,0.1017,58565801.4,0.0399,conservative_overlay,1675
1.0111,0.9812,0.3925,0.086,49290554.42,0.0336,conservative_overlay,1676
1.1691,0.9631,0.3852,0.0995,55946290.89,0.0381,conservative_overlay,1677
1.1122,0.9928,0.3971,0.0946,54861089.3,0.0374,conservative_overlay,1678
1.2093,0.9844,0.3937,0.1029,59142577.74,0.0403,conservative_overlay,1679
1.1832,1.0016,0.4006,0.1007,58883230.56,0.0401,conservative_overlay,1680
1.1853,0.9873,0.3949,0.1009,58143606.66,0.0396,conservative_overlay,1681
1.1882,0.9908,0.3963,0.1011,58491798.99,0.0399,conservative_overlay,1682
1.2162,1.0022,0.4009,0.1035,60559923.92,0.0413,conservative_overlay,1683
1.2137,1.0089,0.4036,0.1033,60840183.71,0.0415,conservative_overlay,1684
1.0608,0.9165,0.3666,0.0903,48304160.87,0.0329,conservative_overlay,1685
1.2614,0.9986,0.3994,0.1073,62583865.93,0.0426,conservative_overlay,1686
1.0077,1.0272,0.4109,0.0857,51431883.76,0.035,conservative_overlay,1687
1.1791,0.9863,0.3945,0.1003,57778494.22,0.0394,conservative_overlay,1688
1.1261,1.0213,0.4085,0.0958,57140045.2,0.0389,conservative_overlay,1689
1.0355,0.9855,0.3942,0.0881,50702926.46,0.0345,conservative_overlay,1690
1.1805,1.013,0.4052,0.1004,59413705.4,0.0405,conservative_overlay,1691
1.1715,0.9982,0.3993,0.0997,58102774.06,0.0396,conservative_overlay,1692
1.1343,0.9528,0.3811,0.0965,53700818.32,0.0366,conservative_overlay,1693
1.1287,0.9553,0.3821,0.096,53576748.27,0.0365,conservative_overlay,1694
1.136,1.0289,0.4116,0.0967,58071498.58,0.0396,conservative_overlay,1695
1.1905,1.0051,0.402,0.1013,59451076.57,0.0405,conservative_overlay,1696
1.1743,0.945,0.378,0.0999,55135372.44,0.0376,conservative_overlay,1697
1.1835,0.951,0.3804,0.1007,55918314.79,0.0381,conservative_overlay,1698
1.086,0.984,0.3936,0.0924,53096916.12,0.0362,conservative_overlay,1699
1.1794,1.0258,0.4103,0.1003,60113263.57,0.041,conservative_overlay,1700
1.1059,1.0226,0.409,0.0941,56184884.93,0.0383,conservative_overlay,1701
1.1363,0.9977,0.3991,0.0967,56324152.56,0.0384,conservative_overlay,1702
1.1297,1.0372,0.4149,0.0961,58215089.74,0.0397,conservative_overlay,1703
1.141,0.9998,0.3999,0.0971,56680044.18,0.0386,conservative_overlay,1704
1.1119,0.9736,0.3894,0.0946,53787052.98,0.0366,conservative_overlay,1705
1.2013,1.0065,0.4026,0.1022,60075511.89,0.0409,conservative_overlay,1706
1.1206,0.9666,0.3866,0.0953,53816119.88,0.0367,conservative_overlay,1707
1.2218,1.0836,0.4335,0.104,65781362.5,0.0448,conservative_overlay,1708
1.1943,1.0171,0.4069,0.1016,60353696.63,0.0411,conservative_overlay,1709
1.1796,1.0363,0.4145,0.1004,60733758.61,0.0414,conservative_overlay,1710
1.1555,1.0264,0.4106,0.0983,58925221.45,0.0401,conservative_overlay,1711
1.1877,1.0007,0.4003,0.1011,59052104.97,0.0402,conservative_overlay,1712
1.1203,1.0544,0.4218,0.0953,58691755.1,0.04,conservative_overlay,1713
1.114,1.0049,0.402,0.0948,55620679.21,0.0379,conservative_overlay,1714
1.1572,0.989,0.3956,0.0985,56865369.02,0.0387,conservative_overlay,1715
1.0849,0.9763,0.3905,0.0923,52626452.08,0.0359,conservative_overlay,1716
1.1639,0.9677,0.3871,0.099,55960749.07,0.0381,conservative_overlay,1717
1.0812,0.9991,0.3996,0.092,53672680.34,0.0366,conservative_overlay,1718
1.16,1.0242,0.4097,0.0987,59027531.27,0.0402,conservative_overlay,1719
1.0971,0.9739,0.3896,0.0933,53086672.85,0.0362,conservative_overlay,1720
1.1848,1.0042,0.4017,0.1008,59113084.87,0.0403,conservative_overlay,1721
1.161,1.0067,0.4027,0.0988,58071853.2,0.0396,conservative_overlay,1722
1.0831,1.0357,0.4143,0.0922,55736621.29,0.038,conservative_overlay,1723
1.2429,0.9791,0.3916,0.1057,60460363.54,0.0412,conservative_overlay,1724
1.1231,1.0094,0.4037,0.0956,56323687.24,0.0384,conservative_overlay,1725
1.0161,0.991,0.3964,0.0865,50026237.68,0.0341,conservative_overlay,1726
1.1866,1.0077,0.4031,0.101,59408269.41,0.0405,conservative_overlay,1727
1.0894,1.0606,0.4242,0.0927,57407481.89,0.0391,conservative_overlay,1728
1.2289,1.0394,0.4158,0.1046,63467326.34,0.0432,conservative_overlay,1729
1.1879,1.0185,0.4074,0.1011,60108597.48,0.041,conservative_overlay,1730
1.017,1.0355,0.4142,0.0865,52327126.81,0.0357,conservative_overlay,1731
1.1725,1.0079,0.4032,0.0998,58715078.2,0.04,conservative_overlay,1732
1.1917,0.9598,0.3839,0.1014,56825984.64,0.0387,conservative_overlay,1733
1.2431,0.9715,0.3886,0.1058,59999488.64,0.0409,conservative_overlay,1734
1.2384,0.9746,0.3899,0.1054,59966649.65,0.0409,conservative_overlay,1735
1.1825,1.0153,0.4061,0.1006,59652484.96,0.0406,conservative_overlay,1736
1.2019,1.0522,0.4209,0.1023,62833449.6,0.0428,conservative_overlay,1737
1.1435,1.0137,0.4055,0.0973,57595140.85,0.0392,conservative_overlay,1738
1.1157,0.9721,0.3888,0.0949,53886912.78,0.0367,conservative_overlay,1739
1.0962,1.0234,0.4094,0.0933,55742277.37,0.038,conservative_overlay,1740
1.184,0.9601,0.384,0.1007,56478696.6,0.0385,conservative_overlay,1741
1.149,0.9845,0.3938,0.0978,56202191.79,0.0383,conservative_overlay,1742
1.1772,0.9935,0.3974,0.1002,58105260.02,0.0396,conservative_overlay,1743
1.1468,1.0316,0.4126,0.0976,58774416.35,0.04,conservative_overlay,1744
1.2003,0.9565,0.3826,0.1021,57042555.87,0.0389,conservative_overlay,1745
1.1926,0.966,0.3864,0.1015,57240345.99,0.039,conservative_overlay,1746
1.2089,1.007,0.4028,0.1029,60483112.06,0.0412,conservative_overlay,1747
1.1369,1.0304,0.4121,0.0967,58199812.79,0.0397,conservative_overlay,1748
1.1684,0.9997,0.3999,0.0994,58034734.21,0.0395,conservative_overlay,1749
1.158,1.0141,0.4056,0.0985,58346658.3,0.0398,conservative_overlay,1750
1.1583,1.018,0.4072,0.0985,58584388.81,0.0399,conservative_overlay,1751
1.1496,0.9529,0.3812,0.0978,54427914.74,0.0371,conservative_overlay,1752
1.1071,0.9915,0.3966,0.0942,54534629.46,0.0372,conservative_overlay,1753
1.124,0.9522,0.3809,0.0956,53178040.98,0.0362,conservative_overlay,1754
1.1202,0.9776,0.3911,0.0953,54411824.35,0.0371,conservative_overlay,1755
1.2041,1.0251,0.41,0.1024,61327226.27,0.0418,conservative_overlay,1756
1.1581,0.9828,0.3931,0.0985,56547807.46,0.0385,conservative_overlay,1757
1.1051,1.0472,0.4189,0.094,57496337.36,0.0392,conservative_overlay,1758
1.186,1.0214,0.4086,0.1009,60186468.6,0.041,conservative_overlay,1759
1.1859,0.9975,0.399,0.1009,58774357.29,0.04,conservative_overlay,1760
1.1071,0.9818,0.3927,0.0942,54005114.75,0.0368,conservative_overlay,1761
1.1948,0.9937,0.3975,0.1017,58992013.08,0.0402,conservative_overlay,1762
1.2558,1.0186,0.4074,0.1068,63553300.6,0.0433,conservative_overlay,1763
1.1408,1.0084,0.4033,0.0971,57152737.85,0.0389,conservative_overlay,1764
1.1118,1.0211,0.4084,0.0946,56407329.36,0.0384,conservative_overlay,1765
1.207,0.9972,0.3989,0.1027,59804440.72,0.0407,conservative_overlay,1766
1.2039,1.0049,0.4019,0.1024,60105687.67,0.041,conservative_overlay,1767
1.1643,0.964,0.3856,0.0991,55769457.72,0.038,conservative_overlay,1768
1.147,1.066,0.4264,0.0976,60751023.38,0.0414,conservative_overlay,1769
1.1662,0.9988,0.3995,0.0992,57874496.02,0.0394,conservative_overlay,1770
1.166,1.045,0.418,0.0992,60539541.75,0.0412,conservative_overlay,1771
1.045,0.9754,0.3901,0.0889,50643845.33,0.0345,conservative_overlay,1772
1.1761,0.9802,0.3921,0.1001,57275300.2,0.039,conservative_overlay,1773
1.1824,0.9952,0.3981,0.1006,58464551.06,0.0398,conservative_overlay,1774
1.1993,1.0366,0.4146,0.102,61767755.18,0.0421,conservative_overlay,1775
1.1141,0.9696,0.3878,0.0948,53670900.76,0.0366,conservative_overlay,1776
1.1391,1.0442,0.4177,0.0969,59098069.54,0.0403,conservative_overlay,1777
1.1972,1.0339,0.4136,0.1019,61503060.36,0.0419,conservative_overlay,1778
1.1325,0.9322,0.3729,0.0964,52450473.11,0.0357,conservative_overlay,1779
1.1567,1.0515,0.4206,0.0984,60431132.87,0.0412,conservative_overlay,1780
1.0926,1.0203,0.4081,0.093,55389386.53,0.0377,conservative_overlay,1781
1.0349,1.0271,0.4108,0.0881,52811972.85,0.036,conservative_overlay,1782
1.1803,0.9866,0.3946,0.1004,57856387.77,0.0394,conservative_overlay,1783
1.2155,1.0044,0.4018,0.1034,60659771.57,0.0413,conservative_overlay,1784
1.1584,1.0479,0.4192,0.0986,60312113.12,0.0411,conservative_overlay,1785
1.1833,0.9246,0.3698,0.1007,54360383.37,0.037,conservative_overlay,1786
1.1985,1.0278,0.4111,0.102,61203961.01,0.0417,conservative_overlay,1787
1.0777,1.04,0.416,0.0917,55685767.7,0.0379,conservative_overlay,1788
1.1433,0.9996,0.3998,0.0973,56777796.78,0.0387,conservative_overlay,1789
1.2371,0.9739,0.3896,0.1053,59865702.45,0.0408,conservative_overlay,1790
1.0666,1.0539,0.4216,0.0907,55849553.32,0.0381,conservative_overlay,1791
1.1507,1.0404,0.4162,0.0979,59483868.94,0.0405,conservative_overlay,1792
1.0933,1.0076,0.4031,0.093,54734390.99,0.0373,conservative_overlay,1793
1.2247,0.9859,0.3943,0.1042,59987513.33,0.0409,conservative_overlay,1794
1.1478,0.9986,0.3994,0.0977,56949148.82,0.0388,conservative_overlay,1795
1.0642,1.0634,0.4253,0.0905,56227168.11,0.0383,conservative_overlay,1796
1.1653,1.0209,0.4084,0.0991,59109436.5,0.0403,conservative_overlay,1797
1.0222,1.0369,0.4148,0.087,52662640.66,0.0359,conservative_overlay,1798
1.0652,1.0301,0.412,0.0906,54516077.65,0.0371,conservative_overlay,1799
1.1773,1.0603,0.4241,0.1002,62016321.03,0.0423,conservative_overlay,1800
1.1583,0.9835,0.3934,0.0986,56601961.39,0.0386,conservative_overlay,1801
1.1137,1.0086,0.4034,0.0948,55808248.6,0.038,conservative_overlay,1802
1.0944,1.0297,0.4119,0.0931,55986877.4,0.0381,conservative_overlay,1803
1.1482,0.9678,0.3871,0.0977,55210806.41,0.0376,conservative_overlay,1804
1.1029,0.9558,0.3823,0.0938,52374147.69,0.0357,conservative_overlay,1805
1.1321,1.0133,0.4053,0.0963,56996416.85,0.0388,conservative_overlay,1806
1.131,0.9713,0.3885,0.0962,54577503.34,0.0372,conservative_overlay,1807
1.0356,1.0504,0.4202,0.0881,54047663.97,0.0368,conservative_overlay,1808
1.1729,0.9832,0.3933,0.0998,57295249.69,0.039,conservative_overlay,1809
1.1853,0.9871,0.3948,0.1009,58134134.46,0.0396,conservative_overlay,1810
1.0936,0.9821,0.3928,0.093,53362669.71,0.0364,conservative_overlay,1811
1.1729,0.9876,0.395,0.0998,57551007.24,0.0392,conservative_overlay,1812
1.0872,1.0214,0.4085,0.0925,55169615.39,0.0376,conservative_overlay,1813
1.1211,1.0071,0.4028,0.0954,56094224.99,0.0382,conservative_overlay,1814
1.2121,0.9854,0.3942,0.1031,59343994.8,0.0404,conservative_overlay,1815
1.2189,0.9851,0.394,0.1037,59656377.84,0.0406,conservative_overlay,1816
1.0841,0.9603,0.3841,0.0922,51724606.88,0.0352,conservative_overlay,1817
1.1194,0.9545,0.3818,0.0952,53086549.19,0.0362,conservative_overlay,1818
1.0866,1.019,0.4076,0.0925,55016489.11,0.0375,conservative_overlay,1819
1.1147,0.9839,0.3936,0.0948,54489873.69,0.0371,conservative_overlay,1820
1.0903,1.0348,0.4139,0.0928,56055046.43,0.0382,conservative_overlay,1821
1.2108,1.0399,0.4159,0.103,62558361.98,0.0426,conservative_overlay,1822
1.1324,1.0113,0.4045,0.0964,56900550.95,0.0388,conservative_overlay,1823
1.1347,1.0188,0.4075,0.0965,57436110.82,0.0391,conservative_overlay,1824
1.1351,0.9842,0.3937,0.0966,55506383.61,0.0378,conservative_overlay,1825
1.1168,0.9854,0.3941,0.095,54676627.83,0.0373,conservative_overlay,1826
1.0851,0.9934,0.3973,0.0923,53557443.26,0.0365,conservative_overlay,1827
1.1922,1.0561,0.4224,0.1014,62556698.55,0.0426,conservative_overlay,1828
1.092,0.9891,0.3956,0.0929,53664360.73,0.0366,conservative_overlay,1829
1.1441,1.034,0.4136,0.0973,58779419.01,0.04,conservative_overlay,1830
1.1221,0.9902,0.3961,0.0955,55205434.05,0.0376,conservative_overlay,1831
1.1244,1.036,0.4144,0.0957,57877146.93,0.0394,conservative_overlay,1832
1.2101,1.002,0.4008,0.103,60242686.9,0.041,conservative_overlay,1833
1.1613,1.0191,0.4077,0.0988,58804245.66,0.0401,conservative_overlay,1834
1.2971,0.9842,0.3937,0.1104,63427354.83,0.0432,conservative_overlay,1835
1.1416,0.9833,0.3933,0.0971,55773093.46,0.038,conservative_overlay,1836
1.1781,1.0308,0.4123,0.1002,60336534.37,0.0411,conservative_overlay,1837
1.1663,0.994,0.3976,0.0992,57603734.96,0.0392,conservative_overlay,1838
1.1225,1.0152,0.4061,0.0955,56618309.82,0.0386,conservative_overlay,1839
1.1566,0.9674,0.387,0.0984,55594612.78,0.0379,conservative_overlay,1840
1.1778,0.9817,0.3927,0.1002,57445251.29,0.0391,conservative_overlay,1841
1.1415,1.014,0.4056,0.0971,57510623.06,0.0392,conservative_overlay,1842
1.2198,1.0041,0.4016,0.1038,60854352.59,0.0415,conservative_overlay,1843
1.1339,0.9858,0.3943,0.0965,55541015.74,0.0378,conservative_overlay,1844
1.243,1.0272,0.4109,0.1058,63438334.88,0.0432,conservative_overlay,1845
1.1663,1.021,0.4084,0.0992,59166394.22,0.0403,conservative_overlay,1846
1.1566,1.0128,0.4051,0.0984,58199639.76,0.0397,conservative_overlay,1847
1.1351,0.9669,0.3867,0.0966,54530626.65,0.0372,conservative_overlay,1848
1.1201,1.0146,0.4059,0.0953,56466168.14,0.0385,conservative_overlay,1849
1.1315,0.9723,0.3889,0.0963,54660776.85,0.0372,conservative_overlay,1850
1.0898,0.9985,0.3994,0.0927,54064596.98,0.0368,conservative_overlay,1851
1.0572,1.0551,0.422,0.09,55421108.66,0.0378,conservative_overlay,1852
1.1506,0.9886,0.3954,0.0979,56514382.18,0.0385,conservative_overlay,1853
1.2141,0.9883,0.3953,0.1033,59618217.88,0.0406,conservative_overlay,1854
1.2154,1.0023,0.4009,0.1034,60530534.62,0.0412,conservative_overlay,1855
1.0945,0.9742,0.3897,0.0931,52974866.69,0.0361,conservative_overlay,1856
1.1244,0.989,0.3956,0.0957,55251115.21,0.0376,conservative_overlay,1857
1.1758,1.0022,0.4009,0.1,58545398.09,0.0399,conservative_overlay,1858
1.0988,0.9978,0.3991,0.0935,54469252.24,0.0371,conservative_overlay,1859
1.1069,1.0,0.4,0.0942,54996131.03,0.0375,conservative_overlay,1860
1.1492,0.9699,0.3879,0.0978,55376934.41,0.0377,conservative_overlay,1861
1.2072,1.036,0.4144,0.1027,62135102.79,0.0423,conservative_overlay,1862
1.1828,0.9968,0.3987,0.1006,58581712.18,0.0399,conservative_overlay,1863
1.1499,0.9963,0.3985,0.0978,56923090.35,0.0388,conservative_overlay,1864
1.2285,1.0102,0.4041,0.1045,61656648.59,0.042,conservative_overlay,1865
1.178,1.0118,0.4047,0.1002,59224048.91,0.0403,conservative_overlay,1866
1.1766,1.0076,0.403,0.1001,58903746.61,0.0401,conservative_overlay,1867
1.0535,0.9428,0.3771,0.0896,49346775.87,0.0336,conservative_overlay,1868
1.1034,0.9525,0.381,0.0939,52219353.67,0.0356,conservative_overlay,1869
1.1421,0.9941,0.3977,0.0972,56413435.95,0.0384,conservative_overlay,1870
1.195,0.9903,0.3961,0.1017,58798326.44,0.0401,conservative_overlay,1871
1.1131,0.9577,0.3831,0.0947,52966365.63,0.0361,conservative_overlay,1872
1.1122,0.9894,0.3958,0.0946,54674472.22,0.0372,conservative_overlay,1873
1.2064,1.0167,0.4067,0.1026,60939055.5,0.0415,conservative_overlay,1874
1.127,1.049,0.4196,0.0959,58737749.19,0.04,conservative_overlay,1875
1.141,0.9968,0.3987,0.0971,56511889.08,0.0385,conservative_overlay,1876
1.1395,0.984,0.3936,0.097,55707997.76,0.038,conservative_overlay,1877
1.1628,0.9847,0.3939,0.0989,56890256.87,0.0388,conservative_overlay,1878
1.0996,1.0184,0.4074,0.0936,55639274.39,0.0379,conservative_overlay,1879
1.1848,0.9746,0.3899,0.1008,57374757.41,0.0391,conservative_overlay,1880
1.1169,0.9787,0.3915,0.095,54315238.72,0.037,conservative_overlay,1881
1.208,1.0131,0.4052,0.1028,60805222.01,0.0414,conservative_overlay,1882
1.1239,0.9409,0.3764,0.0956,52544442.87,0.0358,conservative_overlay,1883
1.1276,0.9748,0.3899,0.0959,54609922.16,0.0372,conservative_overlay,1884
1.184,1.0075,0.403,0.1007,59268714.09,0.0404,conservative_overlay,1885
1.1923,1.0013,0.4005,0.1014,59313971.19,0.0404,conservative_overlay,1886
1.1206,0.9933,0.3973,0.0953,55301731.34,0.0377,conservative_overlay,1887
1.0972,1.0227,0.4091,0.0934,55753470.05,0.038,conservative_overlay,1888
1.1946,0.9433,0.3773,0.1016,55985921.45,0.0381,conservative_overlay,1889
1.1133,1.012,0.4048,0.0947,55981343.0,0.0381,conservative_overlay,1890
1.0894,1.0434,0.4174,0.0927,56478075.4,0.0385,conservative_overlay,1891
1.175,1.0177,0.4071,0.1,59415542.89,0.0405,conservative_overlay,1892
1.1179,0.9876,0.395,0.0951,54855234.69,0.0374,conservative_overlay,1893
1.1874,0.9566,0.3826,0.101,56436357.86,0.0385,conservative_overlay,1894
1.1798,0.9937,0.3975,0.1004,58247824.83,0.0397,conservative_overlay,1895
1.1044,1.0425,0.417,0.094,57202489.4,0.039,conservative_overlay,1896
1.1577,1.0302,0.4121,0.0985,59254546.86,0.0404,conservative_overlay,1897
1.1112,1.0307,0.4123,0.0945,56903698.19,0.0388,conservative_overlay,1898
1.1696,0.9896,0.3959,0.0995,57510859.52,0.0392,conservative_overlay,1899
1.0784,1.0396,0.4158,0.0918,55701751.29,0.0379,conservative_overlay,1900
1.112,1.0573,0.4229,0.0946,58415808.62,0.0398,conservative_overlay,1901
1.1425,1.0046,0.4018,0.0972,57021982.97,0.0388,conservative_overlay,1902
1.1411,0.9829,0.3931,0.0971,55722096.94,0.038,conservative_overlay,1903
1.1776,0.9965,0.3986,0.1002,58304129.52,0.0397,conservative_overlay,1904
1.124,1.0025,0.401,0.0956,55985434.69,0.0381,conservative_overlay,1905
1.1626,1.005,0.402,0.0989,58050342.69,0.0395,conservative_overlay,1906
1.2053,0.9869,0.3948,0.1025,59098513.38,0.0403,conservative_overlay,1907
1.1351,1.0335,0.4134,0.0966,58284889.2,0.0397,conservative_overlay,1908
1.1786,0.9584,0.3833,0.1003,56120737.01,0.0382,conservative_overlay,1909
1.1353,1.018,0.4072,0.0966,57422939.85,0.0391,conservative_overlay,1910
1.2275,1.0236,0.4094,0.1044,62428486.94,0.0425,conservative_overlay,1911
1.1578,0.9667,0.3867,0.0985,55611267.76,0.0379,conservative_overlay,1912
1.0741,1.013,0.4052,0.0914,54062984.95,0.0368,conservative_overlay,1913
1.2309,1.0368,0.4147,0.1047,63404565.96,0.0432,conservative_overlay,1914
1.1709,1.0119,0.4048,0.0996,58873237.44,0.0401,conservative_overlay,1915
1.1382,0.9518,0.3807,0.0968,53824734.31,0.0367,conservative_overlay,1916
1.1707,0.9681,0.3873,0.0996,56314937.75,0.0384,conservative_overlay,1917
1.189,1.0114,0.4046,0.1012,59751121.56,0.0407,conservative_overlay,1918
1.1693,1.0317,0.4127,0.0995,59935809.07,0.0408,conservative_overlay,1919
1.0824,1.0088,0.4035,0.0921,54252769.01,0.037,conservative_overlay,1920
1.0725,0.9965,0.3986,0.0913,53100044.31,0.0362,conservative_overlay,1921
1.1741,1.003,0.4012,0.0999,58508068.08,0.0399,conservative_overlay,1922
1.1531,1.0002,0.4001,0.0981,57303940.89,0.039,conservative_overlay,1923
1.1587,1.0127,0.4051,0.0986,58300955.56,0.0397,conservative_overlay,1924
1.2023,1.0062,0.4025,0.1023,60109100.33,0.041,conservative_overlay,1925
1.179,0.9906,0.3962,0.1003,58030007.66,0.0395,conservative_overlay,1926
1.0922,0.9766,0.3906,0.0929,52995625.53,0.0361,conservative_overlay,1927
1.1968,1.0281,0.4112,0.1018,61132979.51,0.0416,conservative_overlay,1928
1.1205,0.9748,0.3899,0.0953,54269189.97,0.037,conservative_overlay,1929
1.1402,0.9883,0.3953,0.097,55988667.36,0.0381,conservative_overlay,1930
1.0637,0.9923,0.3969,0.0905,52442148.63,0.0357,conservative_overlay,1931
1.1575,0.9866,0.3946,0.0985,56736004.74,0.0387,conservative_overlay,1932
1.2103,0.9635,0.3854,0.103,57935994.13,0.0395,conservative_overlay,1933
1.0583,1.0163,0.4065,0.09,53435140.37,0.0364,conservative_overlay,1934
1.1212,0.9686,0.3874,0.0954,53959207.88,0.0368,conservative_overlay,1935
1.0778,0.9901,0.396,0.0917,53018363.6,0.0361,conservative_overlay,1936
1.2461,1.044,0.4176,0.106,64637787.39,0.044,conservative_overlay,1937
1.1408,0.9508,0.3803,0.0971,53887218.96,0.0367,conservative_overlay,1938
1.0595,0.9423,0.3769,0.0901,49602144.1,0.0338,conservative_overlay,1939
1.1958,1.0295,0.4118,0.1017,61164706.8,0.0417,conservative_overlay,1940
1.1297,1.0003,0.4001,0.0961,56147362.37,0.0383,conservative_overlay,1941
1.083,1.03,0.412,0.0921,55423238.1,0.0378,conservative_overlay,1942
1.1549,1.0169,0.4068,0.0983,58350234.8,0.0398,conservative_overlay,1943
1.1743,1.0443,0.4177,0.0999,60929787.84,0.0415,conservative_overlay,1944
1.1215,0.9926,0.397,0.0954,55311443.92,0.0377,conservative_overlay,1945
1.123,0.9943,0.3977,0.0955,55478166.22,0.0378,conservative_overlay,1946
1.1651,0.9879,0.3952,0.0991,57185581.94,0.039,conservative_overlay,1947
1.1394,0.9849,0.394,0.0969,55758158.37,0.038,conservative_overlay,1948
1.0846,0.9515,0.3806,0.0923,51276975.78,0.0349,conservative_overlay,1949
1.1774,0.9313,0.3725,0.1002,54480263.92,0.0371,conservative_overlay,1950
1.0537,1.0018,0.4007,0.0897,52445075.53,0.0357,conservative_overlay,1951
1.167,0.9998,0.3999,0.0993,57966751.99,0.0395,conservative_overlay,1952
1.1233,0.9473,0.3789,0.0956,52866102.19,0.036,conservative_overlay,1953
1.0835,1.0201,0.4081,0.0922,54917261.24,0.0374,conservative_overlay,1954
1.0925,0.9785,0.3914,0.093,53114827.64,0.0362,conservative_overlay,1955
1.1602,1.0082,0.4033,0.0987,58113203.54,0.0396,conservative_overlay,1956
1.0785,0.988,0.3952,0.0918,52943292.73,0.0361,conservative_overlay,1957
1.1509,1.0187,0.4075,0.0979,58249833.46,0.0397,conservative_overlay,1958
1.0909,0.9891,0.3957,0.0928,53610851.62,0.0365,conservative_overlay,1959
1.1879,1.0105,0.4042,0.1011,59638754.36,0.0406,conservative_overlay,1960
1.113,0.9555,0.3822,0.0947,52837923.14,0.036,conservative_overlay,1961
1.0422,0.9677,0.3871,0.0887,50110095.31,0.0341,conservative_overlay,1962
1.1391,0.9847,0.3939,0.0969,55730326.54,0.038,conservative_overlay,1963
1.1697,0.9693,0.3877,0.0995,56327473.72,0.0384,conservative_overlay,1964
1.1767,0.9537,0.3815,0.1001,55758195.04,0.038,conservative_overlay,1965
1.1344,0.9799,0.392,0.0965,55233075.36,0.0376,conservative_overlay,1966
1.0858,1.0049,0.402,0.0924,54209399.27,0.0369,conservative_overlay,1967
1.2128,1.0395,0.4158,0.1032,62639532.57,0.0427,conservative_overlay,1968
1.121,1.0456,0.4183,0.0954,58236183.72,0.0397,conservative_overlay,1969
1.0938,0.972,0.3888,0.0931,52823769.14,0.036,conservative_overlay,1970
1.2078,0.9724,0.3889,0.1028,58350082.0,0.0398,conservative_overlay,1971
1.1317,1.0014,0.4006,0.0963,56305606.13,0.0384,conservative_overlay,1972
1.1482,1.0296,0.4119,0.0977,58740338.59,0.04,conservative_overlay,1973
1.171,0.9435,0.3774,0.0996,54895344.8,0.0374,conservative_overlay,1974
1.1816,0.9346,0.3739,0.1005,54868570.72,0.0374,conservative_overlay,1975
1.1751,1.0049,0.402,0.1,58669737.3,0.04,conservative_overlay,1976
1.1756,1.0362,0.4145,0.1,60524906.05,0.0412,conservative_overlay,1977
1.0796,0.9846,0.3938,0.0919,52810067.23,0.036,conservative_overlay,1978
1.218,1.0152,0.4061,0.1036,61435076.51,0.0419,conservative_overlay,1979
1.1888,0.9631,0.3852,0.1012,56888800.06,0.0388,conservative_overlay,1980
1.1392,0.9418,0.3767,0.0969,53308020.92,0.0363,conservative_overlay,1981
1.2207,0.9105,0.3642,0.1039,55222403.05,0.0376,conservative_overlay,1982
1.2186,0.9572,0.3829,0.1037,57950425.52,0.0395,conservative_overlay,1983
1.1077,1.0136,0.4054,0.0943,55786174.11,0.038,conservative_overlay,1984
1.1234,1.0472,0.4189,0.0956,58449588.87,0.0398,conservative_overlay,1985
1.1688,1.0131,0.4052,0.0994,58831169.78,0.0401,conservative_overlay,1986
1.1488,1.048,0.4192,0.0977,59818072.06,0.0408,conservative_overlay,1987
1.1078,1.0172,0.4069,0.0943,55986996.79,0.0381,conservative_overlay,1988
1.2,1.0138,0.4055,0.1021,60444647.45,0.0412,conservative_overlay,1989
1.2003,1.0094,0.4038,0.1021,60198054.22,0.041,conservative_overlay,1990
1.159,0.9891,0.3957,0.0986,56957352.7,0.0388,conservative_overlay,1991
1.234,1.0337,0.4135,0.105,63376362.71,0.0432,conservative_overlay,1992
1.2225,1.0415,0.4166,0.104,63258900.28,0.0431,conservative_overlay,1993
1.232,1.0421,0.4168,0.1048,63788953.01,0.0435,conservative_overlay,1994
1.1668,0.9916,0.3966,0.0993,57485647.3,0.0392,conservative_overlay,1995
1.1733,1.0471,0.4189,0.0998,61043557.66,0.0416,conservative_overlay,1996
1.1541,0.9622,0.3849,0.0982,55171733.54,0.0376,conservative_overlay,1997
1.1676,0.949,0.3796,0.0993,55052685.04,0.0375,conservative_overlay,1998
1.1566,0.9863,0.3945,0.0984,56677335.3,0.0386,conservative_overlay,1999
1.2174,0.9635,0.3854,0.1036,58275239.18,0.0397,conservative_overlay,2000
1.5716,1.033,0.4132,0.1337,80659521.23,0.055,mild_recession,1
1.4682,1.0952,0.4381,0.1249,79890541.7,0.0544,mild_recession,2
1.4744,1.1312,0.4525,0.1254,82866028.92,0.0565,mild_recession,3
1.4987,0.9973,0.3989,0.1275,74263716.1,0.0506,mild_recession,4
1.3439,1.1595,0.4638,0.1143,77422038.9,0.0527,mild_recession,5
1.3386,1.1352,0.4541,0.1139,75498728.17,0.0514,mild_recession,6
1.3269,1.1611,0.4645,0.1129,76547532.11,0.0522,mild_recession,7
1.5405,1.0898,0.4359,0.1311,83412053.96,0.0568,mild_recession,8
1.4099,1.0469,0.4187,0.12,73333539.14,0.05,mild_recession,9
1.4066,1.0312,0.4125,0.1197,72066620.73,0.0491,mild_recession,10
1.4813,1.1144,0.4457,0.126,82017596.25,0.0559,mild_recession,11
1.497,1.0967,0.4387,0.1274,81567635.02,0.0556,mild_recession,12
1.3911,1.1042,0.4417,0.1184,76323243.11,0.052,mild_recession,13
1.495,1.1347,0.4539,0.1272,84281907.77,0.0574,mild_recession,14
1.3068,1.1409,0.4563,0.1112,74074865.14,0.0505,mild_recession,15
1.5199,1.1821,0.4728,0.1293,89266925.08,0.0608,mild_recession,16
1.5043,1.1296,0.4519,0.128,84431480.27,0.0575,mild_recession,17
1.6682,1.1814,0.4726,0.1419,97922148.49,0.0667,mild_recession,18
1.6474,1.1081,0.4432,0.1402,90701454.12,0.0618,mild_recession,19
1.3721,1.1546,0.4619,0.1167,78713599.54,0.0536,mild_recession,20
1.2933,1.0992,0.4397,0.11,70633002.02,0.0481,mild_recession,21
1.5714,1.1032,0.4413,0.1337,86132809.47,0.0587,mild_recession,22
1.4315,1.1082,0.4433,0.1218,78817916.73,0.0537,mild_recession,23
1.3331,1.114,0.4456,0.1134,73785507.1,0.0503,mild_recession,24
1.5166,1.0743,0.4297,0.129,80953819.06,0.0552,mild_recession,25
1.3569,1.0244,0.4098,0.1154,69061977.17,0.0471,mild_recession,26
1.6443,1.1049,0.442,0.1399,90270325.99,0.0615,mild_recession,27
1.385,1.0846,0.4338,0.1178,74634332.34,0.0508,mild_recession,28
1.4822,1.0003,0.4001,0.1261,73661197.69,0.0502,mild_recession,29
1.3423,1.1062,0.4425,0.1142,73773125.39,0.0503,mild_recession,30
1.3759,1.0779,0.4311,0.1171,73685162.61,0.0502,mild_recession,31
1.5263,1.1147,0.4459,0.1299,84531587.81,0.0576,mild_recession,32
1.5958,1.0909,0.4364,0.1358,86492402.02,0.0589,mild_recession,33
1.596,1.04,0.416,0.1358,82465873.34,0.0562,mild_recession,34
1.6128,1.1038,0.4415,0.1372,88449114.0,0.0603,mild_recession,35
1.6378,1.1027,0.4411,0.1394,89730383.35,0.0611,mild_recession,36
1.4323,1.0969,0.4388,0.1219,78063912.53,0.0532,mild_recession,37
1.4855,1.0979,0.4392,0.1264,81037375.7,0.0552,mild_recession,38
1.4489,0.9933,0.3973,0.1233,71505207.19,0.0487,mild_recession,39
1.1528,1.1113,0.4445,0.0981,63652316.07,0.0434,mild_recession,40
1.5309,1.0398,0.4159,0.1303,79089646.28,0.0539,mild_recession,41
1.3485,0.9959,0.3984,0.1147,66729088.12,0.0455,mild_recession,42
1.4706,1.0906,0.4362,0.1251,79683436.78,0.0543,mild_recession,43
1.5142,1.1148,0.4459,0.1288,83869375.79,0.0571,mild_recession,44
1.1886,1.1661,0.4664,0.1011,68865605.08,0.0469,mild_recession,45
1.3274,1.1176,0.4471,0.1129,73712673.49,0.0502,mild_recession,46
1.5501,1.0852,0.4341,0.1319,83579828.62,0.0569,mild_recession,47
1.3657,1.0726,0.429,0.1162,72779775.69,0.0496,mild_recession,48
1.4322,0.9947,0.3979,0.1219,70783457.07,0.0482,mild_recession,49
1.308,1.1368,0.4547,0.1113,73876061.37,0.0503,mild_recession,50
1.4573,1.042,0.4168,0.124,75449659.57,0.0514,mild_recession,51
1.5775,1.1362,0.4545,0.1342,89055795.19,0.0607,mild_recession,52
1.4371,1.0925,0.437,0.1223,78010324.88,0.0531,mild_recession,53
1.3648,1.1684,0.4674,0.1161,79230552.25,0.054,mild_recession,54
1.5757,1.1726,0.4691,0.1341,91807330.38,0.0625,mild_recession,55
1.3982,1.1557,0.4623,0.119,80286621.02,0.0547,mild_recession,56
1.5447,1.1762,0.4705,0.1314,90271356.33,0.0615,mild_recession,57
1.4691,1.1456,0.4582,0.125,83621407.85,0.057,mild_recession,58
1.6771,1.1576,0.463,0.1427,96457767.69,0.0657,mild_recession,59
1.6532,1.1016,0.4406,0.1407,90478817.68,0.0616,mild_recession,60
1.5524,1.1111,0.4444,0.1321,85697032.3,0.0584,mild_recession,61
1.3475,1.0938,0.4375,0.1147,73234931.59,0.0499,mild_recession,62
1.5918,1.1331,0.4532,0.1354,89616585.31,0.0611,mild_recession,63
1.5664,1.1287,0.4515,0.1333,87843040.78,0.0598,mild_recession,64
1.4095,1.0572,0.4229,0.1199,74037167.2,0.0504,mild_recession,65
1.4644,1.1417,0.4567,0.1246,83069178.5,0.0566,mild_recession,66
1.3203,1.0506,0.4202,0.1123,68916615.35,0.047,mild_recession,67
1.4358,1.1598,0.4639,0.1222,82735980.82,0.0564,mild_recession,68
1.5251,1.0878,0.4351,0.1298,82423491.51,0.0562,mild_recession,69
1.3883,1.0874,0.4349,0.1181,75002202.06,0.0511,mild_recession,70
1.5111,1.1791,0.4716,0.1286,88527383.2,0.0603,mild_recession,71
1.514,1.1074,0.4429,0.1288,83300310.07,0.0568,mild_recession,72
1.6858,1.0752,0.4301,0.1434,90057692.43,0.0614,mild_recession,73
1.481,1.1208,0.4483,0.126,82472388.77,0.0562,mild_recession,74
1.4031,1.1921,0.4769,0.1194,83104731.45,0.0566,mild_recession,75
1.5237,1.144,0.4576,0.1296,86605795.05,0.059,mild_recession,76
1.6312,1.1248,0.4499,0.1388,91160126.14,0.0621,mild_recession,77
1.2988,1.1053,0.4421,0.1105,71322867.71,0.0486,mild_recession,78
1.5625,1.1976,0.479,0.1329,92972166.81,0.0633,mild_recession,79
1.3274,0.995,0.398,0.1129,65622532.31,0.0447,mild_recession,80
1.6198,1.1108,0.4443,0.1378,89396310.36,0.0609,mild_recession,81
1.4157,1.0291,0.4116,0.1205,72385524.93,0.0493,mild_recession,82
1.6396,1.1494,0.4598,0.1395,93635143.07,0.0638,mild_recession,83
1.2616,1.0896,0.4358,0.1073,68301838.43,0.0465,mild_recession,84
1.5612,1.0836,0.4334,0.1328,84052270.57,0.0573,mild_recession,85
1.6273,1.1014,0.4406,0.1385,89052043.18,0.0607,mild_recession,86
1.5491,0.9819,0.3928,0.1318,75576367.83,0.0515,mild_recession,87
1.3479,1.0893,0.4357,0.1147,72953376.89,0.0497,mild_recession,88
1.6501,1.1618,0.4647,0.1404,95247306.61,0.0649,mild_recession,89
1.5272,1.0792,0.4317,0.1299,81885313.95,0.0558,mild_recession,90
1.6173,1.1025,0.441,0.1376,88593385.97,0.0604,mild_recession,91
1.4048,1.0897,0.4359,0.1195,76059074.92,0.0518,mild_recession,92
1.4568,1.0051,0.4021,0.1239,72750965.26,0.0496,mild_recession,93
1.3961,1.1536,0.4615,0.1188,80023685.8,0.0545,mild_recession,94
1.453,1.1384,0.4553,0.1236,82180187.59,0.056,mild_recession,95
1.5935,1.0529,0.4212,0.1356,83363979.85,0.0568,mild_recession,96
1.5641,1.0622,0.4249,0.1331,82545045.02,0.0562,mild_recession,97
1.3486,1.0055,0.4022,0.1147,67375334.83,0.0459,mild_recession,98
1.5588,1.0527,0.4211,0.1326,81529611.2,0.0555,mild_recession,99
1.4206,1.0411,0.4164,0.1209,73485101.09,0.0501,mild_recession,100
1.6306,1.0924,0.437,0.1387,88505245.29,0.0603,mild_recession,101
1.5824,1.0733,0.4293,0.1346,84385496.47,0.0575,mild_recession,102
1.4648,1.0588,0.4235,0.1246,77057181.03,0.0525,mild_recession,103
1.5527,1.0374,0.415,0.1321,80030308.88,0.0545,mild_recession,104
1.5096,1.1372,0.4549,0.1284,85291299.76,0.0581,mild_recession,105
1.5556,1.04,0.416,0.1324,80381714.83,0.0548,mild_recession,106
1.5122,1.0501,0.42,0.1287,78892352.04,0.0537,mild_recession,107
1.7244,1.081,0.4324,0.1467,92615672.98,0.0631,mild_recession,108
1.4725,1.0953,0.4381,0.1253,80135790.17,0.0546,mild_recession,109
1.6008,1.1215,0.4486,0.1362,89202979.66,0.0608,mild_recession,110
1.6535,1.107,0.4428,0.1407,90943813.2,0.062,mild_recession,111
1.5149,1.062,0.4248,0.1289,79934252.38,0.0545,mild_recession,112
1.4032,1.038,0.4152,0.1194,72362730.13,0.0493,mild_recession,113
1.4449,1.0682,0.4273,0.1229,76690207.79,0.0522,mild_recession,114
1.498,1.114,0.4456,0.1275,82911878.37,0.0565,mild_recession,115
1.5491,1.1113,0.4445,0.1318,85537790.73,0.0583,mild_recession,116
1.4362,1.1675,0.467,0.1222,83310548.77,0.0568,mild_recession,117
1.6088,1.1272,0.4509,0.1369,90102168.52,0.0614,mild_recession,118
1.4242,1.1444,0.4578,0.1212,80982575.41,0.0552,mild_recession,119
1.6923,1.1063,0.4425,0.144,93018560.63,0.0634,mild_recession,120
1.4373,1.0796,0.4318,0.1223,77096624.72,0.0525,mild_recession,121
1.5972,1.0518,0.4207,0.1359,83466937.4,0.0569,mild_recession,122
1.356,1.1265,0.4506,0.1154,75896483.61,0.0517,mild_recession,123
1.4117,1.1111,0.4444,0.1201,77931147.73,0.0531,mild_recession,124
1.2757,1.0933,0.4373,0.1085,69295285.2,0.0472,mild_recession,125
1.3504,1.1384,0.4554,0.1149,76379084.39,0.052,mild_recession,126
1.4791,1.116,0.4464,0.1259,82017726.67,0.0559,mild_recession,127
1.7341,1.2084,0.4834,0.1475,104115267.19,0.0709,mild_recession,128
1.5732,1.1525,0.461,0.1339,90082876.3,0.0614,mild_recession,129
1.4578,0.984,0.3936,0.124,71274135.63,0.0486,mild_recession,130
1.4329,1.1147,0.4459,0.1219,79357270.72,0.0541,mild_recession,131
1.6282,1.0274,0.411,0.1385,83115588.76,0.0566,mild_recession,132
1.5244,1.0138,0.4055,0.1297,76786301.08,0.0523,mild_recession,133
1.4762,1.1309,0.4524,0.1256,82949133.86,0.0565,mild_recession,134
1.6464,1.1083,0.4433,0.1401,90660496.05,0.0618,mild_recession,135
1.4594,1.1043,0.4417,0.1242,80070032.59,0.0546,mild_recession,136
1.4839,1.1064,0.4426,0.1263,81571420.88,0.0556,mild_recession,137
1.719,1.1275,0.451,0.1463,96302085.65,0.0656,mild_recession,138
1.6898,1.1057,0.4423,0.1438,92836091.96,0.0632,mild_recession,139
1.4963,1.0913,0.4365,0.1273,81133337.11,0.0553,mild_recession,140
1.2997,1.1294,0.4518,0.1106,72931023.9,0.0497,mild_recession,141
1.2577,1.1437,0.4575,0.107,71467803.33,0.0487,mild_recession,142
1.53,1.0777,0.4311,0.1302,81927735.44,0.0558,mild_recession,143
1.535,1.1088,0.4435,0.1306,84565510.2,0.0576,mild_recession,144
1.4944,1.0832,0.4333,0.1271,80425806.39,0.0548,mild_recession,145
1.6894,1.1112,0.4445,0.1437,93273143.4,0.0635,mild_recession,146
1.4194,1.0358,0.4143,0.1208,73051982.96,0.0498,mild_recession,147
1.4892,1.0824,0.4329,0.1267,80084929.99,0.0546,mild_recession,148
1.5309,1.1689,0.4675,0.1303,88908280.22,0.0606,mild_recession,149
1.5957,1.0978,0.4391,0.1358,87038334.62,0.0593,mild_recession,150
1.5865,1.058,0.4232,0.135,83393744.68,0.0568,mild_recession,151
1.4487,1.1528,0.4611,0.1233,82982523.22,0.0565,mild_recession,152
1.5488,1.0986,0.4395,0.1318,84542159.7,0.0576,mild_recession,153
1.2882,1.1357,0.4543,0.1096,72690569.85,0.0495,mild_recession,154
1.5215,1.1936,0.4775,0.1295,90233836.83,0.0615,mild_recession,155
1.4847,1.0886,0.4355,0.1263,80307439.72,0.0547,mild_recession,156
1.5673,1.091,0.4364,0.1334,84959161.85,0.0579,mild_recession,157
1.4787,1.0458,0.4183,0.1258,76833544.73,0.0523,mild_recession,158
1.6153,1.1893,0.4757,0.1374,95449615.08,0.065,mild_recession,159
1.3587,1.1507,0.4603,0.1156,77682675.56,0.0529,mild_recession,160
1.4741,1.0344,0.4138,0.1254,75759446.8,0.0516,mild_recession,161
1.5739,1.0936,0.4374,0.1339,85520123.71,0.0583,mild_recession,162
1.7161,1.1104,0.4442,0.146,94678620.48,0.0645,mild_recession,163
1.402,1.0705,0.4282,0.1193,74569070.24,0.0508,mild_recession,164
1.4986,1.1456,0.4582,0.1275,85294428.56,0.0581,mild_recession,165
1.4081,1.1831,0.4732,0.1198,82773152.17,0.0564,mild_recession,166
1.7027,1.1418,0.4567,0.1449,96591274.81,0.0658,mild_recession,167
1.5028,1.1027,0.4411,0.1279,82331451.06,0.0561,mild_recession,168
1.2764,1.0699,0.4279,0.1086,67850084.03,0.0462,mild_recession,169
1.2337,1.1048,0.4419,0.105,67721560.5,0.0461,mild_recession,170
1.4774,1.1969,0.4787,0.1257,87857409.73,0.0599,mild_recession,171
1.4018,1.0875,0.435,0.1193,75745846.6,0.0516,mild_recession,172
1.3673,1.0567,0.4227,0.1163,71782898.51,0.0489,mild_recession,173
1.4415,1.1006,0.4402,0.1226,78827084.9,0.0537,mild_recession,174
1.817,1.1135,0.4454,0.1546,100520628.05,0.0685,mild_recession,175
1.653,1.0395,0.4158,0.1406,85369687.08,0.0582,mild_recession,176
1.433,1.1358,0.4543,0.1219,80870632.89,0.0551,mild_recession,177
1.4953,1.1484,0.4594,0.1272,85321604.15,0.0581,mild_recession,178
1.4858,1.1664,0.4665,0.1264,86105405.67,0.0587,mild_recession,179
1.6825,1.0874,0.435,0.1431,90898087.94,0.0619,mild_recession,180
1.4897,1.1074,0.443,0.1267,81964965.73,0.0558,mild_recession,181
1.5032,1.0739,0.4296,0.1279,80203494.12,0.0546,mild_recession,182
1.4738,1.0845,0.4338,0.1254,79412533.7,0.0541,mild_recession,183
1.3855,1.0952,0.4381,0.1179,75392561.72,0.0514,mild_recession,184
1.5984,1.053,0.4212,0.136,83622653.14,0.057,mild_recession,185
1.4521,1.1819,0.4728,0.1235,85272189.08,0.0581,mild_recession,186
1.5985,1.1656,0.4662,0.136,92570690.39,0.0631,mild_recession,187
1.4825,1.1133,0.4453,0.1261,82006070.64,0.0559,mild_recession,188
1.6164,1.0113,0.4045,0.1375,81221771.42,0.0553,mild_recession,189
1.6645,1.0368,0.4147,0.1416,85742164.9,0.0584,mild_recession,190
1.7779,1.0862,0.4345,0.1513,95948761.07,0.0654,mild_recession,191
1.5242,1.0559,0.4224,0.1297,79963856.07,0.0545,mild_recession,192
1.5254,1.1202,0.4481,0.1298,84903485.17,0.0578,mild_recession,193
1.5787,1.1246,0.4498,0.1343,88205319.14,0.0601,mild_recession,194
1.4586,1.0888,0.4355,0.1241,78904353.42,0.0538,mild_recession,195
1.5817,1.1336,0.4535,0.1346,89091846.06,0.0607,mild_recession,196
1.6791,1.0502,0.4201,0.1429,87613628.72,0.0597,mild_recession,197
1.5955,1.0067,0.4027,0.1358,79806735.46,0.0544,mild_recession,198
1.3043,0.9821,0.3928,0.111,63643315.53,0.0434,mild_recession,199
1.4391,1.1505,0.4602,0.1224,82263060.73,0.056,mild_recession,200
1.573,1.0201,0.4081,0.1338,79728171.79,0.0543,mild_recession,201
1.5226,1.1388,0.4555,0.1295,86148246.3,0.0587,mild_recession,202
1.6941,1.1177,0.4471,0.1441,94079736.48,0.0641,mild_recession,203
1.4392,1.059,0.4236,0.1225,75726771.16,0.0516,mild_recession,204
1.3887,1.1096,0.4439,0.1182,76561692.0,0.0522,mild_recession,205
1.6067,1.0914,0.4366,0.1367,87127826.99,0.0594,mild_recession,206
1.4653,1.1234,0.4494,0.1247,81791499.51,0.0557,mild_recession,207
1.3286,1.1773,0.4709,0.113,77717078.71,0.0529,mild_recession,208
1.548,1.0915,0.4366,0.1317,83950633.89,0.0572,mild_recession,209
1.2602,1.1462,0.4585,0.1072,71768833.86,0.0489,mild_recession,210
1.4964,1.0871,0.4348,0.1273,80825278.8,0.0551,mild_recession,211
1.5595,1.154,0.4616,0.1327,89413693.9,0.0609,mild_recession,212
1.3037,1.0941,0.4376,0.1109,70871070.59,0.0483,mild_recession,213
1.6122,1.0754,0.4302,0.1372,86140033.08,0.0587,mild_recession,214
1.3576,1.0983,0.4393,0.1155,74084787.83,0.0505,mild_recession,215
1.4379,1.1568,0.4627,0.1223,82641427.83,0.0563,mild_recession,216
1.5543,1.0393,0.4157,0.1322,80257042.56,0.0547,mild_recession,217
1.4161,1.0373,0.4149,0.1205,72982648.16,0.0497,mild_recession,218
1.4709,1.0803,0.4321,0.1252,78954279.77,0.0538,mild_recession,219
1.6604,1.1164,0.4466,0.1413,92100914.7,0.0627,mild_recession,220
1.385,1.0562,0.4225,0.1178,72682660.28,0.0495,mild_recession,221
1.2041,1.1236,0.4495,0.1025,67224942.4,0.0458,mild_recession,222
1.506,1.0209,0.4084,0.1281,76388443.38,0.052,mild_recession,223
1.4191,1.0493,0.4197,0.1207,73985231.23,0.0504,mild_recession,224
1.3961,1.0819,0.4328,0.1188,75047153.74,0.0511,mild_recession,225
1.4151,1.0202,0.4081,0.1204,71729395.28,0.0489,mild_recession,226
1.5162,1.1315,0.4526,0.129,85237004.54,0.0581,mild_recession,227
1.5244,1.0484,0.4194,0.1297,79406520.64,0.0541,mild_recession,228
1.5566,1.0328,0.4131,0.1324,79880085.55,0.0544,mild_recession,229
1.7779,1.0127,0.4051,0.1513,89454351.59,0.0609,mild_recession,230
1.566,1.1518,0.4607,0.1332,89617151.29,0.0611,mild_recession,231
1.3771,1.168,0.4672,0.1172,79921498.02,0.0545,mild_recession,232
1.5636,1.0636,0.4254,0.133,82625230.07,0.0563,mild_recession,233
1.3938,1.1291,0.4516,0.1186,78191110.51,0.0533,mild_recession,234
1.8235,1.1017,0.4407,0.1552,99817346.24,0.068,mild_recession,235
1.5648,1.0927,0.4371,0.1331,84951969.52,0.0579,mild_recession,236
1.6291,1.0823,0.4329,0.1386,87599641.04,0.0597,mild_recession,237
1.4163,1.0625,0.425,0.1205,74760766.62,0.0509,mild_recession,238
1.4953,1.0424,0.417,0.1272,77447529.85,0.0528,mild_recession,239
1.3262,1.0986,0.4394,0.1128,72389634.48,0.0493,mild_recession,240
1.3322,1.126,0.4504,0.1133,74530496.56,0.0508,mild_recession,241
1.4367,1.1277,0.4511,0.1222,80500130.52,0.0548,mild_recession,242
1.5871,1.1347,0.4539,0.135,89474133.59,0.061,mild_recession,243
1.3927,1.1119,0.4448,0.1185,76940625.46,0.0524,mild_recession,244
1.607,1.1246,0.4499,0.1367,89797342.66,0.0612,mild_recession,245
1.5648,1.0723,0.4289,0.1331,83367646.93,0.0568,mild_recession,246
1.5184,1.1495,0.4598,0.1292,86716295.52,0.0591,mild_recession,247
1.4446,1.0155,0.4062,0.1229,72888956.0,0.0497,mild_recession,248
1.4397,1.0776,0.431,0.1225,77081618.11,0.0525,mild_recession,249
1.5049,1.1161,0.4465,0.128,83452748.53,0.0569,mild_recession,250
1.4318,1.1372,0.4549,0.1218,80904801.79,0.0551,mild_recession,251
1.7531,1.0995,0.4398,0.1492,95773878.88,0.0653,mild_recession,252
1.3583,1.0674,0.427,0.1156,72033523.83,0.0491,mild_recession,253
1.517,1.1314,0.4526,0.1291,85275318.89,0.0581,mild_recession,254
1.4367,1.1483,0.4593,0.1222,81965077.55,0.0558,mild_recession,255
1.5247,1.134,0.4536,0.1297,85906587.63,0.0585,mild_recession,256
1.625,1.1556,0.4622,0.1383,93301769.08,0.0636,mild_recession,257
1.5138,1.0674,0.427,0.1288,80283035.69,0.0547,mild_recession,258
1.4294,1.0609,0.4244,0.1216,75345170.53,0.0513,mild_recession,259
1.3912,1.1042,0.4417,0.1184,76325585.59,0.052,mild_recession,260
1.5062,1.0276,0.411,0.1282,76903799.32,0.0524,mild_recession,261
1.2433,1.0703,0.4281,0.1058,66112288.51,0.045,mild_recession,262
1.7135,1.1655,0.4662,0.1458,99224319.91,0.0676,mild_recession,263
1.2547,1.0897,0.4359,0.1068,67932202.72,0.0463,mild_recession,264
1.591,1.1211,0.4485,0.1354,88622284.71,0.0604,mild_recession,265
1.6062,1.1183,0.4473,0.1367,89247505.25,0.0608,mild_recession,266
1.5006,1.1781,0.4712,0.1277,87834319.22,0.0598,mild_recession,267
1.527,1.0446,0.4178,0.1299,79250668.01,0.054,mild_recession,268
1.2762,1.1088,0.4435,0.1086,70307353.98,0.0479,mild_recession,269
1.4855,1.0833,0.4333,0.1264,79951760.35,0.0545,mild_recession,270
1.4803,1.1116,0.4447,0.126,81761820.05,0.0557,mild_recession,271
1.5758,1.1222,0.4489,0.1341,87862206.36,0.0599,mild_recession,272
1.4669,1.0771,0.4308,0.1248,78498142.93,0.0535,mild_recession,273
1.3458,1.1242,0.4497,0.1145,75171846.92,0.0512,mild_recession,274
1.5791,1.1106,0.4442,0.1344,87129571.43,0.0594,mild_recession,275
1.358,1.0746,0.4298,0.1155,72502854.0,0.0494,mild_recession,276
1.4677,1.117,0.4468,0.1249,81453546.89,0.0555,mild_recession,277
1.4578,1.021,0.4084,0.124,73952688.68,0.0504,mild_recession,278
1.4722,1.1454,0.4582,0.1253,83784514.32,0.0571,mild_recession,279
1.6032,1.1035,0.4414,0.1364,87897446.42,0.0599,mild_recession,280
1.3379,1.1065,0.4426,0.1138,73558393.05,0.0501,mild_recession,281
1.4647,1.0721,0.4289,0.1246,78022979.73,0.0532,mild_recession,282
1.5527,1.056,0.4224,0.1321,81468410.19,0.0555,mild_recession,283
1.2396,1.1413,0.4565,0.1055,70294484.05,0.0479,mild_recession,284
1.6252,1.1683,0.4673,0.1383,94339923.94,0.0643,mild_recession,285
1.5784,1.1204,0.4482,0.1343,87866988.72,0.0599,mild_recession,286
1.4094,1.0211,0.4084,0.1199,71503037.48,0.0487,mild_recession,287
1.6428,1.1549,0.462,0.1398,94270610.79,0.0642,mild_recession,288
1.2259,1.0276,0.411,0.1043,62585263.33,0.0426,mild_recession,289
1.5289,1.0416,0.4166,0.1301,79123443.7,0.0539,mild_recession,290
1.3416,1.1391,0.4557,0.1142,75934094.15,0.0517,mild_recession,291
1.5545,1.1042,0.4417,0.1323,85280994.4,0.0581,mild_recession,292
1.4003,1.0263,0.4105,0.1191,71402924.14,0.0486,mild_recession,293
1.5659,1.0971,0.4388,0.1332,85356160.15,0.0582,mild_recession,294
1.794,1.1813,0.4725,0.1526,105291076.55,0.0717,mild_recession,295
1.5772,1.108,0.4432,0.1342,86822367.11,0.0592,mild_recession,296
1.3305,1.1186,0.4475,0.1132,73950203.79,0.0504,mild_recession,297
1.3446,1.1159,0.4464,0.1144,74545810.56,0.0508,mild_recession,298
1.583,1.0591,0.4236,0.1347,83297432.25,0.0568,mild_recession,299
1.6249,1.126,0.4504,0.1383,90905545.35,0.0619,mild_recession,300
1.4428,1.1207,0.4483,0.1228,80335538.27,0.0547,mild_recession,301
1.2471,1.0428,0.4171,0.1061,64615581.65,0.044,mild_recession,302
1.5383,1.1035,0.4414,0.1309,84343244.66,0.0575,mild_recession,303
1.5741,1.1333,0.4533,0.1339,88638538.01,0.0604,mild_recession,304
1.469,1.1167,0.4467,0.125,81504472.97,0.0555,mild_recession,305
1.6305,1.0708,0.4283,0.1387,86744102.4,0.0591,mild_recession,306
1.5723,1.02,0.408,0.1338,79681194.9,0.0543,mild_recession,307
1.6413,1.131,0.4524,0.1396,92227675.38,0.0628,mild_recession,308
1.4332,1.1363,0.4545,0.1219,80912477.23,0.0551,mild_recession,309
1.7382,1.0625,0.425,0.1479,91757742.55,0.0625,mild_recession,310
1.6609,1.0325,0.413,0.1413,85202838.54,0.058,mild_recession,311
1.7146,1.1472,0.4589,0.1459,97728866.11,0.0666,mild_recession,312
1.505,1.1381,0.4552,0.1281,85102043.58,0.058,mild_recession,313
1.5816,1.0331,0.4133,0.1346,81185460.19,0.0553,mild_recession,314
1.4999,1.1107,0.4443,0.1276,82768703.4,0.0564,mild_recession,315
1.7543,1.242,0.4968,0.1493,108251661.82,0.0738,mild_recession,316
1.5075,1.161,0.4644,0.1283,86954476.93,0.0592,mild_recession,317
1.4098,1.0955,0.4382,0.1199,76732102.95,0.0523,mild_recession,318
1.3081,1.1391,0.4556,0.1113,74032221.03,0.0504,mild_recession,319
1.6608,1.1053,0.4421,0.1413,91200315.25,0.0621,mild_recession,320
1.5131,1.081,0.4324,0.1287,81266187.71,0.0554,mild_recession,321
1.4315,1.2273,0.4909,0.1218,87291808.93,0.0595,mild_recession,322
1.4527,1.1537,0.4615,0.1236,83266204.54,0.0567,mild_recession,323
1.4123,1.0907,0.4363,0.1202,76531371.86,0.0521,mild_recession,324
1.5537,1.0674,0.427,0.1322,82400388.22,0.0561,mild_recession,325
1.6347,1.0687,0.4275,0.1391,86797669.2,0.0591,mild_recession,326
1.4364,1.1538,0.4615,0.1222,82344727.82,0.0561,mild_recession,327
1.5885,1.0579,0.4231,0.1352,83492558.96,0.0569,mild_recession,328
1.392,1.0531,0.4212,0.1184,72832906.42,0.0496,mild_recession,329
1.573,1.1632,0.4653,0.1338,90912709.44,0.0619,mild_recession,330
1.8304,1.0731,0.4292,0.1557,97587588.57,0.0665,mild_recession,331
1.5224,1.0459,0.4184,0.1295,79110308.79,0.0539,mild_recession,332
1.6499,1.0269,0.4108,0.1404,84182365.43,0.0574,mild_recession,333
1.6836,1.1529,0.4612,0.1432,96439797.06,0.0657,mild_recession,334
1.1709,1.0859,0.4343,0.0996,63173933.25,0.043,mild_recession,335
1.2964,1.0603,0.4241,0.1103,68292584.63,0.0465,mild_recession,336
1.4839,1.0828,0.4331,0.1263,79834933.31,0.0544,mild_recession,337
1.2201,1.0933,0.4373,0.1038,66278425.8,0.0452,mild_recession,338
1.4908,1.1654,0.4662,0.1268,86325902.08,0.0588,mild_recession,339
1.5451,1.035,0.414,0.1315,79456238.33,0.0541,mild_recession,340
1.6295,1.1245,0.4498,0.1386,91040535.26,0.062,mild_recession,341
1.3501,1.1085,0.4434,0.1149,74358882.46,0.0507,mild_recession,342
1.4008,1.1452,0.4581,0.1192,79707764.1,0.0543,mild_recession,343
1.3343,1.0481,0.4192,0.1135,69482062.78,0.0473,mild_recession,344
1.5459,1.103,0.4412,0.1315,84719412.96,0.0577,mild_recession,345
1.6184,1.0189,0.4075,0.1377,81928079.68,0.0558,mild_recession,346
1.3204,1.1652,0.4661,0.1123,76441193.71,0.0521,mild_recession,347
1.4964,1.0966,0.4386,0.1273,81530117.22,0.0555,mild_recession,348
1.5714,1.0554,0.4222,0.1337,82400627.35,0.0561,mild_recession,349
1.5291,1.1384,0.4554,0.1301,86493088.85,0.0589,mild_recession,350
1.3746,1.1171,0.4468,0.117,76289805.09,0.052,mild_recession,351
1.3924,1.0076,0.403,0.1185,69702487.64,0.0475,mild_recession,352
1.3565,1.1168,0.4467,0.1154,75272223.91,0.0513,mild_recession,353
1.5231,1.1368,0.4547,0.1296,86031797.59,0.0586,mild_recession,354
1.6107,1.0794,0.4318,0.137,86383798.64,0.0589,mild_recession,355
1.4261,1.1238,0.4495,0.1213,79627864.34,0.0543,mild_recession,356
1.5362,1.1186,0.4474,0.1307,85376094.33,0.0582,mild_recession,357
1.212,1.0703,0.4281,0.1031,64450512.16,0.0439,mild_recession,358
1.6109,1.1919,0.4767,0.1371,95392657.89,0.065,mild_recession,359
1.3782,1.1249,0.4499,0.1173,77026333.44,0.0525,mild_recession,360
1.5357,1.0461,0.4184,0.1307,79818970.62,0.0544,mild_recession,361
1.4981,1.1176,0.447,0.1275,83187083.13,0.0567,mild_recession,362
1.6046,1.1158,0.4463,0.1365,88953892.37,0.0606,mild_recession,363
1.5353,1.1263,0.4505,0.1306,85915220.39,0.0585,mild_recession,364
1.7575,1.1186,0.4474,0.1495,97680985.91,0.0666,mild_recession,365
1.5165,1.1186,0.4474,0.129,84285326.22,0.0574,mild_recession,366
1.5338,1.088,0.4352,0.1305,82912752.31,0.0565,mild_recession,367
1.5892,1.0729,0.4291,0.1352,84709546.68,0.0577,mild_recession,368
1.3642,1.128,0.4512,0.1161,76451161.18,0.0521,mild_recession,369
1.4118,1.1223,0.4489,0.1201,78726033.19,0.0536,mild_recession,370
1.5229,1.0815,0.4326,0.1296,81831963.07,0.0558,mild_recession,371
1.5391,1.0959,0.4384,0.131,83804627.54,0.0571,mild_recession,372
1.4468,1.0982,0.4393,0.1231,78946695.84,0.0538,mild_recession,373
1.4075,1.0648,0.4259,0.1198,74462668.43,0.0507,mild_recession,374
1.544,1.1136,0.4454,0.1314,85428352.48,0.0582,mild_recession,375
1.641,1.0839,0.4335,0.1396,88369847.38,0.0602,mild_recession,376
1.6217,1.0872,0.4349,0.138,87596922.72,0.0597,mild_recession,377
1.5714,1.0997,0.4399,0.1337,85861579.23,0.0585,mild_recession,378
1.4153,1.0364,0.4146,0.1204,72881385.18,0.0497,mild_recession,379
1.4751,1.0709,0.4284,0.1255,78490257.53,0.0535,mild_recession,380
1.6163,1.1375,0.455,0.1375,91348038.82,0.0622,mild_recession,381
1.5923,1.0512,0.4205,0.1355,83165194.62,0.0567,mild_recession,382
1.3522,1.0665,0.4266,0.115,71651700.41,0.0488,mild_recession,383
1.5442,1.0616,0.4246,0.1314,81449476.07,0.0555,mild_recession,384
1.5884,1.1301,0.452,0.1351,89186395.87,0.0608,mild_recession,385
1.4658,1.0232,0.4093,0.1247,74519030.35,0.0508,mild_recession,386
1.4632,1.1052,0.4421,0.1245,80344272.69,0.0547,mild_recession,387
1.5691,1.0571,0.4229,0.1335,82413751.92,0.0561,mild_recession,388
1.4424,1.1246,0.4499,0.1227,80596939.5,0.0549,mild_recession,389
1.537,1.1799,0.4719,0.1308,90097614.87,0.0614,mild_recession,390
1.4749,1.1394,0.4558,0.1255,83498681.4,0.0569,mild_recession,391
1.4006,1.13,0.452,0.1192,78632188.99,0.0536,mild_recession,392
1.4284,1.0617,0.4247,0.1215,75352541.84,0.0513,mild_recession,393
1.4423,1.0893,0.4357,0.1227,78062277.21,0.0532,mild_recession,394
1.4179,1.1148,0.4459,0.1206,78540457.4,0.0535,mild_recession,395
1.4445,1.0494,0.4197,0.1229,75313939.95,0.0513,mild_recession,396
1.4923,1.1375,0.455,0.127,84337163.89,0.0575,mild_recession,397
1.5398,1.158,0.4632,0.131,88592436.02,0.0604,mild_recession,398
1.5436,1.0155,0.4062,0.1313,77884114.19,0.0531,mild_recession,399
1.5525,1.2002,0.4801,0.1321,92580062.81,0.0631,mild_recession,400
1.4314,1.14,0.456,0.1218,81075392.36,0.0552,mild_recession,401
1.3781,1.1933,0.4773,0.1173,81704455.85,0.0557,mild_recession,402
1.5412,1.1141,0.4457,0.1311,85311451.21,0.0581,mild_recession,403
1.6606,1.0322,0.4129,0.1413,85161893.9,0.058,mild_recession,404
1.5906,1.0613,0.4245,0.1353,83875780.69,0.0571,mild_recession,405
1.7458,1.0797,0.4319,0.1485,93656632.16,0.0638,mild_recession,406
1.2862,1.0269,0.4108,0.1094,65621743.46,0.0447,mild_recession,407
1.3946,1.0892,0.4357,0.1187,75474221.35,0.0514,mild_recession,408
1.4717,1.1341,0.4536,0.1252,82930536.54,0.0565,mild_recession,409
1.2815,1.0774,0.4309,0.109,68596929.2,0.0467,mild_recession,410
1.3899,1.1,0.44,0.1183,75960193.6,0.0518,mild_recession,411
1.3756,1.0373,0.4149,0.117,70900609.05,0.0483,mild_recession,412
1.4805,1.107,0.4428,0.126,81427978.96,0.0555,mild_recession,413
1.5053,1.0989,0.4396,0.1281,82186495.84,0.056,mild_recession,414
1.5488,1.0645,0.4258,0.1318,81913068.27,0.0558,mild_recession,415
1.5882,1.0288,0.4115,0.1351,81182675.56,0.0553,mild_recession,416
1.3563,1.0807,0.4323,0.1154,72826849.78,0.0496,mild_recession,417
1.6284,1.1067,0.4427,0.1386,89542554.6,0.061,mild_recession,418
1.5349,1.1414,0.4566,0.1306,87045577.87,0.0593,mild_recession,419
1.5466,1.0886,0.4355,0.1316,83652153.56,0.057,mild_recession,420
1.6109,1.0548,0.4219,0.1371,84424138.65,0.0575,mild_recession,421
1.6057,1.0359,0.4143,0.1366,82641861.65,0.0563,mild_recession,422
1.6864,1.0762,0.4305,0.1435,90174979.79,0.0614,mild_recession,423
1.6038,1.0623,0.4249,0.1365,84651656.67,0.0577,mild_recession,424
1.4694,1.1529,0.4612,0.125,84169694.12,0.0573,mild_recession,425
1.5113,1.159,0.4636,0.1286,87028579.74,0.0593,mild_recession,426
1.5038,1.1401,0.4561,0.128,85189081.79,0.058,mild_recession,427
1.7168,1.148,0.4592,0.1461,97924943.46,0.0667,mild_recession,428
1.5832,1.1679,0.4671,0.1347,91866095.39,0.0626,mild_recession,429
1.5102,1.1478,0.4591,0.1285,86124236.48,0.0587,mild_recession,430
1.3261,1.0917,0.4367,0.1128,71928398.15,0.049,mild_recession,431
1.4275,1.0399,0.4159,0.1215,73752085.21,0.0502,mild_recession,432
1.4466,1.1102,0.4441,0.1231,79794852.83,0.0544,mild_recession,433
1.4876,1.1473,0.4589,0.1266,84804330.64,0.0578,mild_recession,434
1.4421,1.0475,0.419,0.1227,75049858.15,0.0511,mild_recession,435
1.6428,1.1875,0.475,0.1398,96930830.36,0.066,mild_recession,436
1.4011,1.0226,0.409,0.1192,71181865.18,0.0485,mild_recession,437
1.5295,1.1263,0.4505,0.1301,85590436.9,0.0583,mild_recession,438
1.4653,1.1434,0.4574,0.1247,83243941.07,0.0567,mild_recession,439
1.5089,1.0924,0.4369,0.1284,81892094.94,0.0558,mild_recession,440
1.5073,1.0568,0.4227,0.1282,79145059.29,0.0539,mild_recession,441
1.5346,1.0591,0.4236,0.1306,80749921.36,0.055,mild_recession,442
1.5538,1.0586,0.4234,0.1322,81727107.54,0.0557,mild_recession,443
1.3454,1.0584,0.4233,0.1145,70749268.29,0.0482,mild_recession,444
1.3733,0.9833,0.3933,0.1168,67090876.88,0.0457,mild_recession,445
1.5271,1.0834,0.4334,0.1299,82204483.26,0.056,mild_recession,446
1.6443,1.1591,0.4636,0.1399,94693659.14,0.0645,mild_recession,447
1.5329,1.1288,0.4515,0.1304,85972231.94,0.0586,mild_recession,448
1.5221,1.0643,0.4257,0.1295,80493375.44,0.0548,mild_recession,449
1.5005,1.0828,0.4331,0.1277,80724713.75,0.055,mild_recession,450
1.5689,1.0963,0.4385,0.1335,85458435.98,0.0582,mild_recession,451
1.483,1.0842,0.4337,0.1262,79881901.12,0.0544,mild_recession,452
1.519,1.0791,0.4316,0.1292,81440213.72,0.0555,mild_recession,453
1.3718,1.1442,0.4577,0.1167,77986112.29,0.0531,mild_recession,454
1.5197,1.1657,0.4663,0.1293,88016405.29,0.06,mild_recession,455
1.4926,1.1077,0.4431,0.127,82147686.21,0.056,mild_recession,456
1.4405,1.175,0.47,0.1226,84091369.67,0.0573,mild_recession,457
1.3779,1.1686,0.4675,0.1172,80005139.32,0.0545,mild_recession,458
1.2123,1.1287,0.4515,0.1031,67986860.36,0.0463,mild_recession,459
1.3997,0.9384,0.3754,0.1191,65264066.06,0.0445,mild_recession,460
1.3845,1.1437,0.4575,0.1178,78676700.28,0.0536,mild_recession,461
1.5901,1.0885,0.4354,0.1353,85994141.48,0.0586,mild_recession,462
1.4493,1.1031,0.4413,0.1233,79433785.56,0.0541,mild_recession,463
1.6,1.0642,0.4257,0.1361,84603932.28,0.0576,mild_recession,464
1.5023,1.1152,0.4461,0.1278,83241176.12,0.0567,mild_recession,465
1.4524,1.1259,0.4504,0.1236,81248905.44,0.0554,mild_recession,466
1.599,1.1489,0.4596,0.1361,91277282.28,0.0622,mild_recession,467
1.652,1.1534,0.4614,0.1406,94670361.28,0.0645,mild_recession,468
1.3943,1.0809,0.4324,0.1186,74876933.76,0.051,mild_recession,469
1.6116,1.0697,0.4279,0.1371,85650792.92,0.0584,mild_recession,470
1.5187,1.1039,0.4416,0.1292,83299206.19,0.0568,mild_recession,471
1.4346,1.161,0.4644,0.1221,82748442.82,0.0564,mild_recession,472
1.4536,1.1288,0.4515,0.1237,81528684.19,0.0555,mild_recession,473
1.4911,1.0458,0.4183,0.1269,77481654.27,0.0528,mild_recession,474
1.4341,1.0566,0.4226,0.122,75287655.49,0.0513,mild_recession,475
1.546,1.1436,0.4574,0.1315,87843765.37,0.0598,mild_recession,476
1.6998,1.1092,0.4437,0.1446,93677752.65,0.0638,mild_recession,477
1.3202,1.0936,0.4375,0.1123,71735327.3,0.0489,mild_recession,478
1.6334,1.0953,0.4381,0.139,88889997.12,0.0606,mild_recession,479
1.5403,1.1179,0.4471,0.1311,85546636.24,0.0583,mild_recession,480
1.1914,1.1348,0.4539,0.1014,67176844.5,0.0458,mild_recession,481
1.6025,1.0415,0.4166,0.1363,82929507.24,0.0565,mild_recession,482
1.5328,1.2271,0.4908,0.1304,93454007.59,0.0637,mild_recession,483
1.5203,1.0638,0.4255,0.1294,80356178.13,0.0547,mild_recession,484
1.7417,1.096,0.4384,0.1482,94843984.84,0.0646,mild_recession,485
1.4874,1.0846,0.4338,0.1266,80148502.01,0.0546,mild_recession,486
1.554,1.1337,0.4535,0.1322,87532823.62,0.0596,mild_recession,487
1.3728,1.1218,0.4487,0.1168,76515778.56,0.0521,mild_recession,488
1.6072,1.0656,0.4262,0.1367,85091343.71,0.058,mild_recession,489
1.5879,1.1026,0.441,0.1351,86988970.04,0.0593,mild_recession,490
1.6147,1.0553,0.4221,0.1374,84662325.79,0.0577,mild_recession,491
1.5734,1.0679,0.4272,0.1339,83484766.52,0.0569,mild_recession,492
1.3606,1.0148,0.4059,0.1158,68604507.94,0.0467,mild_recession,493
1.4803,1.1169,0.4468,0.1259,82146097.9,0.056,mild_recession,494
1.3721,1.1659,0.4664,0.1167,79482893.97,0.0542,mild_recession,495
1.2326,1.1219,0.4488,0.1049,68709952.7,0.0468,mild_recession,496
1.5482,1.0455,0.4182,0.1317,80419420.38,0.0548,mild_recession,497
1.4652,1.1318,0.4527,0.1247,82390473.76,0.0561,mild_recession,498
1.466,1.1348,0.4539,0.1247,82651303.7,0.0563,mild_recession,499
1.3921,1.1137,0.4455,0.1184,77035772.78,0.0525,mild_recession,500
1.4769,1.1507,0.4603,0.1257,84440438.77,0.0575,mild_recession,501
1.4983,1.0608,0.4243,0.1275,78971815.78,0.0538,mild_recession,502
1.3402,1.0819,0.4328,0.114,72041097.87,0.0491,mild_recession,503
1.5649,1.0897,0.4359,0.1331,84726938.85,0.0577,mild_recession,504
1.5157,1.045,0.418,0.129,78694865.77,0.0536,mild_recession,505
1.4347,1.1793,0.4717,0.1221,84063742.06,0.0573,mild_recession,506
1.4408,1.0982,0.4393,0.1226,78611228.7,0.0536,mild_recession,507
1.4358,1.0814,0.4326,0.1222,77147659.44,0.0526,mild_recession,508
1.5681,1.0394,0.4158,0.1334,80983045.86,0.0552,mild_recession,509
1.6009,1.21,0.484,0.1362,96243779.67,0.0656,mild_recession,510
1.5938,1.1142,0.4457,0.1356,88231189.67,0.0601,mild_recession,511
1.7081,1.0939,0.4376,0.1453,92834234.55,0.0632,mild_recession,512
1.6451,1.0885,0.4354,0.14,88973692.59,0.0606,mild_recession,513
1.3702,1.1112,0.4445,0.1166,75646480.25,0.0515,mild_recession,514
1.4906,1.2022,0.4809,0.1268,89031569.35,0.0607,mild_recession,515
1.4856,0.9923,0.3969,0.1264,73243061.22,0.0499,mild_recession,516
1.5349,1.0216,0.4086,0.1306,77907471.98,0.0531,mild_recession,517
1.2365,1.0683,0.4273,0.1052,65630806.07,0.0447,mild_recession,518
1.6379,1.0697,0.4279,0.1394,87052706.29,0.0593,mild_recession,519
1.5856,1.1266,0.4506,0.1349,88750955.81,0.0605,mild_recession,520
1.6294,1.0872,0.4349,0.1386,88015528.63,0.06,mild_recession,521
1.4076,1.1148,0.4459,0.1198,77970038.51,0.0531,mild_recession,522
1.575,1.1261,0.4504,0.134,88116622.49,0.06,mild_recession,523
1.7024,1.0676,0.427,0.1448,90302645.92,0.0615,mild_recession,524
1.4354,1.1441,0.4576,0.1221,81589390.76,0.0556,mild_recession,525
1.627,1.026,0.4104,0.1384,82941814.66,0.0565,mild_recession,526
1.5172,1.2008,0.4803,0.1291,90519674.5,0.0617,mild_recession,527
1.3651,1.0602,0.4241,0.1161,71906503.89,0.049,mild_recession,528
1.319,1.0365,0.4146,0.1122,67924821.13,0.0463,mild_recession,529
1.4306,1.136,0.4544,0.1217,80748212.68,0.055,mild_recession,530
1.5988,1.1216,0.4487,0.136,89097480.33,0.0607,mild_recession,531
1.3644,1.1334,0.4534,0.1161,76831033.45,0.0523,mild_recession,532
1.4532,1.0899,0.436,0.1236,78695821.34,0.0536,mild_recession,533
1.2177,1.0844,0.4338,0.1036,65609399.15,0.0447,mild_recession,534
1.5822,1.1624,0.465,0.1346,91381418.55,0.0623,mild_recession,535
1.4193,1.1827,0.4731,0.1208,83400619.82,0.0568,mild_recession,536
1.4043,1.1527,0.4611,0.1195,80426529.55,0.0548,mild_recession,537
1.4874,1.0592,0.4237,0.1266,78274018.48,0.0533,mild_recession,538
1.5774,1.0779,0.4312,0.1342,84478021.37,0.0576,mild_recession,539
1.1808,1.1266,0.4507,0.1005,66095714.79,0.045,mild_recession,540
1.3396,1.0982,0.4393,0.114,73091789.6,0.0498,mild_recession,541
1.4963,1.1066,0.4426,0.1273,82264866.15,0.056,mild_recession,542
1.5307,1.2364,0.4946,0.1302,94034406.53,0.0641,mild_recession,543
1.3877,1.1108,0.4443,0.1181,76586205.25,0.0522,mild_recession,544
1.6047,1.0081,0.4033,0.1365,80374811.52,0.0548,mild_recession,545
1.6325,1.0903,0.4361,0.1389,88433220.09,0.0602,mild_recession,546
1.434,1.1018,0.4407,0.122,78503873.27,0.0535,mild_recession,547
1.3251,1.0551,0.422,0.1127,69464755.6,0.0473,mild_recession,548
1.6912,1.1411,0.4564,0.1439,95882856.39,0.0653,mild_recession,549
1.8034,1.0893,0.4357,0.1534,97607096.88,0.0665,mild_recession,550
1.5412,1.1066,0.4426,0.1311,84736968.58,0.0577,mild_recession,551
1.4541,1.1275,0.451,0.1237,81460090.32,0.0555,mild_recession,552
1.5315,1.1493,0.4597,0.1303,87452367.58,0.0596,mild_recession,553
1.4325,1.1666,0.4667,0.1219,83036388.13,0.0566,mild_recession,554
1.4606,1.0115,0.4046,0.1243,73405719.94,0.05,mild_recession,555
1.4347,1.1674,0.467,0.1221,83216476.3,0.0567,mild_recession,556
1.604,1.0824,0.433,0.1365,86261006.2,0.0588,mild_recession,557
1.5757,1.0773,0.4309,0.1341,84335254.46,0.0575,mild_recession,558
1.5628,1.095,0.438,0.133,85025077.75,0.0579,mild_recession,559
1.6568,1.0648,0.4259,0.141,87648953.28,0.0597,mild_recession,560
1.5967,1.0689,0.4275,0.1359,84793287.0,0.0578,mild_recession,561
1.6097,1.0483,0.4193,0.137,83837210.67,0.0571,mild_recession,562
1.3362,1.0847,0.4339,0.1137,72011930.67,0.0491,mild_recession,563
1.7858,1.0811,0.4324,0.1519,95918970.78,0.0653,mild_recession,564
1.3752,1.1181,0.4472,0.117,76395064.33,0.052,mild_recession,565
1.5019,1.0239,0.4096,0.1278,76406297.56,0.0521,mild_recession,566
1.4799,1.0736,0.4294,0.1259,78935594.8,0.0538,mild_recession,567
1.5727,1.0821,0.4329,0.1338,84558470.41,0.0576,mild_recession,568
1.3353,1.1089,0.4436,0.1136,73570194.6,0.0501,mild_recession,569
1.8597,1.0942,0.4377,0.1582,101101449.23,0.0689,mild_recession,570
1.4515,1.1322,0.4529,0.1235,81650500.82,0.0556,mild_recession,571
1.6522,1.1899,0.476,0.1406,97678363.66,0.0665,mild_recession,572
1.4242,1.1106,0.4442,0.1212,78586882.89,0.0535,mild_recession,573
1.1646,1.1111,0.4444,0.0991,64294220.1,0.0438,mild_recession,574
1.4243,1.0465,0.4186,0.1212,74060273.38,0.0505,mild_recession,575
1.3455,1.0956,0.4382,0.1145,73242391.81,0.0499,mild_recession,576
1.5037,1.122,0.4488,0.1279,83826907.85,0.0571,mild_recession,577
1.3085,1.0214,0.4086,0.1113,66403889.66,0.0452,mild_recession,578
1.3549,1.0858,0.4343,0.1153,73095298.03,0.0498,mild_recession,579
1.4638,1.125,0.45,0.1245,81819945.64,0.0557,mild_recession,580
1.4836,1.1102,0.4441,0.1262,81838060.35,0.0558,mild_recession,581
1.476,1.0606,0.4242,0.1256,77780303.11,0.053,mild_recession,582
1.4657,1.1804,0.4722,0.1247,85964339.13,0.0586,mild_recession,583
1.4211,1.2281,0.4912,0.1209,86711451.53,0.0591,mild_recession,584
1.4602,1.0093,0.4037,0.1242,73224671.06,0.0499,mild_recession,585
1.6238,1.0749,0.43,0.1382,86722786.58,0.0591,mild_recession,586
1.6194,1.1118,0.4447,0.1378,89452729.81,0.0609,mild_recession,587
1.5906,1.1303,0.4521,0.1353,89328831.55,0.0609,mild_recession,588
1.6497,1.0513,0.4205,0.1404,86170144.7,0.0587,mild_recession,589
1.4943,1.1362,0.4545,0.1271,84357479.81,0.0575,mild_recession,590
1.4807,1.1717,0.4687,0.126,86199689.91,0.0587,mild_recession,591
1.5083,1.0855,0.4342,0.1283,81345576.92,0.0554,mild_recession,592
1.3712,1.081,0.4324,0.1167,73648735.77,0.0502,mild_recession,593
1.5599,1.1856,0.4742,0.1327,91887551.9,0.0626,mild_recession,594
1.4663,1.1549,0.462,0.1248,84139132.55,0.0573,mild_recession,595
1.438,1.0112,0.4045,0.1224,72246302.6,0.0492,mild_recession,596
1.4504,1.1648,0.4659,0.1234,83937632.07,0.0572,mild_recession,597
1.4994,1.0907,0.4363,0.1276,81256324.29,0.0554,mild_recession,598
1.5973,1.1009,0.4404,0.1359,87367171.82,0.0595,mild_recession,599
1.4186,1.1287,0.4515,0.1207,79551119.18,0.0542,mild_recession,600
1.3866,1.1515,0.4606,0.118,79331927.19,0.054,mild_recession,601
1.4057,1.1485,0.4594,0.1196,80210903.22,0.0546,mild_recession,602
1.3756,1.0842,0.4337,0.117,74101190.24,0.0505,mild_recession,603
1.3246,1.1254,0.4501,0.1127,74061062.78,0.0505,mild_recession,604
1.4483,1.1022,0.4409,0.1232,79308853.45,0.054,mild_recession,605
1.3202,1.0954,0.4382,0.1123,71850032.15,0.049,mild_recession,606
1.5012,1.0571,0.4228,0.1277,78845985.82,0.0537,mild_recession,607
1.4413,1.1188,0.4475,0.1226,80114736.86,0.0546,mild_recession,608
1.6671,1.1156,0.4462,0.1418,92401943.29,0.063,mild_recession,609
1.746,1.0315,0.4126,0.1486,89483993.35,0.061,mild_recession,610
1.4171,1.0473,0.4189,0.1206,73738294.02,0.0502,mild_recession,611
1.7108,1.1079,0.4431,0.1456,94170366.0,0.0642,mild_recession,612
1.4417,1.1889,0.4756,0.1227,85164940.92,0.058,mild_recession,613
1.552,0.9864,0.3946,0.132,76060950.54,0.0518,mild_recession,614
1.3153,1.1587,0.4635,0.1119,75719163.46,0.0516,mild_recession,615
1.4824,1.0165,0.4066,0.1261,74862869.83,0.051,mild_recession,616
1.3866,1.1271,0.4508,0.118,77649101.28,0.0529,mild_recession,617
1.4592,1.1413,0.4565,0.1242,82741353.47,0.0564,mild_recession,618
1.3957,1.0433,0.4173,0.1188,72344982.74,0.0493,mild_recession,619
1.5534,1.203,0.4812,0.1322,92844544.62,0.0633,mild_recession,620
1.6109,1.1418,0.4567,0.1371,91385493.47,0.0623,mild_recession,621
1.4362,1.0122,0.4049,0.1222,72227609.83,0.0492,mild_recession,622
1.6652,1.131,0.4524,0.1417,93573431.9,0.0638,mild_recession,623
1.4775,1.0756,0.4302,0.1257,78957053.83,0.0538,mild_recession,624
1.6363,1.0469,0.4188,0.1392,85112885.06,0.058,mild_recession,625
1.4,1.0913,0.4365,0.1191,75909576.03,0.0517,mild_recession,626
1.4289,1.1035,0.4414,0.1216,78342777.47,0.0534,mild_recession,627
1.4871,1.1049,0.442,0.1265,81640352.18,0.0556,mild_recession,628
1.3924,1.0322,0.4129,0.1185,71408345.37,0.0487,mild_recession,629
1.4909,1.0569,0.4227,0.1269,78285901.41,0.0533,mild_recession,630
1.6016,1.0829,0.4331,0.1363,86170769.01,0.0587,mild_recession,631
1.403,1.0879,0.4352,0.1194,75835969.63,0.0517,mild_recession,632
1.479,1.0576,0.423,0.1258,77716869.11,0.0529,mild_recession,633
1.4006,1.0704,0.4281,0.1192,74486676.64,0.0507,mild_recession,634
1.3222,1.1018,0.4407,0.1125,72382417.62,0.0493,mild_recession,635
1.4225,1.1015,0.4406,0.121,77850360.64,0.053,mild_recession,636
1.3557,1.0872,0.4349,0.1153,73231069.84,0.0499,mild_recession,637
1.4118,1.1474,0.459,0.1201,80487261.75,0.0548,mild_recession,638
1.5716,1.0938,0.4375,0.1337,85405563.34,0.0582,mild_recession,639
1.7128,1.0458,0.4183,0.1457,88995737.08,0.0606,mild_recession,640
1.6051,1.1091,0.4436,0.1366,88447661.66,0.0603,mild_recession,641
1.7217,0.9527,0.3811,0.1465,81490355.8,0.0555,mild_recession,642
1.7129,1.031,0.4124,0.1457,87738528.95,0.0598,mild_recession,643
1.6504,1.0361,0.4144,0.1404,84955731.15,0.0579,mild_recession,644
1.5746,1.0937,0.4375,0.134,85567721.23,0.0583,mild_recession,645
1.709,1.0306,0.4122,0.1454,87510299.01,0.0596,mild_recession,646
1.3305,1.1304,0.4522,0.1132,74726503.64,0.0509,mild_recession,647
1.5704,1.0243,0.4097,0.1336,79924471.77,0.0545,mild_recession,648
1.483,1.1059,0.4424,0.1262,81485994.53,0.0555,mild_recession,649
1.5199,1.0668,0.4267,0.1293,80559891.66,0.0549,mild_recession,650
1.5805,1.1647,0.4659,0.1345,91454220.2,0.0623,mild_recession,651
1.3566,1.1686,0.4674,0.1154,78768180.89,0.0537,mild_recession,652
1.4048,1.1058,0.4423,0.1195,77187731.34,0.0526,mild_recession,653
1.4588,1.1114,0.4445,0.1241,80554036.78,0.0549,mild_recession,654
1.3702,1.092,0.4368,0.1166,74338906.48,0.0506,mild_recession,655
1.5617,1.0869,0.4348,0.1329,84341756.58,0.0575,mild_recession,656
1.6764,1.0554,0.4221,0.1426,87903595.99,0.0599,mild_recession,657
1.4697,1.0875,0.435,0.125,79414779.75,0.0541,mild_recession,658
1.5629,1.0586,0.4234,0.133,82202712.75,0.056,mild_recession,659
1.3902,1.1183,0.4473,0.1183,77239674.18,0.0526,mild_recession,660
1.5202,1.0769,0.4308,0.1293,81341701.65,0.0554,mild_recession,661
1.577,1.1106,0.4443,0.1342,87023027.73,0.0593,mild_recession,662
1.5394,1.1241,0.4496,0.131,85974220.55,0.0586,mild_recession,663
1.7175,1.1891,0.4757,0.1461,101477133.27,0.0691,mild_recession,664
1.58,1.0028,0.4011,0.1344,78718242.77,0.0536,mild_recession,665
1.4345,1.1634,0.4654,0.1221,82916877.31,0.0565,mild_recession,666
1.6221,1.0681,0.4273,0.138,86083547.49,0.0586,mild_recession,667
1.5188,1.1435,0.4574,0.1292,86292543.07,0.0588,mild_recession,668
1.4884,1.1095,0.4438,0.1266,82049692.43,0.0559,mild_recession,669
1.4695,1.1054,0.4422,0.125,80710884.31,0.055,mild_recession,670
1.4649,1.1545,0.4618,0.1246,84029364.35,0.0572,mild_recession,671
1.4751,1.0927,0.4371,0.1255,80083167.06,0.0546,mild_recession,672
1.5877,1.098,0.4392,0.1351,86610466.11,0.059,mild_recession,673
1.5074,1.0175,0.407,0.1283,76202221.03,0.0519,mild_recession,674
1.5165,1.1048,0.4419,0.129,83248953.66,0.0567,mild_recession,675
1.6712,1.062,0.4248,0.1422,88183849.03,0.0601,mild_recession,676
1.4844,1.1451,0.458,0.1263,84456895.84,0.0575,mild_recession,677
1.4644,1.0472,0.4189,0.1246,76192089.16,0.0519,mild_recession,678
1.4743,1.155,0.462,0.1254,84606039.72,0.0576,mild_recession,679
1.5512,1.1718,0.4687,0.132,90308782.64,0.0615,mild_recession,680
1.772,1.0716,0.4287,0.1508,94350016.54,0.0643,mild_recession,681
1.5557,1.0848,0.4339,0.1324,83849400.91,0.0571,mild_recession,682
1.4053,1.1275,0.451,0.1196,78720224.13,0.0536,mild_recession,683
1.2487,1.1556,0.4622,0.1062,71694745.47,0.0488,mild_recession,684
1.4587,1.1316,0.4527,0.1241,82017153.47,0.0559,mild_recession,685
1.5442,1.0593,0.4237,0.1314,81273395.21,0.0554,mild_recession,686
1.4504,1.2032,0.4813,0.1234,86706929.88,0.0591,mild_recession,687
1.2777,1.1133,0.4453,0.1087,70672796.47,0.0481,mild_recession,688
1.5895,1.0161,0.4065,0.1352,80250261.96,0.0547,mild_recession,689
1.3217,1.0707,0.4283,0.1125,70308096.11,0.0479,mild_recession,690
1.5772,1.1028,0.4411,0.1342,86415791.47,0.0589,mild_recession,691
1.5026,1.094,0.4376,0.1278,81670055.16,0.0556,mild_recession,692
1.6538,1.1407,0.4563,0.1407,93732681.91,0.0639,mild_recession,693
1.457,1.0761,0.4304,0.124,77896253.1,0.0531,mild_recession,694
1.5954,1.0642,0.4257,0.1357,84353443.34,0.0575,mild_recession,695
1.5912,1.0446,0.4179,0.1354,82584572.68,0.0563,mild_recession,696
1.4113,1.1354,0.4541,0.1201,79613199.43,0.0542,mild_recession,697
1.4989,1.0981,0.4392,0.1275,81779670.65,0.0557,mild_recession,698
1.3804,1.1259,0.4504,0.1174,77220119.43,0.0526,mild_recession,699
1.265,1.0977,0.4391,0.1076,68993537.97,0.047,mild_recession,700
1.3159,1.054,0.4216,0.112,68914480.54,0.047,mild_recession,701
1.4237,1.0309,0.4124,0.1211,72918906.64,0.0497,mild_recession,702
1.4593,1.083,0.4332,0.1242,78527328.53,0.0535,mild_recession,703
1.5527,1.1283,0.4513,0.1321,87040232.62,0.0593,mild_recession,704
1.5372,1.1776,0.471,0.1308,89935760.06,0.0613,mild_recession,705
1.2946,1.0994,0.4398,0.1102,70718356.41,0.0482,mild_recession,706
1.4925,1.0051,0.4021,0.127,74534224.95,0.0508,mild_recession,707
1.4829,1.0472,0.4189,0.1262,77158111.55,0.0526,mild_recession,708
1.4846,1.0502,0.4201,0.1263,77467850.71,0.0528,mild_recession,709
1.5559,1.081,0.4324,0.1324,83568470.45,0.0569,mild_recession,710
1.5783,1.0013,0.4005,0.1343,78519782.47,0.0535,mild_recession,711
1.4624,0.9885,0.3954,0.1244,71820496.86,0.0489,mild_recession,712
1.7396,1.0322,0.4129,0.148,89213990.42,0.0608,mild_recession,713
1.4375,1.1269,0.4508,0.1223,80486254.61,0.0548,mild_recession,714
1.465,1.1189,0.4476,0.1246,81442143.0,0.0555,mild_recession,715
1.4329,1.0976,0.439,0.1219,78141475.93,0.0532,mild_recession,716
1.5173,1.0593,0.4237,0.1291,79855323.04,0.0544,mild_recession,717
1.3315,1.0347,0.4139,0.1133,68453346.7,0.0466,mild_recession,718
1.4561,1.1023,0.4409,0.1239,79742912.96,0.0543,mild_recession,719
1.6049,1.1208,0.4483,0.1365,89367127.18,0.0609,mild_recession,720
1.394,1.0683,0.4273,0.1186,73991114.32,0.0504,mild_recession,721
1.7344,1.076,0.4304,0.1476,92726494.25,0.0632,mild_recession,722
1.5332,1.1558,0.4623,0.1305,88051002.09,0.06,mild_recession,723
1.4287,1.0063,0.4025,0.1216,71433549.13,0.0487,mild_recession,724
1.8372,1.139,0.4556,0.1563,103973282.82,0.0708,mild_recession,725
1.4626,1.0727,0.4291,0.1244,77949830.36,0.0531,mild_recession,726
1.4994,1.0799,0.432,0.1276,80449442.43,0.0548,mild_recession,727
1.358,1.0371,0.4148,0.1155,69974448.81,0.0477,mild_recession,728
1.3042,1.0763,0.4305,0.111,69738383.11,0.0475,mild_recession,729
1.6718,1.0991,0.4396,0.1422,91297367.52,0.0622,mild_recession,730
1.406,1.0163,0.4065,0.1196,70994624.82,0.0484,mild_recession,731
1.4652,1.0825,0.433,0.1247,78800437.0,0.0537,mild_recession,732
1.3421,1.1031,0.4412,0.1142,73558500.49,0.0501,mild_recession,733
1.2969,1.1115,0.4446,0.1103,71617651.17,0.0488,mild_recession,734
1.4046,1.0847,0.4339,0.1195,75698185.26,0.0516,mild_recession,735
1.5165,1.1442,0.4577,0.129,86214155.33,0.0587,mild_recession,736
1.3044,1.0815,0.4326,0.111,70090591.25,0.0478,mild_recession,737
1.4169,1.0678,0.4271,0.1206,75171210.85,0.0512,mild_recession,738
1.6335,1.1087,0.4435,0.139,89979037.0,0.0613,mild_recession,739
1.5516,1.0551,0.4221,0.132,81341494.54,0.0554,mild_recession,740
1.6181,1.0806,0.4322,0.1377,86874083.33,0.0592,mild_recession,741
1.3435,1.083,0.4332,0.1143,72297179.28,0.0493,mild_recession,742
1.3072,1.1799,0.472,0.1112,76632479.68,0.0522,mild_recession,743
1.3349,1.1055,0.4422,0.1136,73318118.95,0.05,mild_recession,744
1.5896,1.0948,0.4379,0.1352,86462436.11,0.0589,mild_recession,745
1.3318,1.1554,0.4622,0.1133,76454231.52,0.0521,mild_recession,746
1.4453,1.0321,0.4128,0.123,74113645.2,0.0505,mild_recession,747
1.5359,1.1025,0.441,0.1307,84133712.31,0.0573,mild_recession,748
1.5429,1.0492,0.4197,0.1313,80428159.4,0.0548,mild_recession,749
1.7007,1.1169,0.4467,0.1447,94375878.37,0.0643,mild_recession,750
1.6367,1.1408,0.4563,0.1393,92769988.66,0.0632,mild_recession,751
1.6311,1.0675,0.427,0.1388,86511721.78,0.0589,mild_recession,752
1.5746,1.0692,0.4277,0.134,83644029.32,0.057,mild_recession,753
1.6157,1.1195,0.4478,0.1375,89868811.24,0.0612,mild_recession,754
1.3377,1.1466,0.4586,0.1138,76206509.98,0.0519,mild_recession,755
1.5742,1.154,0.4616,0.1339,90264574.25,0.0615,mild_recession,756
1.4893,1.0663,0.4265,0.1267,78901867.66,0.0538,mild_recession,757
1.4243,1.1787,0.4715,0.1212,83415236.92,0.0568,mild_recession,758
1.3891,1.1148,0.4459,0.1182,76941446.53,0.0524,mild_recession,759
1.6274,1.1825,0.473,0.1385,95615572.39,0.0651,mild_recession,760
1.2402,1.1138,0.4455,0.1055,68634042.98,0.0468,mild_recession,761
1.6489,1.1943,0.4777,0.1403,97838971.32,0.0667,mild_recession,762
1.5606,1.0742,0.4297,0.1328,83286155.51,0.0567,mild_recession,763
1.3515,1.0728,0.4291,0.115,72035659.26,0.0491,mild_recession,764
1.599,1.0376,0.415,0.136,82432693.48,0.0562,mild_recession,765
1.5754,1.0458,0.4183,0.134,81860055.79,0.0558,mild_recession,766
1.5457,1.0739,0.4295,0.1315,82472656.67,0.0562,mild_recession,767
1.6627,1.0909,0.4364,0.1415,90121574.46,0.0614,mild_recession,768
1.4266,1.02,0.408,0.1214,72297052.79,0.0493,mild_recession,769
1.6626,1.1079,0.4432,0.1415,91522498.33,0.0624,mild_recession,770
1.4313,1.1004,0.4402,0.1218,78256518.43,0.0533,mild_recession,771
1.5749,1.127,0.4508,0.134,88187643.49,0.0601,mild_recession,772
1.4831,1.0918,0.4367,0.1262,80451603.24,0.0548,mild_recession,773
1.4863,1.1399,0.456,0.1265,84175543.0,0.0573,mild_recession,774
1.4892,1.0974,0.4389,0.1267,81195970.56,0.0553,mild_recession,775
1.4459,1.1441,0.4576,0.123,82185899.0,0.056,mild_recession,776
1.5542,1.1023,0.4409,0.1322,85120509.88,0.058,mild_recession,777
1.578,1.1202,0.4481,0.1343,87828511.95,0.0598,mild_recession,778
1.4749,1.0641,0.4256,0.1255,77972991.68,0.0531,mild_recession,779
1.4743,1.1129,0.4452,0.1254,81524529.85,0.0555,mild_recession,780
1.346,1.0273,0.4109,0.1145,68701409.29,0.0468,mild_recession,781
1.4732,1.0558,0.4223,0.1253,77280438.18,0.0527,mild_recession,782
1.4361,1.0498,0.4199,0.1222,74904537.29,0.051,mild_recession,783
1.688,1.2126,0.485,0.1436,101701136.72,0.0693,mild_recession,784
1.6649,1.1829,0.4732,0.1417,97851426.32,0.0667,mild_recession,785
1.5016,1.1781,0.4712,0.1278,87898939.8,0.0599,mild_recession,786
1.2829,0.9593,0.3837,0.1092,61146817.56,0.0417,mild_recession,787
1.4529,1.057,0.4228,0.1236,76304054.03,0.052,mild_recession,788
1.5858,1.1003,0.4401,0.1349,86693010.26,0.0591,mild_recession,789
1.4947,1.0767,0.4307,0.1272,79958264.77,0.0545,mild_recession,790
1.471,1.0965,0.4386,0.1252,80138013.34,0.0546,mild_recession,791
1.5005,1.1767,0.4707,0.1277,87722338.59,0.0598,mild_recession,792
1.6818,1.1204,0.4481,0.1431,93617188.8,0.0638,mild_recession,793
1.4526,1.0611,0.4245,0.1236,76585466.99,0.0522,mild_recession,794
1.4336,1.0674,0.427,0.122,76031500.06,0.0518,mild_recession,795
1.328,1.063,0.4252,0.113,70135212.47,0.0478,mild_recession,796
1.5833,1.0635,0.4254,0.1347,83663506.96,0.057,mild_recession,797
1.4223,1.0714,0.4286,0.121,75714276.13,0.0516,mild_recession,798
1.4392,1.1167,0.4467,0.1225,79848603.54,0.0544,mild_recession,799
1.443,1.092,0.4368,0.1228,78292228.47,0.0533,mild_recession,800
1.6498,1.1014,0.4406,0.1404,90287171.3,0.0615,mild_recession,801
1.6688,1.0551,0.4221,0.142,87489261.0,0.0596,mild_recession,802
1.3204,1.1018,0.4407,0.1123,72281990.43,0.0492,mild_recession,803
1.5459,1.1838,0.4735,0.1315,90921045.92,0.0619,mild_recession,804
1.535,1.0597,0.4239,0.1306,80814249.35,0.0551,mild_recession,805
1.611,1.0407,0.4163,0.1371,83305943.27,0.0568,mild_recession,806
1.5068,1.1099,0.444,0.1282,83093300.71,0.0566,mild_recession,807
1.4543,1.0917,0.4367,0.1237,78884612.18,0.0537,mild_recession,808
1.7288,1.0628,0.4251,0.1471,91293827.23,0.0622,mild_recession,809
1.7229,1.1456,0.4582,0.1466,98068081.41,0.0668,mild_recession,810
1.5282,1.1366,0.4546,0.13,86302261.55,0.0588,mild_recession,811
1.7018,1.0256,0.4102,0.1448,86718528.91,0.0591,mild_recession,812
1.4896,1.0836,0.4334,0.1267,80194629.36,0.0546,mild_recession,813
1.5112,1.1205,0.4482,0.1286,84134661.05,0.0573,mild_recession,814
1.4002,1.1097,0.4439,0.1191,77200606.45,0.0526,mild_recession,815
1.4481,1.0127,0.4051,0.1232,72860978.68,0.0496,mild_recession,816
1.3448,1.032,0.4128,0.1144,68955951.24,0.047,mild_recession,817
1.2743,1.1337,0.4535,0.1084,71778628.28,0.0489,mild_recession,818
1.5218,1.0536,0.4214,0.1295,79662379.62,0.0543,mild_recession,819
1.7208,1.0574,0.423,0.1464,90409748.98,0.0616,mild_recession,820
1.4529,1.0845,0.4338,0.1236,78287637.17,0.0533,mild_recession,821
1.4003,1.0533,0.4213,0.1191,73280158.8,0.0499,mild_recession,822
1.6389,1.0548,0.4219,0.1394,85890362.04,0.0585,mild_recession,823
1.4693,1.1065,0.4426,0.125,80776617.95,0.055,mild_recession,824
1.62,1.0887,0.4355,0.1378,87632990.29,0.0597,mild_recession,825
1.5022,1.1308,0.4523,0.1278,84397764.12,0.0575,mild_recession,826
1.7546,1.0402,0.4161,0.1493,90679875.23,0.0618,mild_recession,827
1.4722,1.134,0.4536,0.1253,82946758.78,0.0565,mild_recession,828
1.5136,1.0074,0.4029,0.1288,75755108.63,0.0516,mild_recession,829
1.6325,1.1313,0.4525,0.1389,91759996.11,0.0625,mild_recession,830
1.4905,1.1642,0.4657,0.1268,86215278.35,0.0587,mild_recession,831
1.6691,1.0724,0.429,0.142,88938096.06,0.0606,mild_recession,832
1.5423,1.0296,0.4119,0.1312,78900324.77,0.0538,mild_recession,833
1.3849,1.0329,0.4132,0.1178,71077113.23,0.0484,mild_recession,834
1.4365,1.0214,0.4086,0.1222,72901021.01,0.0497,mild_recession,835
1.6996,1.0994,0.4398,0.1446,92840581.36,0.0633,mild_recession,836
1.4387,1.0761,0.4305,0.1224,76925564.04,0.0524,mild_recession,837
1.3915,1.0521,0.4209,0.1184,72741790.84,0.0496,mild_recession,838
1.3633,1.1541,0.4616,0.116,78170966.04,0.0533,mild_recession,839
1.4473,1.1338,0.4535,0.1231,81528743.83,0.0555,mild_recession,840
1.522,1.1204,0.4482,0.1295,84728236.92,0.0577,mild_recession,841
1.5481,1.0321,0.4129,0.1317,79392189.23,0.0541,mild_recession,842
1.7198,1.1238,0.4495,0.1463,96025228.66,0.0654,mild_recession,843
1.611,1.1366,0.4546,0.1371,90972474.25,0.062,mild_recession,844
1.7579,1.0837,0.4335,0.1496,94652826.16,0.0645,mild_recession,845
1.2271,1.032,0.4128,0.1044,62918544.65,0.0429,mild_recession,846
1.4255,1.1129,0.4452,0.1213,78824934.54,0.0537,mild_recession,847
1.5849,1.1486,0.4594,0.1349,90446110.84,0.0616,mild_recession,848
1.5234,1.0272,0.4109,0.1296,77749152.09,0.053,mild_recession,849
1.5646,1.0745,0.4298,0.1331,83528411.58,0.0569,mild_recession,850
1.4494,1.0181,0.4072,0.1233,73315742.02,0.05,mild_recession,851
1.392,1.1211,0.4484,0.1184,77536461.72,0.0528,mild_recession,852
1.4431,0.9988,0.3995,0.1228,71617968.46,0.0488,mild_recession,853
1.3831,1.1502,0.4601,0.1177,79042291.55,0.0539,mild_recession,854
1.3412,1.0243,0.4097,0.1141,68258768.69,0.0465,mild_recession,855
1.3713,1.1582,0.4633,0.1167,78913256.97,0.0538,mild_recession,856
1.3697,1.0357,0.4143,0.1165,70479077.71,0.048,mild_recession,857
1.5943,1.1409,0.4564,0.1357,90377144.14,0.0616,mild_recession,858
1.3925,1.1232,0.4493,0.1185,77709195.81,0.0529,mild_recession,859
1.4663,1.1386,0.4554,0.1248,82949819.38,0.0565,mild_recession,860
1.4233,1.0778,0.4311,0.1211,76215987.58,0.0519,mild_recession,861
1.4906,1.1023,0.4409,0.1268,81638133.5,0.0556,mild_recession,862
1.4867,1.1433,0.4573,0.1265,84452852.1,0.0575,mild_recession,863
1.6383,1.0611,0.4245,0.1394,86373327.87,0.0588,mild_recession,864
1.629,1.1125,0.445,0.1386,90042192.37,0.0613,mild_recession,865
1.4451,1.117,0.4468,0.123,80204638.73,0.0546,mild_recession,866
1.2532,1.105,0.442,0.1066,68803133.05,0.0469,mild_recession,867
1.4733,1.0956,0.4383,0.1254,80203268.45,0.0546,mild_recession,868
1.6232,1.008,0.4032,0.1381,81293003.91,0.0554,mild_recession,869
1.5026,1.1002,0.4401,0.1278,82132910.45,0.056,mild_recession,870
1.4536,1.0362,0.4145,0.1237,74834990.57,0.051,mild_recession,871
1.5171,1.1059,0.4424,0.1291,83357046.96,0.0568,mild_recession,872
1.5329,1.1992,0.4797,0.1304,91332468.64,0.0622,mild_recession,873
1.5316,1.0271,0.4108,0.1303,78158706.88,0.0532,mild_recession,874
1.216,1.0011,0.4004,0.1035,60479465.02,0.0412,mild_recession,875
1.4317,1.0508,0.4203,0.1218,74746904.57,0.0509,mild_recession,876
1.4442,1.1285,0.4514,0.1229,80981028.04,0.0552,mild_recession,877
1.4883,1.065,0.426,0.1266,78751839.29,0.0537,mild_recession,878
1.4746,1.1248,0.4499,0.1255,82411742.25,0.0561,mild_recession,879
1.6526,1.1533,0.4613,0.1406,94693202.84,0.0645,mild_recession,880
1.2249,1.1183,0.4473,0.1042,68056809.56,0.0464,mild_recession,881
1.5833,1.1593,0.4637,0.1347,91194883.17,0.0621,mild_recession,882
1.6144,1.1112,0.4445,0.1374,89133650.86,0.0607,mild_recession,883
1.4622,1.1198,0.4479,0.1244,81350081.36,0.0554,mild_recession,884
1.6655,1.1935,0.4774,0.1417,98766130.28,0.0673,mild_recession,885
1.5684,1.0953,0.4381,0.1334,85354801.41,0.0582,mild_recession,886
1.5686,1.057,0.4228,0.1335,82380473.33,0.0561,mild_recession,887
1.4654,1.0598,0.4239,0.1247,77163750.94,0.0526,mild_recession,888
1.4325,1.0779,0.4312,0.1219,76715919.62,0.0523,mild_recession,889
1.4761,1.1105,0.4442,0.1256,81442060.24,0.0555,mild_recession,890
1.5256,1.1058,0.4423,0.1298,83822934.62,0.0571,mild_recession,891
1.2178,1.1016,0.4406,0.1036,66654033.56,0.0454,mild_recession,892
1.3874,1.177,0.4708,0.118,81131561.82,0.0553,mild_recession,893
1.537,1.0544,0.4218,0.1308,80520934.9,0.0549,mild_recession,894
1.5693,1.0198,0.4079,0.1335,79513020.07,0.0542,mild_recession,895
1.5637,1.0624,0.425,0.133,82542693.23,0.0562,mild_recession,896
1.5533,1.0347,0.4139,0.1322,79852672.76,0.0544,mild_recession,897
1.516,1.0806,0.4323,0.129,81395643.32,0.0555,mild_recession,898
1.5402,1.0698,0.4279,0.131,81868007.89,0.0558,mild_recession,899
1.5967,1.16,0.464,0.1358,92020398.46,0.0627,mild_recession,900
1.5612,1.142,0.4568,0.1328,88587369.92,0.0604,mild_recession,901
1.7163,1.0275,0.411,0.146,87613297.86,0.0597,mild_recession,902
1.3225,1.0901,0.4361,0.1125,71633222.11,0.0488,mild_recession,903
1.4444,1.1204,0.4482,0.1229,80410088.14,0.0548,mild_recession,904
1.5223,1.052,0.4208,0.1295,79568762.81,0.0542,mild_recession,905
1.3438,1.1548,0.4619,0.1143,77103530.23,0.0525,mild_recession,906
1.6091,1.0334,0.4134,0.1369,82623274.07,0.0563,mild_recession,907
1.5279,1.1753,0.4701,0.13,89223160.36,0.0608,mild_recession,908
1.573,1.1358,0.4543,0.1338,88765060.97,0.0605,mild_recession,909
1.5286,1.0508,0.4203,0.1301,79801753.97,0.0544,mild_recession,910
1.4628,1.0636,0.4254,0.1245,77303849.07,0.0527,mild_recession,911
1.6202,1.0914,0.4365,0.1379,87853214.52,0.0599,mild_recession,912
1.4419,1.1359,0.4543,0.1227,81371702.23,0.0554,mild_recession,913
1.4843,1.1059,0.4424,0.1263,81559251.44,0.0556,mild_recession,914
1.2745,1.1281,0.4512,0.1084,71437094.14,0.0487,mild_recession,915
1.4503,1.1073,0.4429,0.1234,79785186.59,0.0544,mild_recession,916
1.5321,1.0687,0.4275,0.1304,81350651.28,0.0554,mild_recession,917
1.3887,1.0448,0.4179,0.1182,72089654.27,0.0491,mild_recession,918
1.5264,1.0707,0.4283,0.1299,81201853.41,0.0553,mild_recession,919
1.5727,1.0569,0.4228,0.1338,82587360.88,0.0563,mild_recession,920
1.5944,1.0616,0.4246,0.1357,84092837.03,0.0573,mild_recession,921
1.5517,1.1676,0.467,0.132,90016154.85,0.0613,mild_recession,922
1.3157,0.9807,0.3923,0.1119,64106418.8,0.0437,mild_recession,923
1.6258,1.156,0.4624,0.1383,93381372.48,0.0636,mild_recession,924
1.3979,1.0953,0.4381,0.1189,76077216.09,0.0518,mild_recession,925
1.4627,1.1855,0.4742,0.1244,86149238.65,0.0587,mild_recession,926
1.4647,1.14,0.456,0.1246,82961514.69,0.0565,mild_recession,927
1.3083,1.2008,0.4803,0.1113,78058658.97,0.0532,mild_recession,928
1.4639,1.097,0.4388,0.1246,79788169.99,0.0544,mild_recession,929
1.5926,1.1759,0.4704,0.1355,93045258.73,0.0634,mild_recession,930
1.5364,1.0209,0.4084,0.1307,77929729.81,0.0531,mild_recession,931
1.3563,1.0584,0.4233,0.1154,71318111.57,0.0486,mild_recession,932
1.5992,1.0341,0.4136,0.1361,82164894.76,0.056,mild_recession,933
1.6433,1.0659,0.4264,0.1398,87031795.27,0.0593,mild_recession,934
1.6833,1.1303,0.4521,0.1432,94525791.05,0.0644,mild_recession,935
1.4468,1.1049,0.4419,0.1231,79421674.08,0.0541,mild_recession,936
1.6621,1.0852,0.4341,0.1414,89622485.95,0.0611,mild_recession,937
1.7774,1.2056,0.4822,0.1512,106467165.43,0.0725,mild_recession,938
1.4016,0.9882,0.3953,0.1193,68817687.47,0.0469,mild_recession,939
1.7149,1.0609,0.4244,0.1459,90400063.94,0.0616,mild_recession,940
1.4025,0.9999,0.4,0.1193,69674738.8,0.0475,mild_recession,941
1.5169,1.1345,0.4538,0.1291,85504787.86,0.0583,mild_recession,942
1.4632,1.04,0.416,0.1245,75609477.18,0.0515,mild_recession,943
1.6057,1.0269,0.4108,0.1366,81926175.39,0.0558,mild_recession,944
1.4194,1.1108,0.4443,0.1208,78340590.58,0.0534,mild_recession,945
1.4185,1.1629,0.4651,0.1207,81955594.02,0.0558,mild_recession,946
1.7677,1.0278,0.4111,0.1504,90271424.28,0.0615,mild_recession,947
1.7689,1.1006,0.4402,0.1505,96728368.97,0.0659,mild_recession,948
1.5479,1.2126,0.485,0.1317,93258286.21,0.0635,mild_recession,949
1.5278,1.1257,0.4503,0.13,85449685.03,0.0582,mild_recession,950
1.5012,1.1244,0.4498,0.1277,83871572.74,0.0571,mild_recession,951
1.4824,1.2277,0.4911,0.1261,90424233.81,0.0616,mild_recession,952
1.59,1.1039,0.4416,0.1353,87209492.73,0.0594,mild_recession,953
1.5062,1.0475,0.419,0.1282,78392995.57,0.0534,mild_recession,954
1.5523,1.1471,0.4588,0.1321,88472649.16,0.0603,mild_recession,955
1.5508,1.134,0.4536,0.1319,87373562.33,0.0595,mild_recession,956
1.2478,1.047,0.4188,0.1062,64913727.92,0.0442,mild_recession,957
1.5695,1.0598,0.4239,0.1335,82640099.47,0.0563,mild_recession,958
1.4817,1.1249,0.45,0.1261,82809826.8,0.0564,mild_recession,959
1.3952,1.0875,0.435,0.1187,75385191.45,0.0514,mild_recession,960
1.2627,1.0106,0.4042,0.1074,63398693.12,0.0432,mild_recession,961
1.5287,1.0258,0.4103,0.1301,77910728.1,0.0531,mild_recession,962
1.425,1.0593,0.4237,0.1212,74999144.52,0.0511,mild_recession,963
1.4184,1.1247,0.4499,0.1207,79260677.93,0.054,mild_recession,964
1.4288,1.0676,0.427,0.1216,75789599.74,0.0516,mild_recession,965
1.521,1.0733,0.4293,0.1294,81106883.64,0.0553,mild_recession,966
1.3692,1.1049,0.4419,0.1165,75163810.12,0.0512,mild_recession,967
1.5708,1.1714,0.4686,0.1336,91421001.58,0.0623,mild_recession,968
1.5145,1.099,0.4396,0.1289,82694468.99,0.0563,mild_recession,969
1.3947,1.0551,0.422,0.1187,73108380.96,0.0498,mild_recession,970
1.4112,1.007,0.4028,0.1201,70607710.23,0.0481,mild_recession,971
1.3155,1.1384,0.4554,0.1119,74409072.77,0.0507,mild_recession,972
1.6247,1.072,0.4288,0.1382,86539321.91,0.059,mild_recession,973
1.6361,1.1752,0.4701,0.1392,95532991.21,0.0651,mild_recession,974
1.6286,1.1472,0.4589,0.1386,92826461.5,0.0632,mild_recession,975
1.5483,1.0724,0.429,0.1317,82495258.6,0.0562,mild_recession,976
1.5074,1.0846,0.4339,0.1283,81236653.77,0.0553,mild_recession,977
1.5818,1.1588,0.4635,0.1346,91072554.38,0.062,mild_recession,978
1.5328,1.0712,0.4285,0.1304,81575275.64,0.0556,mild_recession,979
1.6789,1.0796,0.4318,0.1428,90056897.27,0.0614,mild_recession,980
1.446,1.2209,0.4884,0.123,87713450.24,0.0598,mild_recession,981
1.3514,1.096,0.4384,0.115,73590591.71,0.0501,mild_recession,982
1.3097,1.09,0.436,0.1114,70930752.69,0.0483,mild_recession,983
1.3595,1.1877,0.4751,0.1157,80224172.54,0.0547,mild_recession,984
1.6234,1.0933,0.4373,0.1381,88184220.46,0.0601,mild_recession,985
1.5194,1.1175,0.447,0.1293,84361079.74,0.0575,mild_recession,986
1.5211,1.0517,0.4207,0.1294,79485486.82,0.0542,mild_recession,987
1.4496,1.1001,0.44,0.1233,79232785.71,0.054,mild_recession,988
1.502,1.1091,0.4436,0.1278,82770789.69,0.0564,mild_recession,989
1.3191,1.2618,0.5047,0.1122,82695318.42,0.0563,mild_recession,990
1.5419,1.1376,0.455,0.1312,87152234.51,0.0594,mild_recession,991
1.3444,1.0842,0.4337,0.1144,72419540.61,0.0493,mild_recession,992
1.735,1.0656,0.4263,0.1476,91862954.01,0.0626,mild_recession,993
1.4261,1.0586,0.4235,0.1213,75012200.21,0.0511,mild_recession,994
1.4032,1.0149,0.406,0.1194,70758895.51,0.0482,mild_recession,995
1.3841,1.047,0.4188,0.1178,72001505.2,0.0491,mild_recession,996
1.3321,1.0897,0.4359,0.1133,72119899.48,0.0491,mild_recession,997
1.3283,1.0814,0.4326,0.113,71369211.95,0.0486,mild_recession,998
1.5108,1.0827,0.4331,0.1285,81268320.26,0.0554,mild_recession,999
1.5316,1.1269,0.4508,0.1303,85755954.17,0.0584,mild_recession,1000
1.5992,1.2258,0.4903,0.1361,97400291.59,0.0664,mild_recession,1001
1.4765,1.0293,0.4117,0.1256,75507567.5,0.0514,mild_recession,1002
1.5417,1.07,0.428,0.1312,81959492.22,0.0558,mild_recession,1003
1.3365,1.0998,0.4399,0.1137,73032249.19,0.0498,mild_recession,1004
1.459,1.2306,0.4923,0.1241,89208515.59,0.0608,mild_recession,1005
1.4579,1.0371,0.4149,0.124,75128158.33,0.0512,mild_recession,1006
1.612,1.0717,0.4287,0.1372,85833288.48,0.0585,mild_recession,1007
1.4473,1.0656,0.4262,0.1231,76627555.48,0.0522,mild_recession,1008
1.5616,1.1111,0.4444,0.1329,86203036.58,0.0587,mild_recession,1009
1.4999,1.0704,0.4282,0.1276,79767306.65,0.0543,mild_recession,1010
1.4172,1.0113,0.4045,0.1206,71206776.24,0.0485,mild_recession,1011
1.5731,1.0134,0.4054,0.1338,79207661.8,0.054,mild_recession,1012
1.2341,1.0347,0.4139,0.105,63443494.91,0.0432,mild_recession,1013
1.7413,1.1106,0.4442,0.1482,96083467.04,0.0655,mild_recession,1014
1.5645,1.0754,0.4301,0.1331,83588551.07,0.0569,mild_recession,1015
1.4079,1.0439,0.4176,0.1198,73025698.76,0.0498,mild_recession,1016
1.5998,1.1034,0.4414,0.1361,87706795.56,0.0598,mild_recession,1017
1.5472,1.1907,0.4763,0.1316,91530709.91,0.0624,mild_recession,1018
1.2835,1.0904,0.4362,0.1092,69539588.09,0.0474,mild_recession,1019
1.4057,1.1306,0.4522,0.1196,78962214.14,0.0538,mild_recession,1020
1.5431,1.0981,0.4392,0.1313,84187684.87,0.0574,mild_recession,1021
1.4084,1.0381,0.4152,0.1198,72643875.38,0.0495,mild_recession,1022
1.383,1.0572,0.4229,0.1177,72643157.23,0.0495,mild_recession,1023
1.4851,1.1215,0.4486,0.1264,82756679.83,0.0564,mild_recession,1024
1.7046,1.2075,0.483,0.145,102261118.45,0.0697,mild_recession,1025
1.4575,1.1374,0.455,0.124,82367643.46,0.0561,mild_recession,1026
1.53,1.1058,0.4423,0.1302,84059809.52,0.0573,mild_recession,1027
1.4806,1.0582,0.4233,0.126,77848339.95,0.053,mild_recession,1028
1.4674,1.1774,0.471,0.1249,85844553.81,0.0585,mild_recession,1029
1.4316,1.1319,0.4528,0.1218,80513180.94,0.0549,mild_recession,1030
1.4057,1.1366,0.4546,0.1196,79378854.82,0.0541,mild_recession,1031
1.4289,1.0895,0.4358,0.1216,77352304.34,0.0527,mild_recession,1032
1.4704,0.9924,0.397,0.1251,72503174.05,0.0494,mild_recession,1033
1.5518,1.0684,0.4274,0.132,82375337.59,0.0561,mild_recession,1034
1.4044,1.1619,0.4647,0.1195,81073412.62,0.0552,mild_recession,1035
1.5756,1.0589,0.4236,0.1341,82892560.63,0.0565,mild_recession,1036
1.5504,1.0437,0.4175,0.1319,80399394.06,0.0548,mild_recession,1037
1.3852,1.1665,0.4666,0.1179,80283308.36,0.0547,mild_recession,1038
1.2415,1.1134,0.4454,0.1056,68681037.58,0.0468,mild_recession,1039
1.7978,1.1165,0.4466,0.153,99729621.67,0.0679,mild_recession,1040
1.4454,1.0831,0.4332,0.123,77784499.31,0.053,mild_recession,1041
1.5949,1.0604,0.4242,0.1357,84028527.42,0.0572,mild_recession,1042
1.5463,1.1602,0.4641,0.1316,89140992.52,0.0607,mild_recession,1043
1.4919,1.095,0.438,0.1269,81166008.62,0.0553,mild_recession,1044
1.5134,1.112,0.4448,0.1288,83613731.15,0.057,mild_recession,1045
1.5672,1.0873,0.4349,0.1333,84668555.86,0.0577,mild_recession,1046
1.6657,1.0528,0.4211,0.1417,87129968.3,0.0594,mild_recession,1047
1.5511,1.091,0.4364,0.132,84080883.62,0.0573,mild_recession,1048
1.7096,1.076,0.4304,0.1455,91395062.62,0.0623,mild_recession,1049
1.4416,1.0746,0.4298,0.1227,76969414.11,0.0524,mild_recession,1050
1.4358,1.0205,0.4082,0.1222,72799408.44,0.0496,mild_recession,1051
1.5387,1.1194,0.4478,0.1309,85583082.57,0.0583,mild_recession,1052
1.4658,1.0764,0.4306,0.1247,78394381.92,0.0534,mild_recession,1053
1.4123,1.0647,0.4259,0.1202,74706933.44,0.0509,mild_recession,1054
1.4024,1.1366,0.4546,0.1193,79197094.64,0.054,mild_recession,1055
1.6594,1.094,0.4376,0.1412,90198143.03,0.0615,mild_recession,1056
1.498,1.0192,0.4077,0.1275,75859297.19,0.0517,mild_recession,1057
1.5804,1.1284,0.4514,0.1345,88605392.12,0.0604,mild_recession,1058
1.2497,1.1138,0.4455,0.1063,69154814.99,0.0471,mild_recession,1059
1.4182,1.0271,0.4108,0.1207,72373193.35,0.0493,mild_recession,1060
1.6262,1.1289,0.4516,0.1384,91212889.04,0.0621,mild_recession,1061
1.3501,1.0491,0.4197,0.1149,70375877.34,0.0479,mild_recession,1062
1.4024,1.1498,0.4599,0.1193,80120613.89,0.0546,mild_recession,1063
1.3554,1.1186,0.4474,0.1153,75327205.91,0.0513,mild_recession,1064
1.4934,1.1408,0.4563,0.1271,84649444.0,0.0577,mild_recession,1065
1.4211,1.0738,0.4295,0.1209,75820685.77,0.0517,mild_recession,1066
1.4912,1.1245,0.4498,0.1269,83311419.05,0.0568,mild_recession,1067
1.5617,0.984,0.3936,0.1329,76348749.54,0.052,mild_recession,1068
1.408,1.0804,0.4322,0.1198,75583121.09,0.0515,mild_recession,1069
1.6283,1.1283,0.4513,0.1385,91279955.1,0.0622,mild_recession,1070
1.3195,1.1462,0.4585,0.1123,75144804.0,0.0512,mild_recession,1071
1.336,1.0461,0.4185,0.1137,69441728.79,0.0473,mild_recession,1072
1.4405,1.1792,0.4717,0.1226,84393684.1,0.0575,mild_recession,1073
1.5473,1.0964,0.4386,0.1316,84288549.37,0.0574,mild_recession,1074
1.4748,1.1153,0.4461,0.1255,81725029.5,0.0557,mild_recession,1075
1.6553,1.1204,0.4482,0.1408,92142497.93,0.0628,mild_recession,1076
1.5698,1.2007,0.4803,0.1336,93654955.81,0.0638,mild_recession,1077
1.6842,1.1129,0.4452,0.1433,93121903.69,0.0634,mild_recession,1078
1.3137,1.0546,0.4219,0.1118,68834393.07,0.0469,mild_recession,1079
1.398,1.0549,0.422,0.1189,73275116.12,0.0499,mild_recession,1080
1.5326,1.125,0.45,0.1304,85666972.07,0.0584,mild_recession,1081
1.4301,1.0992,0.4397,0.1217,78099403.94,0.0532,mild_recession,1082
1.5199,1.0688,0.4275,0.1293,80710357.57,0.055,mild_recession,1083
1.6236,1.1415,0.4566,0.1381,92088833.03,0.0627,mild_recession,1084
1.6313,1.0951,0.438,0.1388,88756654.37,0.0605,mild_recession,1085
1.4527,1.1208,0.4483,0.1236,80891671.1,0.0551,mild_recession,1086
1.3506,1.1519,0.4607,0.1149,77292301.25,0.0527,mild_recession,1087
1.6612,1.123,0.4492,0.1413,92685531.76,0.0631,mild_recession,1088
1.3504,1.1099,0.444,0.1149,74471179.69,0.0507,mild_recession,1089
1.5086,1.1187,0.4475,0.1284,83851702.4,0.0571,mild_recession,1090
1.6012,1.1326,0.453,0.1362,90104554.02,0.0614,mild_recession,1091
1.319,1.1551,0.462,0.1122,75699038.49,0.0516,mild_recession,1092
1.4165,1.1914,0.4766,0.1205,83853091.25,0.0571,mild_recession,1093
1.3965,1.0681,0.4272,0.1188,74108698.01,0.0505,mild_recession,1094
1.6044,1.0151,0.4061,0.1365,80920801.76,0.0551,mild_recession,1095
1.3859,1.098,0.4392,0.1179,75605055.23,0.0515,mild_recession,1096
1.3878,1.0753,0.4301,0.1181,74147025.37,0.0505,mild_recession,1097
1.3193,1.1255,0.4502,0.1123,73772830.12,0.0503,mild_recession,1098
1.3187,1.0904,0.4362,0.1122,71442327.98,0.0487,mild_recession,1099
1.556,1.0894,0.4358,0.1324,84222723.65,0.0574,mild_recession,1100
1.4689,1.1019,0.4408,0.125,80418010.14,0.0548,mild_recession,1101
1.6349,1.0746,0.4298,0.1391,87283767.39,0.0595,mild_recession,1102
1.458,1.0611,0.4244,0.1241,76866576.07,0.0524,mild_recession,1103
1.6181,1.1149,0.446,0.1377,89628942.86,0.0611,mild_recession,1104
1.4944,1.1019,0.4408,0.1271,81815151.74,0.0557,mild_recession,1105
1.5843,1.167,0.4668,0.1348,91863143.51,0.0626,mild_recession,1106
1.6127,1.1686,0.4675,0.1372,93637394.42,0.0638,mild_recession,1107
1.5273,1.0997,0.4399,0.1299,83443867.82,0.0569,mild_recession,1108
1.6286,1.1757,0.4703,0.1386,95134982.57,0.0648,mild_recession,1109
1.7337,1.1047,0.4419,0.1475,95160965.78,0.0648,mild_recession,1110
1.5034,1.0928,0.4371,0.1279,81631101.21,0.0556,mild_recession,1111
1.536,1.0177,0.4071,0.1307,77667139.47,0.0529,mild_recession,1112
1.4053,1.1192,0.4477,0.1196,78147463.19,0.0532,mild_recession,1113
1.6667,1.0833,0.4333,0.1418,89706482.88,0.0611,mild_recession,1114
1.38,1.1179,0.4472,0.1174,76649837.36,0.0522,mild_recession,1115
1.692,1.0626,0.425,0.144,89333319.47,0.0609,mild_recession,1116
1.4411,1.1337,0.4535,0.1226,81172375.37,0.0553,mild_recession,1117
1.3407,1.1487,0.4595,0.1141,76518428.23,0.0521,mild_recession,1118
1.2505,1.1165,0.4466,0.1064,69373390.4,0.0473,mild_recession,1119
1.3678,1.0346,0.4138,0.1164,70312389.98,0.0479,mild_recession,1120
1.4337,1.1115,0.4446,0.122,79179422.72,0.0539,mild_recession,1121
1.4183,1.1194,0.4478,0.1207,78884149.63,0.0537,mild_recession,1122
1.4971,1.1163,0.4465,0.1274,83030584.74,0.0566,mild_recession,1123
1.6671,1.139,0.4556,0.1418,94344570.85,0.0643,mild_recession,1124
1.7043,1.1531,0.4612,0.145,97640255.8,0.0665,mild_recession,1125
1.3423,1.1162,0.4465,0.1142,74443262.07,0.0507,mild_recession,1126
1.6097,1.1344,0.4538,0.137,90725842.79,0.0618,mild_recession,1127
1.6519,1.1203,0.4481,0.1405,91943720.91,0.0626,mild_recession,1128
1.5256,1.2019,0.4808,0.1298,91106290.44,0.0621,mild_recession,1129
1.3147,1.1168,0.4467,0.1119,72953887.71,0.0497,mild_recession,1130
1.759,1.083,0.4332,0.1497,94645806.22,0.0645,mild_recession,1131
1.434,1.2073,0.4829,0.122,86017065.12,0.0586,mild_recession,1132
1.5076,1.0336,0.4134,0.1283,77417674.65,0.0527,mild_recession,1133
1.823,1.0704,0.4281,0.1551,96950493.0,0.0661,mild_recession,1134
1.4635,1.1443,0.4577,0.1245,83203382.16,0.0567,mild_recession,1135
1.4615,1.1182,0.4473,0.1243,81194253.4,0.0553,mild_recession,1136
1.4653,1.1549,0.462,0.1247,84085408.47,0.0573,mild_recession,1137
1.4753,1.1558,0.4623,0.1255,84723288.53,0.0577,mild_recession,1138
1.5213,1.0598,0.4239,0.1294,80102927.13,0.0546,mild_recession,1139
1.2327,1.0346,0.4138,0.1049,63362124.55,0.0432,mild_recession,1140
1.5097,1.1752,0.4701,0.1285,88155754.0,0.0601,mild_recession,1141
1.5671,0.964,0.3856,0.1333,75057064.05,0.0511,mild_recession,1142
1.4059,1.193,0.4772,0.1196,83331122.29,0.0568,mild_recession,1143
1.485,1.1601,0.4641,0.1264,85599818.28,0.0583,mild_recession,1144
1.3402,1.0424,0.4169,0.114,69408744.38,0.0473,mild_recession,1145
1.4755,1.1426,0.457,0.1255,83763744.01,0.0571,mild_recession,1146
1.5416,1.079,0.4316,0.1312,82642735.65,0.0563,mild_recession,1147
1.4164,1.1315,0.4526,0.1205,79625698.39,0.0542,mild_recession,1148
1.6341,1.0385,0.4154,0.139,84315394.42,0.0574,mild_recession,1149
1.3614,1.1436,0.4574,0.1158,77352828.2,0.0527,mild_recession,1150
1.5466,1.1237,0.4495,0.1316,86345012.57,0.0588,mild_recession,1151
1.4995,1.051,0.4204,0.1276,78298770.67,0.0533,mild_recession,1152
1.5347,1.0533,0.4213,0.1306,80313590.94,0.0547,mild_recession,1153
1.1775,1.0289,0.4116,0.1002,60192759.56,0.041,mild_recession,1154
1.4795,1.0646,0.4259,0.1259,78261789.68,0.0533,mild_recession,1155
1.5446,1.068,0.4272,0.1314,81961718.32,0.0558,mild_recession,1156
1.8375,1.0966,0.4387,0.1563,100119009.94,0.0682,mild_recession,1157
1.4665,1.0343,0.4137,0.1248,75358810.29,0.0513,mild_recession,1158
1.7302,1.0551,0.422,0.1472,90699892.11,0.0618,mild_recession,1159
1.5088,1.0286,0.4115,0.1284,77112166.48,0.0525,mild_recession,1160
1.4166,1.0932,0.4373,0.1205,76944749.07,0.0524,mild_recession,1161
1.5348,1.0984,0.4394,0.1306,83765945.01,0.0571,mild_recession,1162
1.6859,1.2124,0.485,0.1434,101554753.04,0.0692,mild_recession,1163
1.2442,1.0485,0.4194,0.1059,64814273.04,0.0442,mild_recession,1164
1.5613,1.119,0.4476,0.1328,86800331.35,0.0591,mild_recession,1165
1.6997,1.0385,0.4154,0.1446,87702397.22,0.0598,mild_recession,1166
1.4404,1.1299,0.4519,0.1226,80859198.61,0.0551,mild_recession,1167
1.4887,1.0873,0.4349,0.1267,80423194.71,0.0548,mild_recession,1168
1.4913,1.1068,0.4427,0.1269,82008590.71,0.0559,mild_recession,1169
1.5325,1.1152,0.4461,0.1304,84910153.22,0.0578,mild_recession,1170
1.475,1.0508,0.4203,0.1255,77006400.17,0.0525,mild_recession,1171
1.4895,1.1036,0.4414,0.1267,81674069.76,0.0556,mild_recession,1172
1.5291,1.0635,0.4254,0.1301,80795911.07,0.055,mild_recession,1173
1.6168,1.0856,0.4342,0.1376,87204537.23,0.0594,mild_recession,1174
1.4913,1.0541,0.4217,0.1269,78107594.5,0.0532,mild_recession,1175
1.5372,1.0633,0.4253,0.1308,81207453.88,0.0553,mild_recession,1176
1.4392,1.0851,0.4341,0.1225,77592870.28,0.0529,mild_recession,1177
1.5967,1.0875,0.435,0.1359,86270053.78,0.0588,mild_recession,1178
1.267,1.0899,0.4359,0.1078,68608982.24,0.0467,mild_recession,1179
1.4602,1.1235,0.4494,0.1242,81512049.44,0.0555,mild_recession,1180
1.4103,1.0951,0.438,0.12,76735034.38,0.0523,mild_recession,1181
1.5738,1.0526,0.421,0.1339,82306272.64,0.0561,mild_recession,1182
1.4372,1.1502,0.4601,0.1223,82137894.21,0.056,mild_recession,1183
1.5834,1.0779,0.4312,0.1347,84799632.5,0.0578,mild_recession,1184
1.5854,1.0873,0.4349,0.1349,85650326.34,0.0584,mild_recession,1185
1.3689,1.131,0.4524,0.1165,76918095.72,0.0524,mild_recession,1186
1.3218,1.2316,0.4926,0.1125,80886393.5,0.0551,mild_recession,1187
1.6847,1.0654,0.4262,0.1433,89175472.95,0.0608,mild_recession,1188
1.6615,1.1009,0.4404,0.1414,90877848.83,0.0619,mild_recession,1189
1.4262,1.1344,0.4538,0.1214,80388232.94,0.0548,mild_recession,1190
1.2962,1.0515,0.4206,0.1103,67717808.88,0.0461,mild_recession,1191
1.4595,1.0233,0.4093,0.1242,74201656.68,0.0506,mild_recession,1192
1.2502,1.1385,0.4554,0.1064,70721042.95,0.0482,mild_recession,1193
1.6829,1.083,0.4332,0.1432,90552419.43,0.0617,mild_recession,1194
1.4736,1.0751,0.4301,0.1254,78718319.49,0.0536,mild_recession,1195
1.6737,1.1676,0.467,0.1424,97095711.48,0.0662,mild_recession,1196
1.3238,1.1174,0.447,0.1126,73495766.62,0.0501,mild_recession,1197
1.3997,1.0958,0.4383,0.1191,76206536.72,0.0519,mild_recession,1198
1.4673,1.0458,0.4183,0.1248,76242593.56,0.0519,mild_recession,1199
1.6446,1.1184,0.4473,0.1399,91383731.29,0.0623,mild_recession,1200
1.262,1.0218,0.4087,0.1074,64072639.26,0.0437,mild_recession,1201
1.542,1.0762,0.4305,0.1312,82453909.28,0.0562,mild_recession,1202
1.5405,1.109,0.4436,0.1311,84883255.27,0.0578,mild_recession,1203
1.5149,1.1368,0.4547,0.1289,85567520.42,0.0583,mild_recession,1204
1.5446,1.1246,0.4498,0.1314,86309302.35,0.0588,mild_recession,1205
1.4143,1.1241,0.4496,0.1203,78988019.91,0.0538,mild_recession,1206
1.6474,1.0739,0.4295,0.1402,87894366.91,0.0599,mild_recession,1207
1.5137,1.1338,0.4535,0.1288,85267168.66,0.0581,mild_recession,1208
1.451,1.0646,0.4258,0.1235,76745309.4,0.0523,mild_recession,1209
1.6513,1.1283,0.4513,0.1405,92576892.99,0.0631,mild_recession,1210
1.5492,1.1313,0.4525,0.1318,87074543.31,0.0593,mild_recession,1211
1.5152,1.0959,0.4383,0.1289,82496925.45,0.0562,mild_recession,1212
1.471,1.1522,0.4609,0.1252,84213632.89,0.0574,mild_recession,1213
1.2643,1.134,0.4536,0.1076,71237181.22,0.0485,mild_recession,1214
1.6272,1.0882,0.4353,0.1385,87980755.99,0.0599,mild_recession,1215
1.4609,1.0619,0.4248,0.1243,77080354.26,0.0525,mild_recession,1216
1.6038,1.1768,0.4707,0.1365,93770695.24,0.0639,mild_recession,1217
1.4803,1.0582,0.4233,0.1259,77826978.63,0.053,mild_recession,1218
1.5399,1.1126,0.445,0.131,85123941.29,0.058,mild_recession,1219
1.3824,1.0796,0.4319,0.1176,74153335.54,0.0505,mild_recession,1220
1.6135,1.0669,0.4268,0.1373,85527208.98,0.0583,mild_recession,1221
1.3285,1.1705,0.4682,0.113,77255600.3,0.0526,mild_recession,1222
1.3741,1.0775,0.431,0.1169,73565338.98,0.0501,mild_recession,1223
1.196,1.1233,0.4493,0.1018,66753164.47,0.0455,mild_recession,1224
1.3739,1.1081,0.4432,0.1169,75640234.61,0.0515,mild_recession,1225
1.4287,1.0865,0.4346,0.1216,77126338.77,0.0525,mild_recession,1226
1.6859,1.197,0.4788,0.1434,100268973.69,0.0683,mild_recession,1227
1.3228,1.0567,0.4227,0.1125,69451055.28,0.0473,mild_recession,1228
1.6244,1.0628,0.4251,0.1382,85773027.59,0.0584,mild_recession,1229
1.4383,1.0848,0.4339,0.1224,77523061.25,0.0528,mild_recession,1230
1.4865,1.1056,0.4423,0.1265,81658903.02,0.0556,mild_recession,1231
1.5612,1.1026,0.4411,0.1328,85528289.44,0.0583,mild_recession,1232
1.4328,1.1733,0.4693,0.1219,83521812.46,0.0569,mild_recession,1233
1.6466,1.0989,0.4395,0.1401,89902749.55,0.0613,mild_recession,1234
1.5142,1.1386,0.4554,0.1288,85658460.78,0.0584,mild_recession,1235
1.468,1.1267,0.4507,0.1249,82175586.79,0.056,mild_recession,1236
1.3612,1.1603,0.4641,0.1158,78476208.91,0.0535,mild_recession,1237
1.5635,1.1433,0.4573,0.133,88815245.34,0.0605,mild_recession,1238
1.5817,1.1977,0.4791,0.1346,94120321.41,0.0641,mild_recession,1239
1.4527,1.0591,0.4236,0.1236,76445465.08,0.0521,mild_recession,1240
1.4862,1.0507,0.4203,0.1265,77583773.35,0.0529,mild_recession,1241
1.5781,1.1373,0.4549,0.1343,89168898.76,0.0608,mild_recession,1242
1.4469,1.2152,0.4861,0.1231,87357304.61,0.0595,mild_recession,1243
1.6946,1.0158,0.4063,0.1442,85526946.79,0.0583,mild_recession,1244
1.4214,1.0755,0.4302,0.1209,75954751.41,0.0517,mild_recession,1245
1.4156,1.102,0.4408,0.1204,77505108.88,0.0528,mild_recession,1246
1.6557,1.112,0.4448,0.1409,91478720.16,0.0623,mild_recession,1247
1.4668,1.1152,0.4461,0.1248,81273401.52,0.0554,mild_recession,1248
1.4627,1.1383,0.4553,0.1245,82725427.58,0.0564,mild_recession,1249
1.2684,1.1391,0.4556,0.1079,71787250.3,0.0489,mild_recession,1250
1.4364,1.0583,0.4233,0.1222,75532801.13,0.0515,mild_recession,1251
1.6569,1.1601,0.464,0.141,95503868.27,0.0651,mild_recession,1252
1.4921,1.1066,0.4427,0.1269,82038405.21,0.0559,mild_recession,1253
1.4537,1.1071,0.4428,0.1237,79960607.97,0.0545,mild_recession,1254
1.4237,1.0737,0.4295,0.1211,75952627.6,0.0517,mild_recession,1255
1.6479,1.1624,0.465,0.1402,95170676.83,0.0648,mild_recession,1256
1.3421,1.1054,0.4422,0.1142,73710218.2,0.0502,mild_recession,1257
1.6093,1.1843,0.4737,0.1369,94700161.35,0.0645,mild_recession,1258
1.5262,1.0599,0.4239,0.1299,80367445.32,0.0548,mild_recession,1259
1.4148,1.0818,0.4327,0.1204,76042583.05,0.0518,mild_recession,1260
1.3713,1.108,0.4432,0.1167,75491759.51,0.0514,mild_recession,1261
1.5172,1.1353,0.4541,0.1291,85584113.53,0.0583,mild_recession,1262
1.5546,1.0707,0.4283,0.1323,82702228.34,0.0563,mild_recession,1263
1.482,1.1064,0.4426,0.1261,81470696.51,0.0555,mild_recession,1264
1.4925,1.0138,0.4055,0.127,75178250.98,0.0512,mild_recession,1265
1.5823,0.9858,0.3943,0.1346,77502751.79,0.0528,mild_recession,1266
1.3874,1.1339,0.4536,0.118,78162518.93,0.0533,mild_recession,1267
1.6466,1.1141,0.4456,0.1401,91143586.72,0.0621,mild_recession,1268
1.3856,1.0852,0.4341,0.1179,74708126.71,0.0509,mild_recession,1269
1.5002,1.0713,0.4285,0.1276,79850688.22,0.0544,mild_recession,1270
1.6963,1.113,0.4452,0.1443,93808002.48,0.0639,mild_recession,1271
1.4988,1.179,0.4716,0.1275,87793151.77,0.0598,mild_recession,1272
1.3282,1.0596,0.4239,0.113,69925075.01,0.0476,mild_recession,1273
1.3868,1.0743,0.4297,0.118,74023311.52,0.0504,mild_recession,1274
1.5352,1.1365,0.4546,0.1306,86692831.91,0.0591,mild_recession,1275
1.7382,1.146,0.4584,0.1479,98969930.64,0.0674,mild_recession,1276
1.5469,1.0018,0.4007,0.1316,76993909.13,0.0525,mild_recession,1277
1.5446,0.993,0.3972,0.1314,76206826.76,0.0519,mild_recession,1278
1.4814,1.0605,0.4242,0.126,78058671.82,0.0532,mild_recession,1279
1.5538,1.1323,0.4529,0.1322,87417708.01,0.0596,mild_recession,1280
1.4721,1.1236,0.4494,0.1253,82178886.68,0.056,mild_recession,1281
1.5511,1.0985,0.4394,0.132,84660185.99,0.0577,mild_recession,1282
1.3772,1.0825,0.433,0.1172,74067185.32,0.0505,mild_recession,1283
1.3841,1.0712,0.4285,0.1178,73669866.89,0.0502,mild_recession,1284
1.4026,1.0575,0.423,0.1193,73698314.63,0.0502,mild_recession,1285
1.4804,1.1232,0.4493,0.126,82612391.15,0.0563,mild_recession,1286
1.2824,1.047,0.4188,0.1091,66714179.43,0.0455,mild_recession,1287
1.508,1.1402,0.4561,0.1283,85429623.72,0.0582,mild_recession,1288
1.5927,1.0956,0.4382,0.1355,86694370.84,0.0591,mild_recession,1289
1.5392,1.1332,0.4533,0.131,86659219.67,0.059,mild_recession,1290
1.5337,1.0743,0.4297,0.1305,81863198.96,0.0558,mild_recession,1291
1.5038,1.0714,0.4285,0.1279,80046711.48,0.0545,mild_recession,1292
1.5905,1.1373,0.4549,0.1353,89877756.97,0.0612,mild_recession,1293
1.488,1.0599,0.424,0.1266,78357902.3,0.0534,mild_recession,1294
1.6015,1.1087,0.4435,0.1363,88216128.79,0.0601,mild_recession,1295
1.3608,1.133,0.4532,0.1158,76603917.38,0.0522,mild_recession,1296
1.7975,1.1433,0.4573,0.1529,102105914.18,0.0696,mild_recession,1297
1.7154,1.1219,0.4488,0.146,95621207.78,0.0651,mild_recession,1298
1.6517,1.02,0.408,0.1405,83702165.78,0.057,mild_recession,1299
1.6438,1.1504,0.4602,0.1399,93957594.47,0.064,mild_recession,1300
1.5092,1.0698,0.4279,0.1284,80222704.48,0.0547,mild_recession,1301
1.5482,1.114,0.4456,0.1317,85692745.84,0.0584,mild_recession,1302
1.3744,1.1363,0.4545,0.1169,77595480.1,0.0529,mild_recession,1303
1.625,1.033,0.4132,0.1383,83405310.22,0.0568,mild_recession,1304
1.5159,1.1165,0.4466,0.129,84090522.65,0.0573,mild_recession,1305
1.6503,1.058,0.4232,0.1404,86750820.7,0.0591,mild_recession,1306
1.4209,1.1902,0.4761,0.1209,84024859.08,0.0572,mild_recession,1307
1.5442,1.1204,0.4482,0.1314,85965875.35,0.0586,mild_recession,1308
1.5383,1.1168,0.4467,0.1309,85358223.44,0.0582,mild_recession,1309
1.4933,1.0452,0.4181,0.1271,77549231.36,0.0528,mild_recession,1310
1.4083,1.0995,0.4398,0.1198,76930568.24,0.0524,mild_recession,1311
1.3454,1.1214,0.4486,0.1145,74964406.67,0.0511,mild_recession,1312
1.4307,1.1105,0.4442,0.1217,78936990.09,0.0538,mild_recession,1313
1.6208,1.1469,0.4588,0.1379,92360776.97,0.0629,mild_recession,1314
1.2355,1.087,0.4348,0.1051,66725072.9,0.0455,mild_recession,1315
1.507,1.1177,0.4471,0.1282,83683068.48,0.057,mild_recession,1316
1.5233,1.1065,0.4426,0.1296,83741981.94,0.0571,mild_recession,1317
1.3386,1.1102,0.4441,0.1139,73837948.79,0.0503,mild_recession,1318
1.5129,1.108,0.4432,0.1287,83290066.24,0.0567,mild_recession,1319
1.3988,1.1717,0.4687,0.119,81427330.15,0.0555,mild_recession,1320
1.3932,1.126,0.4504,0.1185,77941126.08,0.0531,mild_recession,1321
1.2874,1.0868,0.4347,0.1095,69516083.29,0.0474,mild_recession,1322
1.4612,1.091,0.4364,0.1243,79207148.36,0.054,mild_recession,1323
1.5304,1.1408,0.4563,0.1302,86744745.5,0.0591,mild_recession,1324
1.5576,1.1543,0.4617,0.1325,89330094.24,0.0609,mild_recession,1325
1.6065,1.0924,0.437,0.1367,87198831.16,0.0594,mild_recession,1326
1.398,1.119,0.4476,0.1189,77723203.52,0.053,mild_recession,1327
1.2752,1.1371,0.4549,0.1085,72046253.31,0.0491,mild_recession,1328
1.675,1.1695,0.4678,0.1425,97328719.63,0.0663,mild_recession,1329
1.5049,1.0539,0.4216,0.128,78799640.75,0.0537,mild_recession,1330
1.4444,1.1175,0.447,0.1229,80196595.95,0.0546,mild_recession,1331
1.329,1.125,0.45,0.1131,74279714.58,0.0506,mild_recession,1332
1.4118,1.1165,0.4466,0.1201,78316445.55,0.0534,mild_recession,1333
1.5212,1.1268,0.4507,0.1294,85162936.05,0.058,mild_recession,1334
1.4501,0.9816,0.3926,0.1234,70725911.77,0.0482,mild_recession,1335
1.4786,1.0597,0.4239,0.1258,77845808.91,0.053,mild_recession,1336
1.4686,1.0624,0.4249,0.125,77520090.4,0.0528,mild_recession,1337
1.6835,1.2074,0.483,0.1432,100988665.4,0.0688,mild_recession,1338
1.4969,1.1438,0.4575,0.1274,85070545.53,0.058,mild_recession,1339
1.3156,1.1193,0.4477,0.1119,73161258.82,0.0498,mild_recession,1340
1.4314,1.0791,0.4316,0.1218,76740294.04,0.0523,mild_recession,1341
1.4387,1.077,0.4308,0.1224,76984603.41,0.0524,mild_recession,1342
1.584,1.0924,0.437,0.1348,85974576.98,0.0586,mild_recession,1343
1.3874,1.1309,0.4524,0.118,77954598.16,0.0531,mild_recession,1344
1.6986,1.0916,0.4366,0.1445,92124838.62,0.0628,mild_recession,1345
1.5684,1.0476,0.419,0.1334,81631040.57,0.0556,mild_recession,1346
1.4566,1.1267,0.4507,0.1239,81542375.32,0.0556,mild_recession,1347
1.598,1.1309,0.4524,0.136,89788263.02,0.0612,mild_recession,1348
1.5865,1.2476,0.499,0.135,98341963.74,0.067,mild_recession,1349
1.5149,1.0026,0.401,0.1289,75459026.25,0.0514,mild_recession,1350
1.4878,1.1212,0.4485,0.1266,82876405.0,0.0565,mild_recession,1351
1.5174,1.1634,0.4654,0.1291,87709959.01,0.0598,mild_recession,1352
1.389,1.012,0.4048,0.1182,69840440.15,0.0476,mild_recession,1353
1.4309,1.0976,0.439,0.1218,78035963.44,0.0532,mild_recession,1354
1.9871,1.0062,0.4025,0.1691,99339335.4,0.0677,mild_recession,1355
1.7097,1.1528,0.4611,0.1455,97928336.65,0.0667,mild_recession,1356
1.4832,1.1918,0.4767,0.1262,87826916.4,0.0598,mild_recession,1357
1.6468,1.0989,0.4396,0.1401,89914072.01,0.0613,mild_recession,1358
1.5276,1.0337,0.4135,0.13,78456533.13,0.0535,mild_recession,1359
1.5307,1.0812,0.4325,0.1302,82232130.66,0.056,mild_recession,1360
1.4498,1.0703,0.4281,0.1234,77101401.34,0.0525,mild_recession,1361
1.8021,1.1297,0.4519,0.1533,101148138.28,0.0689,mild_recession,1362
1.579,1.2367,0.4947,0.1343,97022162.38,0.0661,mild_recession,1363
1.4133,1.1372,0.4549,0.1202,79849738.2,0.0544,mild_recession,1364
1.4641,1.0497,0.4199,0.1246,76361583.81,0.052,mild_recession,1365
1.5408,1.1649,0.466,0.1311,89176107.7,0.0608,mild_recession,1366
1.3915,1.1011,0.4404,0.1184,76128853.63,0.0519,mild_recession,1367
1.5452,1.1259,0.4504,0.1315,86438627.67,0.0589,mild_recession,1368
1.4777,1.034,0.4136,0.1257,75917897.97,0.0517,mild_recession,1369
1.4618,1.1454,0.4582,0.1244,83185515.29,0.0567,mild_recession,1370
1.3922,1.1925,0.477,0.1185,82485696.09,0.0562,mild_recession,1371
1.3503,1.1469,0.4588,0.1149,76948352.69,0.0524,mild_recession,1372
1.4985,1.1262,0.4505,0.1275,83848227.87,0.0571,mild_recession,1373
1.6115,1.0923,0.4369,0.1371,87455847.32,0.0596,mild_recession,1374
1.6098,1.1739,0.4696,0.137,93894071.41,0.064,mild_recession,1375
1.5776,1.0663,0.4265,0.1342,83580887.57,0.0569,mild_recession,1376
1.6976,1.2108,0.4843,0.1444,102128123.2,0.0696,mild_recession,1377
1.6094,1.0384,0.4154,0.1369,83036370.01,0.0566,mild_recession,1378
1.6989,1.0426,0.417,0.1445,88004005.17,0.06,mild_recession,1379
1.4243,1.0375,0.415,0.1212,73421054.85,0.05,mild_recession,1380
1.4885,1.1187,0.4475,0.1267,82737766.44,0.0564,mild_recession,1381
1.5333,1.1285,0.4514,0.1305,85967044.44,0.0586,mild_recession,1382
1.5076,1.1131,0.4452,0.1283,83375901.6,0.0568,mild_recession,1383
1.5672,1.1064,0.4426,0.1333,86152642.81,0.0587,mild_recession,1384
1.4421,1.1078,0.4431,0.1227,79370869.88,0.0541,mild_recession,1385
1.5015,1.0783,0.4313,0.1277,80443506.26,0.0548,mild_recession,1386
1.3913,1.1782,0.4713,0.1184,81444123.21,0.0555,mild_recession,1387
1.6412,1.0682,0.4273,0.1396,87103602.96,0.0593,mild_recession,1388
1.5612,1.1467,0.4587,0.1328,88946274.86,0.0606,mild_recession,1389
1.6961,1.1507,0.4603,0.1443,96972702.4,0.0661,mild_recession,1390
1.436,1.0813,0.4325,0.1222,77145513.04,0.0526,mild_recession,1391
1.2158,1.0222,0.4089,0.1034,61746508.03,0.0421,mild_recession,1392
1.6223,1.1478,0.4591,0.138,92512951.5,0.063,mild_recession,1393
1.7233,1.1163,0.4465,0.1466,95585783.62,0.0651,mild_recession,1394
1.4362,1.0528,0.4211,0.1222,75120884.27,0.0512,mild_recession,1395
1.5221,1.0959,0.4384,0.1295,82881132.4,0.0565,mild_recession,1396
1.614,1.0961,0.4384,0.1373,87894971.39,0.0599,mild_recession,1397
1.4903,1.0699,0.428,0.1268,79223276.74,0.054,mild_recession,1398
1.3965,1.1441,0.4577,0.1188,79384466.79,0.0541,mild_recession,1399
1.4379,1.1594,0.4638,0.1223,82833498.64,0.0564,mild_recession,1400
1.4695,1.041,0.4164,0.125,76005628.96,0.0518,mild_recession,1401
1.6798,1.1177,0.4471,0.1429,93287149.02,0.0636,mild_recession,1402
1.4277,1.1743,0.4697,0.1215,83298552.2,0.0568,mild_recession,1403
1.4462,1.0532,0.4213,0.123,75677803.2,0.0516,mild_recession,1404
1.6146,1.0099,0.404,0.1374,81015747.61,0.0552,mild_recession,1405
1.6467,1.0938,0.4375,0.1401,89485598.1,0.061,mild_recession,1406
1.3723,1.1672,0.4669,0.1168,79583506.96,0.0542,mild_recession,1407
1.2871,1.0633,0.4253,0.1095,68001867.64,0.0463,mild_recession,1408
1.4628,1.1273,0.4509,0.1245,81932162.98,0.0558,mild_recession,1409
1.4415,1.1799,0.4719,0.1226,84501378.25,0.0576,mild_recession,1410
1.5089,1.1597,0.4639,0.1284,86945254.85,0.0592,mild_recession,1411
1.5135,1.1188,0.4475,0.1288,84127299.05,0.0573,mild_recession,1412
1.5249,1.0522,0.4209,0.1297,79715606.81,0.0543,mild_recession,1413
1.2112,1.1921,0.4768,0.1031,71740204.93,0.0489,mild_recession,1414
1.4476,1.1434,0.4574,0.1232,82237767.54,0.056,mild_recession,1415
1.3628,1.0367,0.4147,0.116,70199238.54,0.0478,mild_recession,1416
1.5813,1.157,0.4628,0.1345,90899543.76,0.0619,mild_recession,1417
1.4524,1.0271,0.4108,0.1236,74116691.2,0.0505,mild_recession,1418
1.4776,1.1222,0.4489,0.1257,82386037.56,0.0561,mild_recession,1419
1.3016,1.0259,0.4104,0.1107,66347253.16,0.0452,mild_recession,1420
1.5346,1.1447,0.4579,0.1306,87277632.64,0.0595,mild_recession,1421
1.4306,1.2396,0.4959,0.1217,88109139.71,0.06,mild_recession,1422
1.5956,1.087,0.4348,0.1358,86169665.05,0.0587,mild_recession,1423
1.5933,1.141,0.4564,0.1356,90324704.13,0.0615,mild_recession,1424
1.4321,1.1451,0.458,0.1218,81478555.75,0.0555,mild_recession,1425
1.5472,1.0609,0.4244,0.1316,81556113.37,0.0556,mild_recession,1426
1.5262,1.1382,0.4553,0.1299,86305584.71,0.0588,mild_recession,1427
1.5515,1.2022,0.4809,0.132,92679779.2,0.0631,mild_recession,1428
1.7049,1.1206,0.4482,0.1451,94922574.43,0.0647,mild_recession,1429
1.2734,1.0147,0.4059,0.1083,64198223.04,0.0437,mild_recession,1430
1.4012,1.0136,0.4054,0.1192,70561626.32,0.0481,mild_recession,1431
1.4576,1.181,0.4724,0.124,85527150.6,0.0583,mild_recession,1432
1.6312,1.2163,0.4865,0.1388,98577662.49,0.0672,mild_recession,1433
1.5538,1.1272,0.4509,0.1322,87020496.5,0.0593,mild_recession,1434
1.4896,1.199,0.4796,0.1267,88736463.83,0.0605,mild_recession,1435
1.4833,1.0395,0.4158,0.1262,76608409.39,0.0522,mild_recession,1436
1.3707,1.0978,0.4391,0.1166,74764100.49,0.0509,mild_recession,1437
1.3836,1.0817,0.4327,0.1177,74364178.9,0.0507,mild_recession,1438
1.4511,1.1537,0.4615,0.1235,83179820.2,0.0567,mild_recession,1439
1.4826,1.0552,0.4221,0.1261,77733827.22,0.053,mild_recession,1440
1.4454,1.1708,0.4683,0.123,84083971.43,0.0573,mild_recession,1441
1.39,1.193,0.4772,0.1183,82388077.88,0.0561,mild_recession,1442
1.4474,1.051,0.4204,0.1231,75582656.89,0.0515,mild_recession,1443
1.3137,1.0976,0.4391,0.1118,71641674.89,0.0488,mild_recession,1444
1.4708,1.0218,0.4087,0.1251,74665243.46,0.0509,mild_recession,1445
1.5446,1.1502,0.4601,0.1314,88269155.45,0.0601,mild_recession,1446
1.194,1.024,0.4096,0.1016,60746934.37,0.0414,mild_recession,1447
1.4947,1.0627,0.4251,0.1272,78919869.49,0.0538,mild_recession,1448
1.4468,1.0884,0.4354,0.1231,78239723.56,0.0533,mild_recession,1449
1.5565,1.0842,0.4337,0.1324,83843864.43,0.0571,mild_recession,1450
1.425,1.1527,0.4611,0.1212,81608665.96,0.0556,mild_recession,1451
1.4379,1.1783,0.4713,0.1223,84177940.6,0.0574,mild_recession,1452
1.2906,1.1156,0.4462,0.1098,71533983.44,0.0487,mild_recession,1453
1.6342,1.1072,0.4429,0.139,89902324.76,0.0613,mild_recession,1454
1.5968,1.0106,0.4043,0.1359,80180012.85,0.0546,mild_recession,1455
1.5382,1.1458,0.4583,0.1309,87567468.36,0.0597,mild_recession,1456
1.559,1.0574,0.423,0.1326,81904677.17,0.0558,mild_recession,1457
1.4075,1.1032,0.4413,0.1198,77150538.41,0.0526,mild_recession,1458
1.5386,1.0818,0.4327,0.1309,82696703.92,0.0563,mild_recession,1459
1.5755,1.0731,0.4293,0.134,84001289.73,0.0572,mild_recession,1460
1.4638,1.0992,0.4397,0.1245,79947189.77,0.0545,mild_recession,1461
1.5612,1.0868,0.4347,0.1328,84303983.2,0.0574,mild_recession,1462
1.6443,1.0327,0.4131,0.1399,84367589.77,0.0575,mild_recession,1463
1.5246,1.0713,0.4285,0.1297,81148338.48,0.0553,mild_recession,1464
1.6154,1.1487,0.4595,0.1374,92200678.36,0.0628,mild_recession,1465
1.3975,1.1085,0.4434,0.1189,76969114.72,0.0524,mild_recession,1466
1.5249,1.0097,0.4039,0.1297,76498768.87,0.0521,mild_recession,1467
1.5816,1.0401,0.416,0.1346,81728488.93,0.0557,mild_recession,1468
1.318,1.1088,0.4435,0.1121,72605839.79,0.0495,mild_recession,1469
1.2902,1.0779,0.4312,0.1098,69102203.15,0.0471,mild_recession,1470
1.4791,0.9995,0.3998,0.1259,73453080.75,0.05,mild_recession,1471
1.5461,1.1219,0.4488,0.1315,86182871.62,0.0587,mild_recession,1472
1.6697,1.0988,0.4395,0.1421,91159328.57,0.0621,mild_recession,1473
1.5068,1.1997,0.4799,0.1282,89821299.43,0.0612,mild_recession,1474
1.6128,1.1026,0.441,0.1372,88354639.53,0.0602,mild_recession,1475
1.6291,1.1375,0.455,0.1386,92073021.75,0.0627,mild_recession,1476
1.6927,1.1237,0.4495,0.144,94505242.65,0.0644,mild_recession,1477
1.475,1.1276,0.451,0.1255,82635390.01,0.0563,mild_recession,1478
1.4868,1.1061,0.4424,0.1265,81712322.71,0.0557,mild_recession,1479
1.4766,1.057,0.4228,0.1256,77547657.27,0.0528,mild_recession,1480
1.5165,1.0975,0.439,0.129,82697290.25,0.0563,mild_recession,1481
1.5601,1.1003,0.4401,0.1327,85283339.93,0.0581,mild_recession,1482
1.5885,1.0806,0.4322,0.1352,85287260.77,0.0581,mild_recession,1483
1.6457,1.061,0.4244,0.14,86758742.68,0.0591,mild_recession,1484
1.6839,1.0428,0.4171,0.1433,87248761.51,0.0594,mild_recession,1485
1.4376,1.1763,0.4705,0.1223,84020166.63,0.0572,mild_recession,1486
1.5914,1.1333,0.4533,0.1354,89603976.12,0.061,mild_recession,1487
1.4938,1.1353,0.4541,0.1271,84260268.35,0.0574,mild_recession,1488
1.7537,1.053,0.4212,0.1492,91753076.02,0.0625,mild_recession,1489
1.3527,1.0749,0.43,0.1151,72242897.53,0.0492,mild_recession,1490
1.5889,1.0871,0.4348,0.1352,85820513.66,0.0585,mild_recession,1491
1.5203,1.0747,0.4299,0.1294,81179884.31,0.0553,mild_recession,1492
1.4878,1.1146,0.4458,0.1266,82390574.25,0.0561,mild_recession,1493
1.3597,1.0916,0.4367,0.1157,73745318.77,0.0502,mild_recession,1494
1.4222,1.0766,0.4307,0.121,76076952.77,0.0518,mild_recession,1495
1.4297,1.1689,0.4676,0.1216,83033118.32,0.0566,mild_recession,1496
1.4033,1.2122,0.4849,0.1194,84519120.3,0.0576,mild_recession,1497
1.3723,1.1798,0.4719,0.1168,80441160.84,0.0548,mild_recession,1498
1.6875,1.1994,0.4798,0.1436,100564062.78,0.0685,mild_recession,1499
1.5769,1.0655,0.4262,0.1342,83477535.61,0.0569,mild_recession,1500
1.7434,1.1204,0.4482,0.1483,97047247.08,0.0661,mild_recession,1501
1.6674,1.1642,0.4657,0.1419,96445766.61,0.0657,mild_recession,1502
1.5631,1.0958,0.4383,0.133,85098461.47,0.058,mild_recession,1503
1.7073,1.0854,0.4342,0.1453,92069223.44,0.0627,mild_recession,1504
1.6284,1.1088,0.4435,0.1385,89704680.7,0.0611,mild_recession,1505
1.6801,0.9806,0.3923,0.1429,81857442.99,0.0558,mild_recession,1506
1.5352,1.2027,0.4811,0.1306,91738341.3,0.0625,mild_recession,1507
1.5301,1.1755,0.4702,0.1302,89366334.19,0.0609,mild_recession,1508
1.3383,1.1773,0.4709,0.1139,78282714.25,0.0533,mild_recession,1509
1.3396,1.0811,0.4324,0.114,71953075.0,0.049,mild_recession,1510
1.7384,1.0781,0.4312,0.1479,93115018.9,0.0634,mild_recession,1511
1.5866,1.1115,0.4446,0.135,87620908.3,0.0597,mild_recession,1512
1.4674,1.1547,0.4619,0.1248,84187326.76,0.0574,mild_recession,1513
1.3839,1.1911,0.4764,0.1177,81897996.92,0.0558,mild_recession,1514
1.5116,1.1479,0.4592,0.1286,86208954.33,0.0587,mild_recession,1515
1.3144,1.0327,0.4131,0.1118,67443358.37,0.0459,mild_recession,1516
1.5077,1.1435,0.4574,0.1283,85661031.92,0.0584,mild_recession,1517
1.3203,1.1775,0.471,0.1123,77240295.21,0.0526,mild_recession,1518
1.3968,1.1513,0.4605,0.1188,79902761.76,0.0544,mild_recession,1519
1.7827,1.0338,0.4135,0.1517,91569770.45,0.0624,mild_recession,1520
1.6316,1.0909,0.4364,0.1388,88440100.56,0.0603,mild_recession,1521
1.4977,1.0483,0.4193,0.1274,78007603.33,0.0531,mild_recession,1522
1.426,1.08,0.432,0.1213,76521537.53,0.0521,mild_recession,1523
1.3999,1.0493,0.4197,0.1191,72980898.9,0.0497,mild_recession,1524
1.4809,1.1812,0.4725,0.126,86906373.02,0.0592,mild_recession,1525
1.51,1.058,0.4232,0.1285,79375939.64,0.0541,mild_recession,1526
1.549,1.0901,0.436,0.1318,83891532.37,0.0572,mild_recession,1527
1.4568,1.1413,0.4565,0.124,82612471.53,0.0563,mild_recession,1528
1.5235,1.1553,0.4621,0.1296,87450815.24,0.0596,mild_recession,1529
1.5059,1.1141,0.4456,0.1281,83353209.34,0.0568,mild_recession,1530
1.4584,1.1266,0.4506,0.1241,81636717.71,0.0556,mild_recession,1531
1.7151,1.0224,0.409,0.1459,87123817.98,0.0594,mild_recession,1532
1.4866,1.1086,0.4434,0.1265,81883683.88,0.0558,mild_recession,1533
1.5631,1.0815,0.4326,0.133,83992174.28,0.0572,mild_recession,1534
1.6218,1.1602,0.4641,0.138,93487745.58,0.0637,mild_recession,1535
1.5095,1.0517,0.4207,0.1284,78881551.6,0.0537,mild_recession,1536
1.3436,1.0489,0.4196,0.1143,70023364.53,0.0477,mild_recession,1537
1.4488,1.0378,0.4151,0.1233,74704819.91,0.0509,mild_recession,1538
1.388,1.0649,0.426,0.1181,73439409.71,0.05,mild_recession,1539
1.4578,1.0104,0.4042,0.124,73183575.66,0.0499,mild_recession,1540
1.5691,1.0202,0.4081,0.1335,79536659.05,0.0542,mild_recession,1541
1.365,1.1299,0.452,0.1161,76628405.84,0.0522,mild_recession,1542
1.6785,1.1816,0.4727,0.1428,98541841.78,0.0671,mild_recession,1543
1.5618,1.1581,0.4632,0.1329,89865399.2,0.0612,mild_recession,1544
1.5812,1.0482,0.4193,0.1345,82350615.39,0.0561,mild_recession,1545
1.6104,1.0987,0.4395,0.137,87910711.37,0.0599,mild_recession,1546
1.4253,1.1328,0.4531,0.1213,80222876.38,0.0547,mild_recession,1547
1.4219,1.0268,0.4107,0.121,72542640.38,0.0494,mild_recession,1548
1.6171,1.1235,0.4494,0.1376,90268952.36,0.0615,mild_recession,1549
1.4631,1.1203,0.4481,0.1245,81443458.08,0.0555,mild_recession,1550
1.7056,1.0596,0.4239,0.1451,89797380.46,0.0612,mild_recession,1551
1.4273,1.2104,0.4842,0.1214,85838661.21,0.0585,mild_recession,1552
1.2326,1.0913,0.4365,0.1049,66833002.35,0.0455,mild_recession,1553
1.3656,1.0974,0.439,0.1162,74461820.03,0.0507,mild_recession,1554
1.4789,1.0766,0.4307,0.1258,79109398.06,0.0539,mild_recession,1555
1.5623,1.1528,0.4611,0.1329,89480008.28,0.061,mild_recession,1556
1.4943,1.0703,0.4281,0.1271,79459055.17,0.0541,mild_recession,1557
1.5295,1.066,0.4264,0.1301,81010001.85,0.0552,mild_recession,1558
1.2241,1.0626,0.425,0.1041,64624600.8,0.044,mild_recession,1559
1.483,1.1421,0.4568,0.1262,84148493.66,0.0573,mild_recession,1560
1.4862,1.0579,0.4232,0.1265,78116468.15,0.0532,mild_recession,1561
1.4846,1.1721,0.4688,0.1263,86455335.68,0.0589,mild_recession,1562
1.3842,1.096,0.4384,0.1178,75379193.1,0.0514,mild_recession,1563
1.5156,1.1014,0.4406,0.129,82938245.84,0.0565,mild_recession,1564
1.6452,1.0649,0.426,0.14,87045310.46,0.0593,mild_recession,1565
1.5195,1.147,0.4588,0.1293,86590809.87,0.059,mild_recession,1566
1.4381,1.0448,0.4179,0.1224,74654408.1,0.0509,mild_recession,1567
1.2845,1.1183,0.4473,0.1093,71366397.99,0.0486,mild_recession,1568
1.3512,1.1271,0.4508,0.115,75666617.8,0.0516,mild_recession,1569
1.4042,1.1441,0.4576,0.1195,79822601.72,0.0544,mild_recession,1570
1.5153,1.1353,0.4541,0.1289,85473499.52,0.0582,mild_recession,1571
1.4837,1.0429,0.4172,0.1262,76883336.94,0.0524,mild_recession,1572
1.602,1.1371,0.4548,0.1363,90502183.29,0.0617,mild_recession,1573
1.3004,1.0598,0.4239,0.1106,68476340.87,0.0467,mild_recession,1574
1.555,1.2108,0.4843,0.1323,93545402.14,0.0637,mild_recession,1575
1.5409,1.0538,0.4215,0.1311,80680962.77,0.055,mild_recession,1576
1.4157,1.0805,0.4322,0.1205,76002752.81,0.0518,mild_recession,1577
1.7386,1.1075,0.443,0.1479,95662225.87,0.0652,mild_recession,1578
1.6391,1.146,0.4584,0.1395,93331282.46,0.0636,mild_recession,1579
1.499,1.0202,0.4081,0.1275,75984940.21,0.0518,mild_recession,1580
1.6437,1.0168,0.4067,0.1399,83036954.28,0.0566,mild_recession,1581
1.3548,1.0465,0.4186,0.1153,70446261.66,0.048,mild_recession,1582
1.6362,1.0567,0.4227,0.1392,85908408.67,0.0585,mild_recession,1583
1.3837,1.1278,0.4511,0.1177,77539153.34,0.0528,mild_recession,1584
1.4279,1.1626,0.465,0.1215,82483218.4,0.0562,mild_recession,1585
1.5608,1.1694,0.4677,0.1328,90684327.38,0.0618,mild_recession,1586
1.3848,1.1126,0.4451,0.1178,76553561.12,0.0522,mild_recession,1587
1.5369,1.0981,0.4393,0.1308,83852498.34,0.0571,mild_recession,1588
1.1226,1.0501,0.42,0.0955,58568839.92,0.0399,mild_recession,1589
1.5209,1.0952,0.4381,0.1294,82764077.34,0.0564,mild_recession,1590
1.4159,1.0893,0.4357,0.1205,76631782.47,0.0522,mild_recession,1591
1.5455,1.0599,0.4239,0.1315,81384231.34,0.0554,mild_recession,1592
1.3078,1.1222,0.4489,0.1113,72921517.9,0.0497,mild_recession,1593
1.598,1.1016,0.4406,0.136,87467436.54,0.0596,mild_recession,1594
1.5476,1.0824,0.433,0.1317,83231562.08,0.0567,mild_recession,1595
1.5303,1.0955,0.4382,0.1302,83297572.34,0.0568,mild_recession,1596
1.3505,1.0745,0.4298,0.1149,72095816.38,0.0491,mild_recession,1597
1.3439,1.1667,0.4667,0.1143,77902782.98,0.0531,mild_recession,1598
1.3517,1.1094,0.4438,0.115,74508906.16,0.0508,mild_recession,1599
1.6309,1.1565,0.4626,0.1388,93707170.6,0.0638,mild_recession,1600
1.4087,1.1078,0.4431,0.1199,77537710.15,0.0528,mild_recession,1601
1.3866,1.061,0.4244,0.118,73094673.18,0.0498,mild_recession,1602
1.485,1.0837,0.4335,0.1263,79951961.0,0.0545,mild_recession,1603
1.4707,1.07,0.428,0.1251,78187165.3,0.0533,mild_recession,1604
1.4246,1.1352,0.4541,0.1212,80349092.22,0.0547,mild_recession,1605
1.577,1.0148,0.4059,0.1342,79517516.68,0.0542,mild_recession,1606
1.3817,1.0892,0.4357,0.1176,74774021.81,0.0509,mild_recession,1607
1.6442,1.1226,0.449,0.1399,91703850.43,0.0625,mild_recession,1608
1.5732,1.1246,0.4498,0.1339,87899447.71,0.0599,mild_recession,1609
1.5323,1.1177,0.4471,0.1304,85093358.03,0.058,mild_recession,1610
1.4718,1.1031,0.4412,0.1252,80667177.54,0.055,mild_recession,1611
1.4609,1.1654,0.4662,0.1243,84593337.12,0.0576,mild_recession,1612
1.3652,1.1171,0.4468,0.1162,75771634.7,0.0516,mild_recession,1613
1.3278,1.0584,0.4234,0.113,69824495.69,0.0476,mild_recession,1614
1.4676,1.0136,0.4054,0.1249,73905844.29,0.0504,mild_recession,1615
1.167,1.1613,0.4645,0.0993,67331608.25,0.0459,mild_recession,1616
1.3732,1.0493,0.4197,0.1168,71592822.34,0.0488,mild_recession,1617
1.4652,1.0242,0.4097,0.1247,74563202.65,0.0508,mild_recession,1618
1.6188,1.1676,0.467,0.1377,93908513.1,0.064,mild_recession,1619
1.2878,1.0457,0.4183,0.1096,66906898.05,0.0456,mild_recession,1620
1.6563,1.0771,0.4309,0.1409,88640515.31,0.0604,mild_recession,1621
1.6045,1.056,0.4224,0.1365,84180585.47,0.0574,mild_recession,1622
1.5482,1.0701,0.4281,0.1317,82314370.57,0.0561,mild_recession,1623
1.4295,1.0472,0.4189,0.1216,74376692.69,0.0507,mild_recession,1624
1.2891,1.1203,0.4481,0.1097,71754916.05,0.0489,mild_recession,1625
1.5546,1.1166,0.4466,0.1323,86249686.74,0.0588,mild_recession,1626
1.5221,1.1214,0.4486,0.1295,84810928.68,0.0578,mild_recession,1627
1.5929,1.2071,0.4829,0.1355,95537300.37,0.0651,mild_recession,1628
1.4728,1.1088,0.4435,0.1253,81136823.1,0.0553,mild_recession,1629
1.3923,1.1459,0.4583,0.1185,79269523.71,0.054,mild_recession,1630
1.5411,1.0364,0.4146,0.1311,79353773.1,0.0541,mild_recession,1631
1.404,1.0965,0.4386,0.1195,76485375.32,0.0521,mild_recession,1632
1.4669,1.0967,0.4387,0.1248,79933538.54,0.0545,mild_recession,1633
1.4754,1.1407,0.4563,0.1255,83613961.86,0.057,mild_recession,1634
1.4948,1.0048,0.4019,0.1272,74623991.51,0.0508,mild_recession,1635
1.4755,1.0333,0.4133,0.1255,75752979.06,0.0516,mild_recession,1636
1.536,1.0988,0.4395,0.1307,83858081.56,0.0571,mild_recession,1637
1.3305,1.0862,0.4345,0.1132,71800577.58,0.0489,mild_recession,1638
1.3976,1.0225,0.409,0.1189,70999817.32,0.0484,mild_recession,1639
1.4702,1.0736,0.4294,0.1251,78420256.72,0.0534,mild_recession,1640
1.3693,1.0657,0.4263,0.1165,72504207.47,0.0494,mild_recession,1641
1.3283,1.0808,0.4323,0.113,71327088.81,0.0486,mild_recession,1642
1.3519,1.0432,0.4173,0.115,70072799.44,0.0477,mild_recession,1643
1.4297,1.0428,0.4171,0.1216,74076498.45,0.0505,mild_recession,1644
1.464,1.1874,0.475,0.1246,86372078.46,0.0588,mild_recession,1645
1.3592,1.0045,0.4018,0.1156,67839075.49,0.0462,mild_recession,1646
1.5699,1.1869,0.4747,0.1336,92577725.0,0.0631,mild_recession,1647
1.6388,1.087,0.4348,0.1394,88508685.35,0.0603,mild_recession,1648
1.4588,1.1362,0.4545,0.1241,82351711.91,0.0561,mild_recession,1649
1.6933,1.1244,0.4498,0.1441,94597580.39,0.0644,mild_recession,1650
1.4784,1.1613,0.4645,0.1258,85301413.28,0.0581,mild_recession,1651
1.2812,1.0724,0.4289,0.109,68264122.57,0.0465,mild_recession,1652
1.4747,1.0434,0.4174,0.1255,76451609.4,0.0521,mild_recession,1653
1.2467,1.0915,0.4366,0.1061,67612268.1,0.0461,mild_recession,1654
1.4064,1.1057,0.4423,0.1197,77267563.97,0.0526,mild_recession,1655
1.6996,1.0984,0.4393,0.1446,92748424.39,0.0632,mild_recession,1656
1.3103,1.1267,0.4507,0.1115,73347964.14,0.05,mild_recession,1657
1.4976,1.0837,0.4335,0.1274,80639752.43,0.0549,mild_recession,1658
1.6178,1.0239,0.4096,0.1377,82301877.91,0.0561,mild_recession,1659
1.5168,1.1554,0.4622,0.1291,87077288.98,0.0593,mild_recession,1660
1.5783,1.1313,0.4525,0.1343,88715679.76,0.0604,mild_recession,1661
1.7732,1.1394,0.4557,0.1509,100380579.72,0.0684,mild_recession,1662
1.421,1.0929,0.4371,0.1209,77159581.06,0.0526,mild_recession,1663
1.5507,1.1534,0.4614,0.1319,88864191.6,0.0605,mild_recession,1664
1.7066,1.1081,0.4432,0.1452,93958787.39,0.064,mild_recession,1665
1.5553,1.1596,0.4639,0.1323,89609066.61,0.0611,mild_recession,1666
1.6355,1.1492,0.4597,0.1392,93382397.93,0.0636,mild_recession,1667
1.4541,1.1653,0.4661,0.1237,84193900.59,0.0574,mild_recession,1668
1.3764,1.2112,0.4845,0.1171,82824069.12,0.0564,mild_recession,1669
1.4749,1.1246,0.4498,0.1255,82408349.02,0.0561,mild_recession,1670
1.4081,1.1085,0.4434,0.1198,77553736.86,0.0528,mild_recession,1671
1.5249,1.0876,0.435,0.1297,82401025.34,0.0561,mild_recession,1672
1.4522,1.0196,0.4078,0.1236,73564639.99,0.0501,mild_recession,1673
1.7131,1.0755,0.4302,0.1458,91537446.21,0.0624,mild_recession,1674
1.4494,1.1216,0.4486,0.1233,80767438.37,0.055,mild_recession,1675
1.6089,1.103,0.4412,0.1369,88169984.48,0.0601,mild_recession,1676
1.4943,1.0583,0.4233,0.1271,78575192.11,0.0535,mild_recession,1677
1.3538,1.0646,0.4259,0.1152,71612556.65,0.0488,mild_recession,1678
1.4852,1.0467,0.4187,0.1264,77236959.12,0.0526,mild_recession,1679
1.4922,1.0694,0.4277,0.127,79280283.92,0.054,mild_recession,1680
1.3904,1.1584,0.4633,0.1183,80021844.22,0.0545,mild_recession,1681
1.6257,1.1292,0.4517,0.1383,91205451.6,0.0621,mild_recession,1682
1.4314,1.1197,0.4479,0.1218,79632067.06,0.0543,mild_recession,1683
1.6398,1.1511,0.4604,0.1395,93782844.39,0.0639,mild_recession,1684
1.2888,1.1061,0.4425,0.1097,70828741.3,0.0483,mild_recession,1685
1.4947,1.081,0.4324,0.1272,80283224.84,0.0547,mild_recession,1686
1.3846,1.0417,0.4167,0.1178,71660170.02,0.0488,mild_recession,1687
1.4016,1.0123,0.4049,0.1193,70497130.63,0.048,mild_recession,1688
1.5444,1.1302,0.4521,0.1314,86726253.25,0.0591,mild_recession,1689
1.3593,1.098,0.4392,0.1157,74150967.63,0.0505,mild_recession,1690
1.801,1.0916,0.4366,0.1532,97679842.81,0.0665,mild_recession,1691
1.7195,1.1018,0.4407,0.1463,94128269.39,0.0641,mild_recession,1692
1.4882,1.0269,0.4108,0.1266,75933403.58,0.0517,mild_recession,1693
1.2649,1.0954,0.4382,0.1076,68842581.77,0.0469,mild_recession,1694
1.4773,1.1035,0.4414,0.1257,80999067.01,0.0552,mild_recession,1695
1.7938,1.1222,0.4489,0.1526,100013127.3,0.0681,mild_recession,1696
1.402,1.0833,0.4333,0.1193,75458946.05,0.0514,mild_recession,1697
1.5211,1.1456,0.4582,0.1294,86575079.12,0.059,mild_recession,1698
1.4008,1.027,0.4108,0.1192,71482855.1,0.0487,mild_recession,1699
1.5035,1.0423,0.4169,0.1279,77862748.03,0.053,mild_recession,1700
1.6322,1.0425,0.417,0.1389,84546805.38,0.0576,mild_recession,1701
1.2707,1.0872,0.4349,0.1081,68636845.65,0.0468,mild_recession,1702
1.3433,1.0899,0.4359,0.1143,72737628.52,0.0496,mild_recession,1703
1.4612,1.1062,0.4425,0.1243,80310175.84,0.0547,mild_recession,1704
1.5633,1.0676,0.427,0.133,82921907.04,0.0565,mild_recession,1705
1.6019,1.1503,0.4601,0.1363,91552116.29,0.0624,mild_recession,1706
1.4658,0.9748,0.3899,0.1247,70993503.72,0.0484,mild_recession,1707
1.3244,1.0744,0.4298,0.1127,70696778.38,0.0482,mild_recession,1708
1.3414,1.1196,0.4478,0.1141,74618064.4,0.0508,mild_recession,1709
1.6355,1.1172,0.4469,0.1392,90782627.74,0.0619,mild_recession,1710
1.5871,1.0672,0.4269,0.135,84151624.41,0.0573,mild_recession,1711
1.3179,1.0792,0.4317,0.1121,70666674.2,0.0481,mild_recession,1712
1.5683,1.0145,0.4058,0.1334,79051876.66,0.0539,mild_recession,1713
1.5686,1.0644,0.4258,0.1335,82958108.84,0.0565,mild_recession,1714
1.5463,1.1124,0.445,0.1316,85465474.84,0.0582,mild_recession,1715
1.4339,1.0744,0.4298,0.122,76545511.62,0.0522,mild_recession,1716
1.5046,1.0873,0.4349,0.128,81278211.44,0.0554,mild_recession,1717
1.364,1.0529,0.4212,0.1161,71356761.88,0.0486,mild_recession,1718
1.6477,1.0098,0.4039,0.1402,82666039.75,0.0563,mild_recession,1719
1.3487,1.1072,0.4429,0.1148,74195042.31,0.0505,mild_recession,1720
1.4147,1.1186,0.4474,0.1204,78621548.45,0.0536,mild_recession,1721
1.5349,1.0573,0.4229,0.1306,80629134.41,0.0549,mild_recession,1722
1.3891,1.0935,0.4374,0.1182,75468797.8,0.0514,mild_recession,1723
1.5695,1.0766,0.4306,0.1335,83952721.75,0.0572,mild_recession,1724
1.5867,1.0814,0.4325,0.135,85248120.66,0.0581,mild_recession,1725
1.348,1.1628,0.4651,0.1147,77878795.55,0.0531,mild_recession,1726
1.5069,1.1255,0.4502,0.1282,84266011.26,0.0574,mild_recession,1727
1.3292,1.0538,0.4215,0.1131,69594956.64,0.0474,mild_recession,1728
1.5774,1.151,0.4604,0.1342,90205733.88,0.0615,mild_recession,1729
1.4981,1.04,0.416,0.1275,77406008.72,0.0527,mild_recession,1730
1.5156,1.0698,0.4279,0.129,80559837.19,0.0549,mild_recession,1731
1.5496,1.0842,0.4337,0.1318,83477858.71,0.0569,mild_recession,1732
1.6627,1.0929,0.4372,0.1415,90284041.34,0.0615,mild_recession,1733
1.6515,1.11,0.444,0.1405,91078470.8,0.0621,mild_recession,1734
1.5223,1.1165,0.4466,0.1295,84451102.33,0.0575,mild_recession,1735
1.5943,1.056,0.4224,0.1356,83649148.01,0.057,mild_recession,1736
1.3048,1.0758,0.4303,0.111,69743929.97,0.0475,mild_recession,1737
1.5441,1.0828,0.4331,0.1314,83071676.65,0.0566,mild_recession,1738
1.4401,1.0965,0.4386,0.1225,78459190.13,0.0535,mild_recession,1739
1.4216,1.0893,0.4357,0.121,76937519.57,0.0524,mild_recession,1740
1.5439,1.1053,0.4421,0.1314,84780540.52,0.0578,mild_recession,1741
1.3684,1.092,0.4368,0.1164,74246391.94,0.0506,mild_recession,1742
1.6716,1.1013,0.4405,0.1422,91462899.22,0.0623,mild_recession,1743
1.4502,1.1091,0.4436,0.1234,79914840.34,0.0544,mild_recession,1744
1.5465,1.113,0.4452,0.1316,85520877.4,0.0583,mild_recession,1745
1.5035,1.1122,0.4449,0.1279,83081835.92,0.0566,mild_recession,1746
1.4709,0.9641,0.3856,0.1251,70455650.18,0.048,mild_recession,1747
1.5284,1.0788,0.4315,0.13,81925735.12,0.0558,mild_recession,1748
1.6517,1.076,0.4304,0.1405,88300249.34,0.0602,mild_recession,1749
1.5303,1.146,0.4584,0.1302,87130552.23,0.0594,mild_recession,1750
1.3878,1.0643,0.4257,0.1181,73390212.64,0.05,mild_recession,1751
1.5532,1.0841,0.4336,0.1322,83660956.57,0.057,mild_recession,1752
1.4911,1.1984,0.4793,0.1269,88779715.59,0.0605,mild_recession,1753
1.8242,0.9844,0.3938,0.1552,89223795.24,0.0608,mild_recession,1754
1.3597,1.1162,0.4465,0.1157,75405848.49,0.0514,mild_recession,1755
1.4837,1.0286,0.4115,0.1262,75829550.36,0.0517,mild_recession,1756
1.4586,1.0537,0.4215,0.1241,76361732.89,0.052,mild_recession,1757
1.4774,1.118,0.4472,0.1257,82069500.52,0.0559,mild_recession,1758
1.5953,1.0425,0.417,0.1357,82630961.37,0.0563,mild_recession,1759
1.4125,1.0757,0.4303,0.1202,75489218.89,0.0514,mild_recession,1760
1.7606,1.1229,0.4492,0.1498,98231818.75,0.0669,mild_recession,1761
1.6139,1.1693,0.4677,0.1373,93758197.49,0.0639,mild_recession,1762
1.481,1.0379,0.4152,0.126,76372017.3,0.052,mild_recession,1763
1.5056,1.1602,0.4641,0.1281,86786477.1,0.0591,mild_recession,1764
1.5593,0.9984,0.3994,0.1327,77352885.57,0.0527,mild_recession,1765
1.47,1.19,0.476,0.1251,86913913.79,0.0592,mild_recession,1766
1.4066,1.097,0.4388,0.1197,76666396.23,0.0522,mild_recession,1767
1.5702,0.962,0.3848,0.1336,75048442.29,0.0511,mild_recession,1768
1.6229,1.0992,0.4397,0.1381,88628913.48,0.0604,mild_recession,1769
1.5303,1.0899,0.436,0.1302,82872841.04,0.0565,mild_recession,1770
1.5466,1.1245,0.4498,0.1316,86406665.66,0.0589,mild_recession,1771
1.5198,1.055,0.422,0.1293,79665690.29,0.0543,mild_recession,1772
1.5169,1.0814,0.4326,0.1291,81503166.19,0.0555,mild_recession,1773
1.5526,1.0269,0.4108,0.1321,79218756.61,0.054,mild_recession,1774
1.4408,1.1348,0.4539,0.1226,81233939.35,0.0553,mild_recession,1775
1.3908,1.1446,0.4579,0.1183,79098786.87,0.0539,mild_recession,1776
1.4193,1.0247,0.4099,0.1208,72262716.82,0.0492,mild_recession,1777
1.3904,1.0617,0.4247,0.1183,73343315.39,0.05,mild_recession,1778
1.5144,1.0839,0.4336,0.1289,81560388.77,0.0556,mild_recession,1779
1.3473,1.1259,0.4503,0.1146,75364490.12,0.0513,mild_recession,1780
1.5158,1.0275,0.411,0.129,77383540.29,0.0527,mild_recession,1781
1.5679,1.108,0.4432,0.1334,86312071.29,0.0588,mild_recession,1782
1.4821,1.0647,0.4259,0.1261,78398746.92,0.0534,mild_recession,1783
1.3594,1.2154,0.4861,0.1157,82085221.03,0.0559,mild_recession,1784
1.4337,1.0917,0.4367,0.122,77766552.73,0.053,mild_recession,1785
1.6005,1.0856,0.4343,0.1362,86330558.63,0.0588,mild_recession,1786
1.5794,1.0349,0.414,0.1344,81212068.04,0.0553,mild_recession,1787
1.3709,1.1166,0.4467,0.1166,76059700.84,0.0518,mild_recession,1788
1.3377,1.0655,0.4262,0.1138,70815815.88,0.0482,mild_recession,1789
1.3213,1.033,0.4132,0.1124,67810978.28,0.0462,mild_recession,1790
1.5033,1.1891,0.4756,0.1279,88814106.48,0.0605,mild_recession,1791
1.5218,1.0237,0.4095,0.1295,77407038.26,0.0527,mild_recession,1792
1.553,1.0866,0.4346,0.1321,83844180.41,0.0571,mild_recession,1793
1.5683,1.0621,0.4248,0.1334,82756437.34,0.0564,mild_recession,1794
1.2722,1.1792,0.4717,0.1082,74537239.57,0.0508,mild_recession,1795
1.4322,1.1268,0.4507,0.1219,80183823.71,0.0546,mild_recession,1796
1.4713,1.0721,0.4288,0.1252,78372631.34,0.0534,mild_recession,1797
1.4655,1.1254,0.4502,0.1247,81947894.02,0.0558,mild_recession,1798
1.546,1.1079,0.4431,0.1315,85099487.49,0.058,mild_recession,1799
1.491,1.1365,0.4546,0.1269,84190641.38,0.0574,mild_recession,1800
1.1951,1.076,0.4304,0.1017,63893317.68,0.0435,mild_recession,1801
1.4627,1.0605,0.4242,0.1245,77072082.23,0.0525,mild_recession,1802
1.2976,1.0826,0.433,0.1104,69798037.64,0.0476,mild_recession,1803
1.4402,1.1306,0.4522,0.1225,80901726.26,0.0551,mild_recession,1804
1.4759,1.1206,0.4482,0.1256,82171333.31,0.056,mild_recession,1805
1.6549,1.0487,0.4195,0.1408,86231312.63,0.0587,mild_recession,1806
1.351,1.1221,0.4489,0.115,75324401.28,0.0513,mild_recession,1807
1.4203,1.1125,0.445,0.1208,78502636.34,0.0535,mild_recession,1808
1.5578,1.1213,0.4485,0.1325,86789509.99,0.0591,mild_recession,1809
1.4834,1.0285,0.4114,0.1262,75800007.94,0.0516,mild_recession,1810
1.5841,1.1131,0.4452,0.1348,87604902.31,0.0597,mild_recession,1811
1.4695,1.0946,0.4378,0.125,79917247.56,0.0544,mild_recession,1812
1.5872,1.0966,0.4386,0.135,86476213.58,0.0589,mild_recession,1813
1.5423,1.218,0.4872,0.1312,93335356.33,0.0636,mild_recession,1814
1.2971,1.0826,0.4331,0.1104,69771211.81,0.0475,mild_recession,1815
1.3968,1.0479,0.4192,0.1188,72724400.84,0.0495,mild_recession,1816
1.511,1.1598,0.4639,0.1286,87073500.14,0.0593,mild_recession,1817
1.4789,1.1375,0.455,0.1258,83584835.45,0.0569,mild_recession,1818
1.4902,1.0825,0.433,0.1268,80148611.79,0.0546,mild_recession,1819
1.4744,1.1988,0.4795,0.1254,87821627.21,0.0598,mild_recession,1820
1.4607,1.0291,0.4116,0.1243,74688464.99,0.0509,mild_recession,1821
1.4387,1.1153,0.4461,0.1224,79725147.41,0.0543,mild_recession,1822
1.6006,1.065,0.426,0.1362,84692141.48,0.0577,mild_recession,1823
1.5242,1.0337,0.4135,0.1297,78283026.16,0.0533,mild_recession,1824
1.4232,1.1441,0.4577,0.1211,80901527.68,0.0551,mild_recession,1825
1.7199,1.0605,0.4242,0.1463,90622362.16,0.0617,mild_recession,1826
1.5545,0.9996,0.3998,0.1323,77201104.55,0.0526,mild_recession,1827
1.4181,1.0228,0.4091,0.1207,72068038.54,0.0491,mild_recession,1828
1.4017,1.1308,0.4523,0.1193,78749176.23,0.0537,mild_recession,1829
1.3053,1.158,0.4632,0.1111,75096928.97,0.0512,mild_recession,1830
1.5931,1.1807,0.4723,0.1355,93454424.78,0.0637,mild_recession,1831
1.5472,1.0711,0.4284,0.1316,82334722.93,0.0561,mild_recession,1832
1.5166,1.0652,0.4261,0.129,80264227.44,0.0547,mild_recession,1833
1.5197,1.1621,0.4648,0.1293,87744672.21,0.0598,mild_recession,1834
1.5243,1.1396,0.4558,0.1297,86304178.67,0.0588,mild_recession,1835
1.6571,1.0847,0.4339,0.141,89308756.16,0.0608,mild_recession,1836
1.6685,1.159,0.4636,0.142,96082050.71,0.0655,mild_recession,1837
1.4928,1.1266,0.4507,0.127,83562137.36,0.0569,mild_recession,1838
1.5626,1.0912,0.4365,0.1329,84716660.35,0.0577,mild_recession,1839
1.511,1.0416,0.4166,0.1286,78195793.84,0.0533,mild_recession,1840
1.4055,1.1033,0.4413,0.1196,77041968.53,0.0525,mild_recession,1841
1.35,1.1071,0.4428,0.1149,74253080.9,0.0506,mild_recession,1842
1.6433,1.0358,0.4143,0.1398,84571586.47,0.0576,mild_recession,1843
1.6165,1.0163,0.4065,0.1375,81620256.93,0.0556,mild_recession,1844
1.5593,1.0389,0.4156,0.1327,80489457.38,0.0548,mild_recession,1845
1.5246,1.0907,0.4363,0.1297,82620673.43,0.0563,mild_recession,1846
1.6233,1.138,0.4552,0.1381,91785633.19,0.0625,mild_recession,1847
1.5432,1.0545,0.4218,0.1313,80851819.92,0.0551,mild_recession,1848
1.3428,1.1316,0.4526,0.1142,75491905.21,0.0514,mild_recession,1849
1.5496,1.1496,0.4598,0.1318,88511053.88,0.0603,mild_recession,1850
1.6499,1.0562,0.4225,0.1404,86582938.86,0.059,mild_recession,1851
1.6655,1.1827,0.4731,0.1417,97870393.66,0.0667,mild_recession,1852
1.4788,1.0994,0.4397,0.1258,80775882.8,0.055,mild_recession,1853
1.6592,1.0681,0.4273,0.1412,88056058.1,0.06,mild_recession,1854
1.3674,1.1064,0.4426,0.1163,75171101.83,0.0512,mild_recession,1855
1.4787,1.0566,0.4227,0.1258,77632805.71,0.0529,mild_recession,1856
1.4512,1.0506,0.4202,0.1235,75747433.24,0.0516,mild_recession,1857
1.467,1.2176,0.487,0.1248,88743636.47,0.0605,mild_recession,1858
1.4974,1.1545,0.4618,0.1274,85897703.56,0.0585,mild_recession,1859
1.524,1.12,0.448,0.1297,84802551.33,0.0578,mild_recession,1860
1.7282,1.0589,0.4235,0.147,90917998.35,0.0619,mild_recession,1861
1.2928,1.078,0.4312,0.11,69242316.85,0.0472,mild_recession,1862
1.242,1.0887,0.4355,0.1057,67184312.69,0.0458,mild_recession,1863
1.455,1.025,0.41,0.1238,74097309.18,0.0505,mild_recession,1864
1.5755,1.154,0.4616,0.134,90332666.49,0.0615,mild_recession,1865
1.4916,1.1294,0.4518,0.1269,83698877.32,0.057,mild_recession,1866
1.6398,1.1976,0.479,0.1395,97568551.07,0.0665,mild_recession,1867
1.5646,0.9888,0.3955,0.1331,76867245.94,0.0524,mild_recession,1868
1.6955,1.0352,0.4141,0.1443,87210053.69,0.0594,mild_recession,1869
1.2815,1.0817,0.4327,0.109,68871758.85,0.0469,mild_recession,1870
1.6581,1.1258,0.4503,0.1411,92746563.85,0.0632,mild_recession,1871
1.3022,1.0557,0.4223,0.1108,68303347.13,0.0465,mild_recession,1872
1.6584,1.1504,0.4602,0.1411,94791818.78,0.0646,mild_recession,1873
1.5554,1.0599,0.424,0.1323,81907720.77,0.0558,mild_recession,1874
1.3595,1.1854,0.4741,0.1157,80068069.53,0.0546,mild_recession,1875
1.5224,1.151,0.4604,0.1295,87064914.7,0.0593,mild_recession,1876
1.4881,1.092,0.4368,0.1266,80737126.68,0.055,mild_recession,1877
1.2658,1.1151,0.446,0.1077,70130301.49,0.0478,mild_recession,1878
1.6047,1.0914,0.4365,0.1365,87014429.36,0.0593,mild_recession,1879
1.4155,1.0746,0.4299,0.1204,75579397.59,0.0515,mild_recession,1880
1.5156,1.1048,0.4419,0.129,83193003.53,0.0567,mild_recession,1881
1.4453,1.068,0.4272,0.123,76692308.44,0.0523,mild_recession,1882
1.4691,1.1322,0.4529,0.125,82645917.95,0.0563,mild_recession,1883
1.4919,1.0586,0.4235,0.1269,78472211.26,0.0535,mild_recession,1884
1.5703,1.0644,0.4258,0.1336,83043769.75,0.0566,mild_recession,1885
1.5819,1.1028,0.4411,0.1346,86674932.88,0.0591,mild_recession,1886
1.5735,1.0537,0.4215,0.1339,82375568.04,0.0561,mild_recession,1887
1.601,1.1525,0.461,0.1362,91676938.73,0.0625,mild_recession,1888
1.5257,1.0756,0.4302,0.1298,81532837.71,0.0555,mild_recession,1889
1.2631,1.0844,0.4337,0.1075,68051483.32,0.0464,mild_recession,1890
1.4195,1.1377,0.4551,0.1208,80236280.92,0.0547,mild_recession,1891
1.5306,1.0831,0.4333,0.1302,82370199.9,0.0561,mild_recession,1892
1.4924,1.0792,0.4317,0.127,80025498.79,0.0545,mild_recession,1893
1.5898,1.0865,0.4346,0.1353,85822634.52,0.0585,mild_recession,1894
1.3228,1.11,0.444,0.1126,72955889.55,0.0497,mild_recession,1895
1.3921,1.0774,0.431,0.1184,74521878.51,0.0508,mild_recession,1896
1.7924,1.092,0.4368,0.1525,97251388.02,0.0663,mild_recession,1897
1.5672,1.092,0.4368,0.1333,85034248.21,0.0579,mild_recession,1898
1.5806,1.0791,0.4316,0.1345,84742320.71,0.0577,mild_recession,1899
1.6955,1.1331,0.4532,0.1443,95450025.06,0.065,mild_recession,1900
1.6811,1.093,0.4372,0.143,91287972.42,0.0622,mild_recession,1901
1.5665,1.1074,0.443,0.1333,86190882.41,0.0587,mild_recession,1902
1.3128,1.1447,0.4579,0.1117,74659404.58,0.0509,mild_recession,1903
1.4058,1.0999,0.4399,0.1196,76821575.63,0.0523,mild_recession,1904
1.4968,1.1078,0.4431,0.1274,82385992.26,0.0561,mild_recession,1905
1.5299,1.1418,0.4567,0.1302,86794422.82,0.0591,mild_recession,1906
1.635,1.1022,0.4409,0.1391,89539357.58,0.061,mild_recession,1907
1.502,1.0646,0.4259,0.1278,79450936.08,0.0541,mild_recession,1908
1.4458,1.1432,0.4573,0.123,82121205.12,0.0559,mild_recession,1909
1.5899,1.0322,0.4129,0.1353,81534675.59,0.0555,mild_recession,1910
1.4758,1.0912,0.4365,0.1256,80013261.97,0.0545,mild_recession,1911
1.6286,1.063,0.4252,0.1386,86017513.64,0.0586,mild_recession,1912
1.4034,1.138,0.4552,0.1194,79352400.36,0.0541,mild_recession,1913
1.478,1.0615,0.4246,0.1258,77948802.19,0.0531,mild_recession,1914
1.4608,1.1437,0.4575,0.1243,83012739.13,0.0566,mild_recession,1915
1.4498,1.0364,0.4146,0.1234,74656632.59,0.0509,mild_recession,1916
1.5098,1.0155,0.4062,0.1285,76172825.86,0.0519,mild_recession,1917
1.5736,1.0841,0.4337,0.1339,84761905.78,0.0577,mild_recession,1918
1.3802,1.0651,0.4261,0.1174,73042055.1,0.0498,mild_recession,1919
1.495,1.1678,0.4671,0.1272,86745455.38,0.0591,mild_recession,1920
1.3095,1.142,0.4568,0.1114,74306521.67,0.0506,mild_recession,1921
1.5817,1.0803,0.4321,0.1346,84897228.3,0.0578,mild_recession,1922
1.666,1.1656,0.4662,0.1417,96479449.37,0.0657,mild_recession,1923
1.4962,1.0962,0.4385,0.1273,81486083.57,0.0555,mild_recession,1924
1.567,1.1117,0.4447,0.1333,86555552.88,0.059,mild_recession,1925
1.6993,1.0562,0.4225,0.1446,89177975.84,0.0608,mild_recession,1926
1.5272,1.1577,0.4631,0.1299,87848401.25,0.0599,mild_recession,1927
1.3932,1.1291,0.4516,0.1185,78155213.98,0.0532,mild_recession,1928
1.4143,1.1253,0.4501,0.1203,79072877.26,0.0539,mild_recession,1929
1.5709,1.0874,0.435,0.1337,84874685.85,0.0578,mild_recession,1930
1.646,1.1211,0.4484,0.14,91685230.31,0.0625,mild_recession,1931
1.6202,1.114,0.4456,0.1379,89675903.98,0.0611,mild_recession,1932
1.382,1.071,0.4284,0.1176,73539384.98,0.0501,mild_recession,1933
1.5745,1.1019,0.4407,0.134,86195190.89,0.0587,mild_recession,1934
1.4929,1.0943,0.4377,0.127,81166282.35,0.0553,mild_recession,1935
1.8025,1.0107,0.4043,0.1534,90518999.33,0.0617,mild_recession,1936
1.5217,0.9832,0.3933,0.1295,74335974.86,0.0506,mild_recession,1937
1.2789,1.1088,0.4435,0.1088,70455664.21,0.048,mild_recession,1938
1.5169,1.0986,0.4394,0.1291,82800518.52,0.0564,mild_recession,1939
1.5084,1.1044,0.4418,0.1283,82765289.53,0.0564,mild_recession,1940
1.4391,1.1365,0.4546,0.1224,81255446.87,0.0554,mild_recession,1941
1.2815,1.1592,0.4637,0.109,73807145.68,0.0503,mild_recession,1942
1.5798,1.0571,0.4228,0.1344,82971117.39,0.0565,mild_recession,1943
1.4596,1.1676,0.467,0.1242,84672997.98,0.0577,mild_recession,1944
1.3355,1.0302,0.4121,0.1136,68354353.41,0.0466,mild_recession,1945
1.5412,1.1199,0.448,0.1311,85755218.93,0.0584,mild_recession,1946
1.4562,1.1458,0.4583,0.1239,82898598.27,0.0565,mild_recession,1947
1.527,1.0423,0.4169,0.1299,79075040.92,0.0539,mild_recession,1948
1.6211,1.1353,0.4541,0.1379,91443725.47,0.0623,mild_recession,1949
1.246,1.1043,0.4417,0.106,68366223.87,0.0466,mild_recession,1950
1.5905,0.9851,0.394,0.1353,77849508.62,0.053,mild_recession,1951
1.3116,1.1352,0.4541,0.1116,73975905.45,0.0504,mild_recession,1952
1.3771,1.0582,0.4233,0.1172,72400674.87,0.0493,mild_recession,1953
1.4727,1.0711,0.4284,0.1253,78371565.03,0.0534,mild_recession,1954
1.4493,1.1298,0.4519,0.1233,81355042.8,0.0554,mild_recession,1955
1.5853,1.1732,0.4693,0.1349,92406486.05,0.063,mild_recession,1956
1.4924,1.1786,0.4714,0.127,87389130.96,0.0595,mild_recession,1957
1.1859,1.0635,0.4254,0.1009,62662185.7,0.0427,mild_recession,1958
1.512,1.038,0.4152,0.1286,77980120.76,0.0531,mild_recession,1959
1.407,1.0486,0.4195,0.1197,73304794.32,0.0499,mild_recession,1960
1.5854,1.1192,0.4477,0.1349,88159256.51,0.0601,mild_recession,1961
1.4628,1.0484,0.4194,0.1245,76193908.41,0.0519,mild_recession,1962
1.3855,1.0325,0.413,0.1179,71077700.12,0.0484,mild_recession,1963
1.6638,1.0749,0.43,0.1416,88853111.52,0.0605,mild_recession,1964
1.5368,1.1459,0.4584,0.1308,87497536.87,0.0596,mild_recession,1965
1.4124,1.0251,0.41,0.1202,71935525.92,0.049,mild_recession,1966
1.4684,1.0605,0.4242,0.1249,77367292.39,0.0527,mild_recession,1967
1.342,1.2116,0.4846,0.1142,80787608.7,0.055,mild_recession,1968
1.3746,1.1471,0.4588,0.117,78342458.16,0.0534,mild_recession,1969
1.5697,1.1827,0.4731,0.1336,92239067.41,0.0628,mild_recession,1970
1.4597,1.0579,0.4232,0.1242,76726024.05,0.0523,mild_recession,1971
1.5707,1.0543,0.4217,0.1336,82276547.86,0.0561,mild_recession,1972
1.4995,1.1194,0.4478,0.1276,83400622.41,0.0568,mild_recession,1973
1.4194,1.1288,0.4515,0.1208,79604022.89,0.0542,mild_recession,1974
1.3405,1.0595,0.4238,0.1141,70563732.28,0.0481,mild_recession,1975
1.8012,1.1512,0.4605,0.1533,103024235.46,0.0702,mild_recession,1976
1.293,1.0638,0.4255,0.11,68341409.95,0.0466,mild_recession,1977
1.3148,0.9961,0.3984,0.1119,65073093.58,0.0443,mild_recession,1978
1.5515,1.12,0.448,0.132,86342744.16,0.0588,mild_recession,1979
1.3029,0.971,0.3884,0.1109,62853968.55,0.0428,mild_recession,1980
0.9956,1.1123,0.4449,0.0847,55026178.29,0.0375,mild_recession,1981
1.4784,1.2097,0.4839,0.1258,88858141.25,0.0605,mild_recession,1982
1.2766,1.0959,0.4383,0.1086,69510185.25,0.0474,mild_recession,1983
1.431,1.0766,0.4306,0.1218,76544591.84,0.0521,mild_recession,1984
1.4946,1.0678,0.4271,0.1272,79294640.66,0.054,mild_recession,1985
1.4704,1.0802,0.4321,0.1251,78915601.95,0.0538,mild_recession,1986
1.4706,1.0911,0.4364,0.1251,79721974.52,0.0543,mild_recession,1987
1.5337,1.053,0.4212,0.1305,80242214.13,0.0547,mild_recession,1988
1.4735,1.0066,0.4026,0.1254,73691118.38,0.0502,mild_recession,1989
1.4169,1.0549,0.422,0.1206,74264741.44,0.0506,mild_recession,1990
1.4731,1.0879,0.4352,0.1253,79623527.99,0.0542,mild_recession,1991
1.5743,1.1491,0.4596,0.1339,89878888.71,0.0612,mild_recession,1992
1.3405,1.0912,0.4365,0.1141,72677208.17,0.0495,mild_recession,1993
1.6386,1.1293,0.4517,0.1394,91942991.88,0.0626,mild_recession,1994
1.3001,1.1163,0.4465,0.1106,72103901.8,0.0491,mild_recession,1995
1.5248,1.1165,0.4466,0.1297,84584069.89,0.0576,mild_recession,1996
1.3135,0.9929,0.3972,0.1118,64798435.03,0.0441,mild_recession,1997
1.6741,1.1125,0.445,0.1424,92538565.64,0.063,mild_recession,1998
1.7462,1.0747,0.4299,0.1486,93241156.44,0.0635,mild_recession,1999
1.4186,1.1185,0.4474,0.1207,78837898.47,0.0537,mild_recession,2000
2.332,1.234,0.4936,0.1984,142980538.25,0.0974,severe_recession,1
2.5674,1.3089,0.5236,0.2184,166967294.82,0.1138,severe_recession,2
2.5523,1.2952,0.5181,0.2172,164252230.24,0.1119,severe_recession,3
2.5979,1.4428,0.5771,0.221,186236662.27,0.1269,severe_recession,4
2.6641,1.2515,0.5006,0.2267,165659219.1,0.1129,severe_recession,5
2.1576,1.2061,0.4825,0.1836,129296124.25,0.0881,severe_recession,6
2.7193,1.3065,0.5226,0.2314,176514293.59,0.1203,severe_recession,7
2.4906,1.3042,0.5217,0.2119,161395536.64,0.11,severe_recession,8
2.7177,1.2736,0.5095,0.2312,171980035.7,0.1172,severe_recession,9
2.4482,1.378,0.5512,0.2083,167617739.13,0.1142,severe_recession,10
2.4707,1.3094,0.5238,0.2102,160737734.05,0.1095,severe_recession,11
2.2486,1.2935,0.5174,0.1913,144512237.75,0.0985,severe_recession,12
2.6588,1.25,0.5,0.2262,165133680.51,0.1125,severe_recession,13
2.4963,1.2279,0.4912,0.2124,152290968.87,0.1038,severe_recession,14
2.3269,1.2861,0.5144,0.198,148689136.26,0.1013,severe_recession,15
2.6179,1.312,0.5248,0.2227,170645119.11,0.1163,severe_recession,16
2.7479,1.3555,0.5422,0.2338,185070611.65,0.1261,severe_recession,17
2.9038,1.2786,0.5114,0.2471,184467891.06,0.1257,severe_recession,18
2.3355,1.1683,0.4673,0.1987,135573769.37,0.0924,severe_recession,19
2.4261,1.1325,0.453,0.2064,136509872.02,0.093,severe_recession,20
2.8958,1.2625,0.505,0.2464,181645405.74,0.1238,severe_recession,21
2.1875,1.3835,0.5534,0.1861,150371970.31,0.1024,severe_recession,22
2.768,1.3088,0.5235,0.2355,179998657.45,0.1226,severe_recession,23
2.7159,1.4546,0.5818,0.2311,196276977.25,0.1337,severe_recession,24
2.5874,1.2754,0.5102,0.2201,163960647.3,0.1117,severe_recession,25
2.1631,1.3945,0.5578,0.184,149873832.54,0.1021,severe_recession,26
2.2078,1.3171,0.5268,0.1878,144472421.29,0.0984,severe_recession,27
2.5261,1.3975,0.559,0.2149,175391028.38,0.1195,severe_recession,28
2.6504,1.2611,0.5045,0.2255,166073568.29,0.1131,severe_recession,29
2.5811,1.2686,0.5074,0.2196,162687353.69,0.1108,severe_recession,30
2.4556,1.4094,0.5637,0.2089,171947095.28,0.1171,severe_recession,31
2.0941,1.2291,0.4917,0.1782,127884430.81,0.0871,severe_recession,32
2.4463,1.3467,0.5387,0.2081,163679169.96,0.1115,severe_recession,33
2.3106,1.4005,0.5602,0.1966,160786343.12,0.1095,severe_recession,34
2.6711,1.2681,0.5072,0.2273,168292085.93,0.1147,severe_recession,35
2.1644,1.3574,0.543,0.1842,145971458.75,0.0995,severe_recession,36
2.043,1.3055,0.5222,0.1738,132521559.15,0.0903,severe_recession,37
2.5224,1.318,0.5272,0.2146,165178638.81,0.1125,severe_recession,38
2.1468,1.1393,0.4557,0.1827,121520873.99,0.0828,severe_recession,39
2.7981,1.3912,0.5565,0.2381,193416070.76,0.1318,severe_recession,40
2.5703,1.2566,0.5026,0.2187,160467629.71,0.1093,severe_recession,41
2.4729,1.2489,0.4995,0.2104,153445155.46,0.1045,severe_recession,42
2.7043,1.372,0.5488,0.2301,184341369.42,0.1256,severe_recession,43
2.3934,1.2962,0.5185,0.2036,154144370.52,0.105,severe_recession,44
2.4924,1.3135,0.5254,0.2121,162651012.75,0.1108,severe_recession,45
2.2448,1.3586,0.5434,0.191,151525957.2,0.1032,severe_recession,46
2.6624,1.3999,0.56,0.2265,185185732.35,0.1262,severe_recession,47
2.6228,1.4339,0.5735,0.2232,186850297.0,0.1273,severe_recession,48
2.3806,1.2606,0.5043,0.2026,149110388.37,0.1016,severe_recession,49
2.5337,1.4185,0.5674,0.2156,178574078.46,0.1217,severe_recession,50
2.8735,1.3563,0.5425,0.2445,193640453.89,0.1319,severe_recession,51
2.8008,1.3518,0.5407,0.2383,188119860.49,0.1282,severe_recession,52
2.784,1.2415,0.4966,0.2369,171723741.68,0.117,severe_recession,53
2.2128,1.3295,0.5318,0.1883,146165985.85,0.0996,severe_recession,54
2.6502,1.2867,0.5147,0.2255,169427653.9,0.1154,severe_recession,55
2.4485,1.3385,0.5354,0.2083,162831000.99,0.1109,severe_recession,56
2.289,1.1361,0.4544,0.1948,129202807.94,0.088,severe_recession,57
2.514,1.2699,0.508,0.2139,158625477.29,0.1081,severe_recession,58
2.5295,1.3219,0.5288,0.2152,166135196.74,0.1132,severe_recession,59
2.9541,1.3502,0.5401,0.2513,198178335.17,0.135,severe_recession,60
2.3068,1.2909,0.5164,0.1963,147955644.27,0.1008,severe_recession,61
2.7445,1.2554,0.5021,0.2335,171178147.85,0.1166,severe_recession,62
2.4934,1.292,0.5168,0.2121,160063447.25,0.1091,severe_recession,63
2.2521,1.3448,0.5379,0.1916,150475170.61,0.1025,severe_recession,64
2.9734,1.3651,0.546,0.253,201669703.82,0.1374,severe_recession,65
2.3044,1.2682,0.5073,0.1961,145207016.64,0.0989,severe_recession,66
2.5395,1.3298,0.5319,0.2161,167788510.67,0.1143,severe_recession,67
2.4872,1.2681,0.5072,0.2116,156704507.54,0.1068,severe_recession,68
2.193,1.3741,0.5496,0.1866,149716255.77,0.102,severe_recession,69
2.3612,1.3996,0.5598,0.2009,164196431.01,0.1119,severe_recession,70
2.4593,1.3293,0.5317,0.2092,162426265.97,0.1107,severe_recession,71
2.6672,1.3409,0.5364,0.2269,177704914.97,0.1211,severe_recession,72
2.8104,1.3243,0.5297,0.2391,184922591.47,0.126,severe_recession,73
2.5724,1.4238,0.5695,0.2189,181973721.57,0.124,severe_recession,74
2.8104,1.2397,0.4959,0.2391,173110439.2,0.1179,severe_recession,75
2.0122,1.3348,0.5339,0.1712,133441985.7,0.0909,severe_recession,76
2.5066,1.3321,0.5328,0.2133,165905469.85,0.113,severe_recession,77
2.4818,1.2766,0.5106,0.2112,157410438.79,0.1072,severe_recession,78
1.9331,1.219,0.4876,0.1645,117079086.94,0.0798,severe_recession,79
2.2826,1.3959,0.5584,0.1942,158306450.06,0.1079,severe_recession,80
2.526,1.3886,0.5554,0.2149,174279374.41,0.1187,severe_recession,81
2.8426,1.2003,0.4801,0.2419,169530073.81,0.1155,severe_recession,82
2.2319,1.2597,0.5039,0.1899,139690031.02,0.0952,severe_recession,83
2.9525,1.4096,0.5638,0.2512,206784026.41,0.1409,severe_recession,84
2.3676,1.3007,0.5203,0.2014,153010668.65,0.1042,severe_recession,85
2.6848,1.415,0.566,0.2284,188746195.38,0.1286,severe_recession,86
2.6944,1.224,0.4896,0.2293,163866508.0,0.1116,severe_recession,87
2.5756,1.5018,0.6007,0.2191,192182630.36,0.1309,severe_recession,88
2.8432,1.2624,0.505,0.2419,178329666.93,0.1215,severe_recession,89
2.4458,1.1502,0.4601,0.2081,139777064.62,0.0952,severe_recession,90
2.4544,1.4505,0.5802,0.2088,176883638.8,0.1205,severe_recession,91
2.4595,1.3576,0.5431,0.2093,165902782.21,0.113,severe_recession,92
2.7978,1.4373,0.5749,0.238,199791770.14,0.1361,severe_recession,93
2.7174,1.3286,0.5315,0.2312,179387748.97,0.1222,severe_recession,94
2.3062,1.2829,0.5132,0.1962,147000657.64,0.1002,severe_recession,95
2.3902,1.1919,0.4768,0.2034,141542266.23,0.0964,severe_recession,96
2.2432,1.2311,0.4924,0.1909,137213527.62,0.0935,severe_recession,97
2.3498,1.2611,0.5045,0.1999,147233602.77,0.1003,severe_recession,98
2.6819,1.2754,0.5102,0.2282,169951731.37,0.1158,severe_recession,99
2.094,1.2994,0.5197,0.1782,135182860.65,0.0921,severe_recession,100
3.0065,1.3497,0.5399,0.2558,201618407.42,0.1374,severe_recession,101
2.4539,1.3302,0.5321,0.2088,162179658.15,0.1105,severe_recession,102
2.4411,1.2854,0.5142,0.2077,155899759.75,0.1062,severe_recession,103
2.1751,1.3513,0.5405,0.1851,146033681.36,0.0995,severe_recession,104
2.3529,1.2973,0.5189,0.2002,151655353.03,0.1033,severe_recession,105
2.6148,1.3082,0.5233,0.2225,169955047.64,0.1158,severe_recession,106
2.4248,1.3695,0.5478,0.2063,164991289.56,0.1124,severe_recession,107
2.5781,1.3496,0.5398,0.2194,172872405.27,0.1178,severe_recession,108
2.7795,1.3448,0.5379,0.2365,185718011.87,0.1265,severe_recession,109
2.4072,1.2962,0.5185,0.2048,155030761.26,0.1056,severe_recession,110
2.6394,1.3303,0.5321,0.2246,174455052.18,0.1189,severe_recession,111
2.1536,1.3477,0.5391,0.1832,144207519.38,0.0982,severe_recession,112
2.4631,1.2277,0.4911,0.2096,150241043.73,0.1024,severe_recession,113
2.1665,1.4641,0.5857,0.1843,157599411.93,0.1074,severe_recession,114
2.055,1.4087,0.5635,0.1748,143828651.34,0.098,severe_recession,115
2.9071,1.3491,0.5397,0.2473,194866195.56,0.1328,severe_recession,116
2.378,1.2077,0.4831,0.2023,142691571.26,0.0972,severe_recession,117
2.785,1.3516,0.5406,0.237,187017435.0,0.1274,severe_recession,118
2.75,1.2736,0.5094,0.234,174019986.77,0.1186,severe_recession,119
2.2426,1.3365,0.5346,0.1908,148918800.31,0.1015,severe_recession,120
2.4503,1.3573,0.5429,0.2085,165247197.17,0.1126,severe_recession,121
2.4499,1.2166,0.4866,0.2085,148088282.78,0.1009,severe_recession,122
2.1504,1.3012,0.5205,0.183,139019494.71,0.0947,severe_recession,123
2.5488,1.2353,0.4941,0.2169,156430977.74,0.1066,severe_recession,124
2.5986,1.3315,0.5326,0.2211,171909003.39,0.1171,severe_recession,125
2.4101,1.2384,0.4954,0.2051,148293094.51,0.101,severe_recession,126
2.1411,1.39,0.556,0.1822,147875063.95,0.1007,severe_recession,127
2.1593,1.3267,0.5307,0.1837,142334220.13,0.097,severe_recession,128
2.8075,1.4122,0.5649,0.2389,196990197.32,0.1342,severe_recession,129
2.5792,1.333,0.5332,0.2194,170820875.63,0.1164,severe_recession,130
2.1031,1.3517,0.5407,0.1789,141245066.07,0.0962,severe_recession,131
2.3548,1.157,0.4628,0.2004,135363767.63,0.0922,severe_recession,132
2.3688,1.2519,0.5008,0.2015,147341962.1,0.1004,severe_recession,133
2.3977,1.3049,0.522,0.204,155454872.46,0.1059,severe_recession,134
2.7513,1.2105,0.4842,0.2341,165473828.13,0.1127,severe_recession,135
2.2033,1.3341,0.5336,0.1875,146046540.27,0.0995,severe_recession,136
2.4585,1.4792,0.5917,0.2092,180686488.12,0.1231,severe_recession,137
1.9955,1.194,0.4776,0.1698,118377903.15,0.0807,severe_recession,138
2.2982,1.3406,0.5362,0.1955,153076511.66,0.1043,severe_recession,139
2.2793,1.4394,0.5758,0.1939,163008406.0,0.1111,severe_recession,140
2.7238,1.271,0.5084,0.2317,172000352.69,0.1172,severe_recession,141
2.7617,1.2587,0.5035,0.235,172717368.31,0.1177,severe_recession,142
2.7897,1.3061,0.5224,0.2374,181026937.83,0.1233,severe_recession,143
2.7955,1.4668,0.5867,0.2378,203720540.0,0.1388,severe_recession,144
2.6428,1.2062,0.4825,0.2249,158390276.79,0.1079,severe_recession,145
2.17,1.2169,0.4868,0.1846,131204932.95,0.0894,severe_recession,146
1.7931,1.4148,0.5659,0.1526,126049544.47,0.0859,severe_recession,147
2.6111,1.2922,0.5169,0.2222,167638947.3,0.1142,severe_recession,148
2.4294,1.2111,0.4844,0.2067,146184215.9,0.0996,severe_recession,149
2.4521,1.4636,0.5854,0.2086,178311925.34,0.1215,severe_recession,150
2.4527,1.3134,0.5254,0.2087,160049706.38,0.109,severe_recession,151
2.6074,1.4343,0.5737,0.2219,185809509.39,0.1266,severe_recession,152
2.3301,1.3662,0.5465,0.1983,158166592.2,0.1078,severe_recession,153
2.645,1.1516,0.4606,0.225,151341102.99,0.1031,severe_recession,154
2.3956,1.4064,0.5626,0.2038,167401013.0,0.1141,severe_recession,155
2.4727,1.3354,0.5342,0.2104,164062036.51,0.1118,severe_recession,156
2.7896,1.2832,0.5133,0.2373,177845146.99,0.1212,severe_recession,157
2.4416,1.3368,0.5347,0.2077,162166764.18,0.1105,severe_recession,158
2.694,1.2918,0.5167,0.2292,172917948.12,0.1178,severe_recession,159
2.2039,1.3196,0.5278,0.1875,144491345.74,0.0984,severe_recession,160
2.4108,1.1809,0.4724,0.2051,141453947.34,0.0964,severe_recession,161
2.5505,1.2433,0.4973,0.217,157549139.25,0.1073,severe_recession,162
2.319,1.3913,0.5565,0.1973,160305204.6,0.1092,severe_recession,163
2.2896,1.4096,0.5638,0.1948,160351677.38,0.1092,severe_recession,164
2.2241,1.4302,0.5721,0.1892,158042355.8,0.1077,severe_recession,165
2.1327,1.289,0.5156,0.1815,136580959.81,0.0931,severe_recession,166
2.7287,1.3435,0.5374,0.2322,182143692.28,0.1241,severe_recession,167
2.9079,1.2339,0.4936,0.2474,178270493.91,0.1215,severe_recession,168
2.2493,1.388,0.5552,0.1914,155121890.97,0.1057,severe_recession,169
2.7023,1.4158,0.5663,0.2299,190086506.72,0.1295,severe_recession,170
2.4794,1.1832,0.4733,0.211,145758333.55,0.0993,severe_recession,171
2.3626,1.2182,0.4873,0.201,143001593.87,0.0974,severe_recession,172
2.3921,1.3224,0.529,0.2035,157167771.06,0.1071,severe_recession,173
2.6922,1.336,0.5344,0.2291,178698773.74,0.1217,severe_recession,174
2.2664,1.2368,0.4947,0.1928,139267553.28,0.0949,severe_recession,175
2.5199,1.2266,0.4907,0.2144,153575547.94,0.1046,severe_recession,176
2.1254,1.3569,0.5428,0.1808,143291067.54,0.0976,severe_recession,177
2.5487,1.1968,0.4787,0.2169,151553550.72,0.1033,severe_recession,178
2.652,1.3299,0.5319,0.2256,175228766.38,0.1194,severe_recession,179
2.4048,1.3526,0.541,0.2046,161611685.76,0.1101,severe_recession,180
2.5958,1.4544,0.5818,0.2209,187576482.27,0.1278,severe_recession,181
2.4826,1.2474,0.4989,0.2112,153856092.58,0.1048,severe_recession,182
2.0984,1.2268,0.4907,0.1785,127907440.22,0.0871,severe_recession,183
2.3531,1.2773,0.5109,0.2002,149329084.29,0.1017,severe_recession,184
2.3262,1.4608,0.5843,0.1979,168833278.59,0.115,severe_recession,185
3.0463,1.2696,0.5078,0.2592,192161580.49,0.1309,severe_recession,186
2.8736,1.3771,0.5509,0.2445,196618602.46,0.134,severe_recession,187
2.2912,1.3276,0.5311,0.1949,151135840.53,0.103,severe_recession,188
2.2832,1.435,0.574,0.1943,162784903.41,0.1109,severe_recession,189
2.3814,1.1882,0.4753,0.2026,140584076.04,0.0958,severe_recession,190
2.7254,1.2926,0.5171,0.2319,175039248.94,0.1193,severe_recession,191
2.0335,1.2419,0.4968,0.173,125474740.06,0.0855,severe_recession,192
2.2803,1.3821,0.5528,0.194,156586560.37,0.1067,severe_recession,193
2.0846,1.2301,0.492,0.1774,127404907.65,0.0868,severe_recession,194
2.2445,1.2589,0.5036,0.191,140394180.52,0.0957,severe_recession,195
3.1311,1.3108,0.5243,0.2664,203916373.42,0.1389,severe_recession,196
2.8692,1.5871,0.6349,0.2441,226254111.19,0.1541,severe_recession,197
2.5135,1.3519,0.5407,0.2139,168822101.36,0.115,severe_recession,198
2.2447,1.1939,0.4776,0.191,133156158.95,0.0907,severe_recession,199
2.5574,1.3646,0.5458,0.2176,173390576.11,0.1181,severe_recession,200
2.0318,1.3638,0.5455,0.1729,137672720.82,0.0938,severe_recession,201
2.4336,1.3182,0.5273,0.2071,159381197.88,0.1086,severe_recession,202
2.8993,1.4051,0.562,0.2467,202401856.18,0.1379,severe_recession,203
2.3589,1.3103,0.5241,0.2007,153565790.45,0.1046,severe_recession,204
2.611,1.4183,0.5673,0.2222,183987970.44,0.1254,severe_recession,205
2.2586,1.3878,0.5551,0.1922,155729979.86,0.1061,severe_recession,206
2.2675,1.3403,0.5361,0.1929,151003129.12,0.1029,severe_recession,207
2.8131,1.3066,0.5226,0.2393,182616215.91,0.1244,severe_recession,208
2.5198,1.3746,0.5499,0.2144,172100895.89,0.1173,severe_recession,209
2.3254,1.0972,0.4389,0.1979,126763308.11,0.0864,severe_recession,210
2.6584,1.4404,0.5761,0.2262,190242378.07,0.1296,severe_recession,211
2.6841,1.2939,0.5176,0.2284,172557049.53,0.1176,severe_recession,212
2.8459,1.2266,0.4907,0.2421,173440703.78,0.1182,severe_recession,213
2.3261,1.1912,0.4765,0.1979,137671319.48,0.0938,severe_recession,214
2.5848,1.2815,0.5126,0.2199,164573718.93,0.1121,severe_recession,215
2.5861,1.2525,0.501,0.22,160931147.38,0.1096,severe_recession,216
2.1655,1.3928,0.5571,0.1843,149858514.31,0.1021,severe_recession,217
1.9186,1.2959,0.5184,0.1632,123529280.5,0.0842,severe_recession,218
2.7039,1.2714,0.5086,0.2301,170806570.7,0.1164,severe_recession,219
2.7168,1.1513,0.4605,0.2312,155399404.48,0.1059,severe_recession,220
2.9129,1.2663,0.5065,0.2478,183271048.67,0.1249,severe_recession,221
2.5966,1.2622,0.5049,0.2209,162847442.8,0.1109,severe_recession,222
2.7098,1.4549,0.5819,0.2306,195878097.79,0.1335,severe_recession,223
2.2674,1.3696,0.5479,0.1929,154298078.02,0.1051,severe_recession,224
2.4489,1.2605,0.5042,0.2084,153372923.03,0.1045,severe_recession,225
2.5654,1.3022,0.5209,0.2183,165975174.52,0.1131,severe_recession,226
2.6651,1.2517,0.5007,0.2268,165747407.7,0.1129,severe_recession,227
2.8087,1.1766,0.4706,0.239,164195802.15,0.1119,severe_recession,228
2.6925,1.2735,0.5094,0.2291,170363122.96,0.1161,severe_recession,229
2.0758,1.2025,0.481,0.1766,124023328.61,0.0845,severe_recession,230
2.4282,1.1823,0.4729,0.2066,142644416.98,0.0972,severe_recession,231
2.7389,1.3858,0.5543,0.233,188587919.63,0.1285,severe_recession,232
2.7836,1.3647,0.5459,0.2368,188746569.79,0.1286,severe_recession,233
2.965,1.3237,0.5295,0.2523,195004735.64,0.1329,severe_recession,234
2.5138,1.4519,0.5808,0.2139,181338721.36,0.1235,severe_recession,235
2.3783,1.2203,0.4881,0.2024,144200921.77,0.0982,severe_recession,236
2.1825,1.3214,0.5286,0.1857,143292368.98,0.0976,severe_recession,237
2.6679,1.3021,0.5208,0.227,172593789.73,0.1176,severe_recession,238
2.8235,1.3137,0.5255,0.2402,184295456.88,0.1256,severe_recession,239
2.3474,1.3879,0.5552,0.1997,161875585.5,0.1103,severe_recession,240
2.4778,1.3495,0.5398,0.2108,166135149.24,0.1132,severe_recession,241
2.4295,1.3558,0.5423,0.2067,163659002.43,0.1115,severe_recession,242
2.9274,1.2515,0.5006,0.2491,182029132.91,0.124,severe_recession,243
2.7423,1.378,0.5512,0.2333,187755613.22,0.1279,severe_recession,244
2.4951,1.2335,0.4934,0.2123,152911657.77,0.1042,severe_recession,245
2.5805,1.3251,0.5301,0.2196,169897703.32,0.1158,severe_recession,246
2.8294,1.4034,0.5614,0.2407,197292846.37,0.1344,severe_recession,247
2.4926,1.2318,0.4927,0.2121,152546523.53,0.1039,severe_recession,248
2.6519,1.1668,0.4667,0.2256,153733480.61,0.1047,severe_recession,249
2.6892,1.2899,0.516,0.2288,172354660.07,0.1174,severe_recession,250
2.253,1.4371,0.5749,0.1917,160876335.71,0.1096,severe_recession,251
3.0937,1.2309,0.4923,0.2632,189196393.49,0.1289,severe_recession,252
1.8855,1.3805,0.5522,0.1604,129331799.83,0.0881,severe_recession,253
1.9854,1.3886,0.5554,0.1689,136977061.91,0.0933,severe_recession,254
2.2272,1.3166,0.5266,0.1895,145690043.71,0.0993,severe_recession,255
2.3578,1.2474,0.4989,0.2006,146123754.62,0.0996,severe_recession,256
2.4214,1.2971,0.5188,0.206,156048156.33,0.1063,severe_recession,257
2.8748,1.3686,0.5474,0.2446,195485361.92,0.1332,severe_recession,258
2.3969,1.2644,0.5057,0.2039,150575258.46,0.1026,severe_recession,259
2.7786,1.3416,0.5366,0.2364,185209104.39,0.1262,severe_recession,260
2.7781,1.3086,0.5235,0.2364,180627894.8,0.1231,severe_recession,261
2.4618,1.4212,0.5685,0.2095,173837288.28,0.1184,severe_recession,262
2.5482,1.3124,0.525,0.2168,166162300.52,0.1132,severe_recession,263
2.4532,1.3019,0.5208,0.2087,158690331.91,0.1081,severe_recession,264
2.4201,1.2872,0.5149,0.2059,154778852.09,0.1055,severe_recession,265
2.24,1.35,0.54,0.1906,150248684.35,0.1024,severe_recession,266
2.3988,1.2189,0.4875,0.2041,145268339.48,0.099,severe_recession,267
2.445,1.3297,0.5319,0.208,161536310.81,0.1101,severe_recession,268
2.2292,1.2658,0.5063,0.1897,140191202.76,0.0955,severe_recession,269
2.52,1.2891,0.5157,0.2144,161404692.38,0.11,severe_recession,270
2.5586,1.1008,0.4403,0.2177,139938232.88,0.0953,severe_recession,271
2.4872,1.3317,0.5327,0.2116,164566737.46,0.1121,severe_recession,272
2.4167,1.3766,0.5506,0.2056,165290782.73,0.1126,severe_recession,273
2.3186,1.1982,0.4793,0.1973,138028353.52,0.094,severe_recession,274
2.6675,1.274,0.5096,0.227,168845966.37,0.115,severe_recession,275
2.4539,1.4454,0.5782,0.2088,176226899.87,0.1201,severe_recession,276
2.4646,1.1683,0.4673,0.2097,143059338.74,0.0975,severe_recession,277
2.3712,1.2636,0.5054,0.2018,148872512.08,0.1014,severe_recession,278
2.6736,1.3301,0.532,0.2275,176688692.09,0.1204,severe_recession,279
2.7189,1.1576,0.463,0.2313,156376163.5,0.1065,severe_recession,280
2.354,1.2294,0.4918,0.2003,143791498.33,0.098,severe_recession,281
2.5422,1.3432,0.5373,0.2163,169663085.52,0.1156,severe_recession,282
2.2936,1.4527,0.5811,0.1951,165540253.64,0.1128,severe_recession,283
2.3403,1.3806,0.5522,0.1991,160537582.7,0.1094,severe_recession,284
2.6929,1.4007,0.5603,0.2291,187413723.06,0.1277,severe_recession,285
2.4248,1.2392,0.4957,0.2063,149295485.45,0.1017,severe_recession,286
2.8402,1.3723,0.5489,0.2417,193649039.04,0.1319,severe_recession,287
2.5068,1.3049,0.5219,0.2133,162523357.2,0.1107,severe_recession,288
2.1359,1.2165,0.4866,0.1817,129102979.63,0.088,severe_recession,289
2.7393,1.1814,0.4726,0.2331,160797443.61,0.1096,severe_recession,290
2.0801,1.2719,0.5088,0.177,131451418.89,0.0896,severe_recession,291
2.4757,1.3657,0.5463,0.2106,167990218.29,0.1145,severe_recession,292
2.1776,1.2661,0.5065,0.1853,136990893.33,0.0933,severe_recession,293
2.7562,1.281,0.5124,0.2345,175427294.77,0.1195,severe_recession,294
2.3718,1.3326,0.5331,0.2018,157041806.98,0.107,severe_recession,295
2.3104,1.2117,0.4847,0.1966,139093135.94,0.0948,severe_recession,296
2.3812,1.4346,0.5738,0.2026,169727772.1,0.1156,severe_recession,297
2.4711,1.3065,0.5226,0.2103,160404076.1,0.1093,severe_recession,298
2.4171,1.3151,0.526,0.2057,157931179.85,0.1076,severe_recession,299
2.5316,1.3561,0.5424,0.2154,170573641.38,0.1162,severe_recession,300
2.8156,1.2811,0.5124,0.2396,179216917.62,0.1221,severe_recession,301
2.3002,1.4392,0.5757,0.1957,164476085.44,0.1121,severe_recession,302
2.4679,1.3769,0.5508,0.21,168826888.13,0.115,severe_recession,303
2.2765,1.3204,0.5282,0.1937,149348181.98,0.1018,severe_recession,304
2.3837,1.3576,0.5431,0.2028,160789728.19,0.1095,severe_recession,305
2.2111,1.1707,0.4683,0.1881,128614482.82,0.0876,severe_recession,306
2.3724,1.3666,0.5466,0.2019,161082592.34,0.1097,severe_recession,307
2.4617,1.3643,0.5457,0.2095,166871191.4,0.1137,severe_recession,308
2.5873,1.2335,0.4934,0.2201,158566251.96,0.108,severe_recession,309
2.1241,1.293,0.5172,0.1807,136458835.51,0.093,severe_recession,310
2.2263,1.3996,0.5598,0.1894,154818653.81,0.1055,severe_recession,311
2.4813,1.3417,0.5367,0.2111,165406708.77,0.1127,severe_recession,312
1.8968,1.2317,0.4927,0.1614,116079056.85,0.0791,severe_recession,313
2.527,1.213,0.4852,0.215,152302239.78,0.1038,severe_recession,314
2.5142,1.2933,0.5173,0.2139,161558806.51,0.1101,severe_recession,315
2.3421,1.3025,0.521,0.1993,151563123.93,0.1033,severe_recession,316
2.4654,1.4995,0.5998,0.2098,183675917.86,0.1251,severe_recession,317
3.0815,1.2234,0.4893,0.2622,187302343.15,0.1276,severe_recession,318
2.7835,1.2118,0.4847,0.2368,167595758.96,0.1142,severe_recession,319
2.5992,1.2721,0.5088,0.2212,164279960.1,0.1119,severe_recession,320
2.8445,1.3571,0.5428,0.242,191798034.08,0.1307,severe_recession,321
2.6307,1.2671,0.5068,0.2238,165618874.76,0.1128,severe_recession,322
2.6538,1.2923,0.5169,0.2258,170394211.78,0.1161,severe_recession,323
2.541,1.3742,0.5497,0.2162,173498239.52,0.1182,severe_recession,324
2.6222,1.2303,0.4921,0.2231,160282932.06,0.1092,severe_recession,325
2.7024,1.3365,0.5346,0.2299,179445712.16,0.1223,severe_recession,326
2.7435,1.2813,0.5125,0.2334,174651763.02,0.119,severe_recession,327
2.4681,1.1972,0.4789,0.21,146808666.96,0.1,severe_recession,328
2.6245,1.2745,0.5098,0.2233,166187784.4,0.1132,severe_recession,329
2.8774,1.3183,0.5273,0.2448,188466799.1,0.1284,severe_recession,330
2.4272,1.268,0.5072,0.2065,152910838.44,0.1042,severe_recession,331
2.3535,1.2773,0.5109,0.2002,149357664.02,0.1018,severe_recession,332
2.3067,1.2411,0.4965,0.1963,142244478.05,0.0969,severe_recession,333
2.8237,1.2056,0.4822,0.2403,169135927.02,0.1152,severe_recession,334
2.3818,1.315,0.526,0.2026,155610989.55,0.106,severe_recession,335
2.5105,1.2479,0.4992,0.2136,155661526.48,0.1061,severe_recession,336
2.3292,1.1915,0.4766,0.1982,137891909.05,0.0939,severe_recession,337
2.6989,1.2868,0.5147,0.2296,172554477.58,0.1176,severe_recession,338
2.0699,1.2756,0.5102,0.1761,131181980.75,0.0894,severe_recession,339
2.9716,1.1939,0.4775,0.2528,176268272.6,0.1201,severe_recession,340
2.4409,1.2914,0.5165,0.2077,156612022.23,0.1067,severe_recession,341
1.9647,1.3214,0.5285,0.1672,128986728.99,0.0879,severe_recession,342
2.3119,1.3711,0.5485,0.1967,157497785.71,0.1073,severe_recession,343
2.6338,1.1342,0.4537,0.2241,148422979.49,0.1011,severe_recession,344
2.7136,1.3457,0.5383,0.2309,181437714.95,0.1236,severe_recession,345
2.4802,1.3681,0.5472,0.211,168583388.78,0.1149,severe_recession,346
2.0075,1.2902,0.5161,0.1708,128694110.51,0.0877,severe_recession,347
2.2766,1.3639,0.5455,0.1937,154270058.68,0.1051,severe_recession,348
2.5912,1.2447,0.4979,0.2205,160250484.79,0.1092,severe_recession,349
2.5816,1.4122,0.5649,0.2197,181142505.21,0.1234,severe_recession,350
2.8337,1.3944,0.5578,0.2411,196320188.67,0.1338,severe_recession,351
2.6076,1.3373,0.5349,0.2219,173259448.06,0.118,severe_recession,352
2.7249,1.2705,0.5082,0.2318,172009479.48,0.1172,severe_recession,353
2.2333,1.3504,0.5402,0.19,149847567.16,0.1021,severe_recession,354
2.991,1.2329,0.4932,0.2545,183221945.32,0.1248,severe_recession,355
2.5874,1.3681,0.5472,0.2201,175878211.29,0.1198,severe_recession,356
2.6264,1.3389,0.5356,0.2235,174723864.81,0.119,severe_recession,357
2.5059,1.2701,0.5081,0.2132,158138131.89,0.1077,severe_recession,358
2.182,1.3152,0.5261,0.1857,142588319.19,0.0971,severe_recession,359
2.4757,1.2588,0.5035,0.2106,154845529.91,0.1055,severe_recession,360
2.4346,1.3821,0.5528,0.2071,167178698.71,0.1139,severe_recession,361
1.999,1.2513,0.5005,0.1701,124282445.53,0.0847,severe_recession,362
2.3741,1.3145,0.5258,0.202,155058605.3,0.1056,severe_recession,363
2.3065,1.2163,0.4865,0.1962,139384462.58,0.095,severe_recession,364
2.4814,1.3658,0.5463,0.2111,168387202.59,0.1147,severe_recession,365
2.3814,1.4171,0.5668,0.2026,167668721.4,0.1142,severe_recession,366
2.5876,1.2923,0.5169,0.2202,166147733.71,0.1132,severe_recession,367
2.5829,1.2461,0.4985,0.2198,159917210.55,0.109,severe_recession,368
2.5779,1.4056,0.5623,0.2193,180040968.27,0.1227,severe_recession,369
2.4361,1.168,0.4672,0.2073,141370750.06,0.0963,severe_recession,370
2.8388,1.2747,0.5099,0.2415,179789152.16,0.1225,severe_recession,371
2.6404,1.3363,0.5345,0.2247,175309589.84,0.1194,severe_recession,372
2.7235,1.2348,0.4939,0.2317,167087520.79,0.1138,severe_recession,373
2.4865,1.387,0.5548,0.2116,171351844.29,0.1167,severe_recession,374
2.5312,1.2023,0.4809,0.2154,151211408.66,0.103,severe_recession,375
2.8223,1.2496,0.4998,0.2401,175224585.93,0.1194,severe_recession,376
2.8252,1.5462,0.6185,0.2404,217039414.71,0.1479,severe_recession,377
2.5704,1.2369,0.4948,0.2187,157962902.61,0.1076,severe_recession,378
2.4404,1.2066,0.4826,0.2076,146301950.12,0.0997,severe_recession,379
2.1524,1.3307,0.5323,0.1831,142312056.13,0.097,severe_recession,380
2.6269,1.3323,0.5329,0.2235,173886365.89,0.1185,severe_recession,381
2.3718,1.3844,0.5538,0.2018,163149287.69,0.1112,severe_recession,382
2.3319,1.1675,0.467,0.1984,135267201.19,0.0922,severe_recession,383
2.7416,1.421,0.5684,0.2333,193563760.82,0.1319,severe_recession,384
2.8913,1.2076,0.483,0.246,173474921.64,0.1182,severe_recession,385
2.2456,1.4807,0.5923,0.1911,165208548.39,0.1126,severe_recession,386
2.256,1.2526,0.501,0.1919,140401040.2,0.0957,severe_recession,387
2.4075,1.1731,0.4693,0.2048,140328553.91,0.0956,severe_recession,388
2.6358,1.2711,0.5084,0.2243,166458492.76,0.1134,severe_recession,389
2.8076,1.3632,0.5453,0.2389,190154888.27,0.1296,severe_recession,390
2.248,1.2849,0.514,0.1913,143517678.99,0.0978,severe_recession,391
2.5833,1.3858,0.5543,0.2198,177861741.54,0.1212,severe_recession,392
2.7313,1.2688,0.5075,0.2324,172188484.22,0.1173,severe_recession,393
2.4046,1.3848,0.5539,0.2046,165451533.36,0.1127,severe_recession,394
2.4167,1.309,0.5236,0.2056,157176961.51,0.1071,severe_recession,395
2.2916,1.301,0.5204,0.195,148126075.12,0.1009,severe_recession,396
2.3,1.2991,0.5196,0.1957,148450087.06,0.1011,severe_recession,397
2.5877,1.1377,0.4551,0.2202,146275058.25,0.0997,severe_recession,398
2.5939,1.2248,0.4899,0.2207,157846445.38,0.1075,severe_recession,399
2.7068,1.2301,0.492,0.2303,165432231.51,0.1127,severe_recession,400
2.3559,1.163,0.4652,0.2004,136132419.1,0.0927,severe_recession,401
2.7666,1.2526,0.501,0.2354,172181387.04,0.1173,severe_recession,402
2.4218,1.3611,0.5445,0.2061,163779976.07,0.1116,severe_recession,403
2.658,1.3433,0.5373,0.2262,177407807.76,0.1209,severe_recession,404
2.3963,1.1905,0.4762,0.2039,141739209.32,0.0966,severe_recession,405
2.7973,1.3139,0.5256,0.238,182615808.56,0.1244,severe_recession,406
2.4142,1.3086,0.5234,0.2054,156966233.17,0.1069,severe_recession,407
2.7705,1.2767,0.5107,0.2357,175734654.58,0.1197,severe_recession,408
2.551,1.2298,0.4919,0.2171,155874060.44,0.1062,severe_recession,409
2.5909,1.3262,0.5305,0.2204,170711551.17,0.1163,severe_recession,410
2.5027,1.1246,0.4498,0.2129,139831809.31,0.0953,severe_recession,411
2.6731,1.2434,0.4974,0.2274,165137661.63,0.1125,severe_recession,412
2.67,1.3247,0.5299,0.2272,175734084.69,0.1197,severe_recession,413
2.8639,1.329,0.5316,0.2437,189108473.63,0.1288,severe_recession,414
2.5642,1.1717,0.4687,0.2182,149271077.5,0.1017,severe_recession,415
1.9183,1.1948,0.4779,0.1632,113870703.75,0.0776,severe_recession,416
2.5173,1.1958,0.4783,0.2142,149558931.7,0.1019,severe_recession,417
2.7043,1.34,0.536,0.2301,180052580.7,0.1227,severe_recession,418
2.4318,1.3719,0.5488,0.2069,165754400.95,0.1129,severe_recession,419
2.4791,1.3684,0.5473,0.2109,168549608.1,0.1148,severe_recession,420
2.5183,1.2799,0.5119,0.2143,160142051.15,0.1091,severe_recession,421
2.789,1.1642,0.4657,0.2373,161322503.69,0.1099,severe_recession,422
2.7132,1.3823,0.5529,0.2309,186344767.0,0.127,severe_recession,423
2.4091,1.2495,0.4998,0.205,149564624.31,0.1019,severe_recession,424
3.0101,1.064,0.4256,0.2561,159127178.64,0.1084,severe_recession,425
2.7186,1.131,0.4524,0.2313,152772732.09,0.1041,severe_recession,426
2.029,1.3551,0.542,0.1726,136607571.12,0.0931,severe_recession,427
2.8702,1.3596,0.5438,0.2442,193886285.19,0.1321,severe_recession,428
2.513,1.3323,0.5329,0.2138,166341184.49,0.1133,severe_recession,429
2.2459,1.2686,0.5074,0.1911,141551893.84,0.0964,severe_recession,430
2.6145,1.3924,0.557,0.2224,180873931.35,0.1232,severe_recession,431
2.9134,1.3825,0.553,0.2479,200116549.69,0.1363,severe_recession,432
2.3377,1.2605,0.5042,0.1989,146411580.47,0.0998,severe_recession,433
2.5709,1.293,0.5172,0.2187,165155023.94,0.1125,severe_recession,434
2.6251,1.36,0.544,0.2234,177388898.28,0.1209,severe_recession,435
2.8356,1.4175,0.567,0.2413,199708832.63,0.1361,severe_recession,436
2.1374,1.3675,0.547,0.1819,145223753.45,0.0989,severe_recession,437
2.6879,1.2603,0.5041,0.2287,168307946.16,0.1147,severe_recession,438
2.5494,1.3141,0.5256,0.2169,166451974.42,0.1134,severe_recession,439
2.3608,1.3171,0.5268,0.2009,154483594.6,0.1052,severe_recession,440
2.667,1.3083,0.5233,0.2269,173358034.19,0.1181,severe_recession,441
2.589,1.3436,0.5374,0.2203,172833592.92,0.1178,severe_recession,442
2.8024,1.2181,0.4872,0.2384,169598649.45,0.1155,severe_recession,443
2.7147,1.1724,0.469,0.231,158133772.1,0.1077,severe_recession,444
2.2377,1.2715,0.5086,0.1904,141370330.59,0.0963,severe_recession,445
2.6713,1.3687,0.5475,0.2273,181664893.5,0.1238,severe_recession,446
2.1316,1.2147,0.4859,0.1814,128648030.42,0.0876,severe_recession,447
2.5619,1.3522,0.5409,0.218,172121669.39,0.1173,severe_recession,448
2.2536,1.3647,0.5459,0.1917,152805677.54,0.1041,severe_recession,449
2.3772,1.4341,0.5737,0.2023,169383811.12,0.1154,severe_recession,450
2.6282,1.2646,0.5058,0.2236,165134612.99,0.1125,severe_recession,451
3.2946,1.2222,0.4889,0.2803,200067224.1,0.1363,severe_recession,452
2.1013,1.2333,0.4933,0.1788,128759166.1,0.0877,severe_recession,453
1.8662,1.2684,0.5074,0.1588,117607686.99,0.0801,severe_recession,454
2.7357,1.3382,0.5353,0.2328,181892833.13,0.1239,severe_recession,455
2.3573,1.3543,0.5417,0.2006,158624972.0,0.1081,severe_recession,456
2.4648,1.2597,0.5039,0.2097,154272119.05,0.1051,severe_recession,457
2.3279,1.3692,0.5477,0.1981,158360037.11,0.1079,severe_recession,458
2.4367,1.2075,0.483,0.2073,146182725.74,0.0996,severe_recession,459
2.5651,1.3186,0.5275,0.2183,168058422.43,0.1145,severe_recession,460
2.8333,1.2481,0.4993,0.2411,175702630.44,0.1197,severe_recession,461
2.3391,1.1405,0.4562,0.199,132545198.24,0.0903,severe_recession,462
2.3175,1.2709,0.5084,0.1972,146338050.62,0.0997,severe_recession,463
2.0789,1.3558,0.5423,0.1769,140041883.09,0.0954,severe_recession,464
2.3921,1.2844,0.5137,0.2035,152644356.49,0.104,severe_recession,465
2.3446,1.3426,0.537,0.1995,156398785.0,0.1066,severe_recession,466
2.8835,1.325,0.53,0.2453,189832064.38,0.1293,severe_recession,467
2.5394,1.4444,0.5778,0.2161,182243426.02,0.1242,severe_recession,468
2.4999,1.4881,0.5952,0.2127,184834601.33,0.1259,severe_recession,469
2.0406,1.4223,0.5689,0.1736,144204241.57,0.0982,severe_recession,470
2.9017,1.2037,0.4815,0.2469,173537439.81,0.1182,severe_recession,471
2.2987,1.257,0.5028,0.1956,143556908.97,0.0978,severe_recession,472
2.5477,1.5026,0.601,0.2168,190195153.51,0.1296,severe_recession,473
2.7066,1.2637,0.5055,0.2303,169935126.43,0.1158,severe_recession,474
2.6575,1.3157,0.5263,0.2261,173724352.43,0.1184,severe_recession,475
2.7616,1.2487,0.4995,0.235,171337354.0,0.1167,severe_recession,476
2.3375,1.2398,0.4959,0.1989,143981801.79,0.0981,severe_recession,477
2.5947,1.3356,0.5342,0.2208,172175838.07,0.1173,severe_recession,478
2.0669,1.3679,0.5472,0.1759,140477763.08,0.0957,severe_recession,479
2.2902,1.3565,0.5426,0.1949,154353694.06,0.1052,severe_recession,480
2.5869,1.281,0.5124,0.2201,164644925.36,0.1122,severe_recession,481
2.6681,1.3916,0.5567,0.227,184479395.6,0.1257,severe_recession,482
2.2648,1.2886,0.5154,0.1927,145005463.03,0.0988,severe_recession,483
2.4799,1.3065,0.5226,0.211,160982831.38,0.1097,severe_recession,484
2.6737,1.1334,0.4534,0.2275,150564293.49,0.1026,severe_recession,485
2.3289,1.3226,0.5291,0.1982,153046081.23,0.1043,severe_recession,486
2.7529,1.267,0.5068,0.2342,173301246.25,0.1181,severe_recession,487
2.6364,1.2067,0.4827,0.2243,158071980.28,0.1077,severe_recession,488
2.6179,1.3222,0.5289,0.2227,171982507.76,0.1172,severe_recession,489
2.3132,1.3133,0.5253,0.1968,150942430.84,0.1028,severe_recession,490
2.303,1.2415,0.4966,0.196,142055496.08,0.0968,severe_recession,491
2.5073,1.2686,0.5074,0.2133,158029493.81,0.1077,severe_recession,492
2.5059,1.2077,0.4831,0.2132,150371231.14,0.1024,severe_recession,493
2.1614,1.3814,0.5526,0.1839,148351682.5,0.1011,severe_recession,494
2.1999,1.2064,0.4826,0.1872,131860877.01,0.0898,severe_recession,495
2.6219,1.2198,0.4879,0.2231,158903418.61,0.1083,severe_recession,496
2.5426,1.3246,0.5298,0.2163,167332460.22,0.114,severe_recession,497
1.9042,1.2105,0.4842,0.162,114522255.42,0.078,severe_recession,498
2.2233,1.321,0.5284,0.1892,145922361.35,0.0994,severe_recession,499
2.234,1.1758,0.4703,0.1901,130513637.45,0.0889,severe_recession,500
2.959,1.2482,0.4993,0.2518,183512902.27,0.125,severe_recession,501
2.7087,1.2545,0.5018,0.2305,168835492.45,0.115,severe_recession,502
2.367,1.2831,0.5132,0.2014,150894725.3,0.1028,severe_recession,503
2.6642,1.3142,0.5257,0.2267,173965023.16,0.1185,severe_recession,504
2.9194,1.1776,0.471,0.2484,170808065.33,0.1164,severe_recession,505
3.1579,1.4159,0.5664,0.2687,222155272.15,0.1514,severe_recession,506
2.9269,1.3613,0.5445,0.249,197973215.91,0.1349,severe_recession,507
2.4065,1.2846,0.5138,0.2048,153591236.81,0.1046,severe_recession,508
2.4044,1.3451,0.538,0.2046,160686768.95,0.1095,severe_recession,509
2.2721,1.289,0.5156,0.1933,145518101.73,0.0991,severe_recession,510
2.4401,1.2646,0.5059,0.2076,153319132.55,0.1045,severe_recession,511
2.6096,1.4007,0.5603,0.222,181606978.96,0.1237,severe_recession,512
2.821,1.3324,0.533,0.24,186751852.64,0.1272,severe_recession,513
2.2789,1.3809,0.5523,0.1939,156351471.24,0.1065,severe_recession,514
2.3638,1.2384,0.4954,0.2011,145444915.32,0.0991,severe_recession,515
2.4468,1.3295,0.5318,0.2082,161633547.85,0.1101,severe_recession,516
2.4354,1.3713,0.5485,0.2072,165928862.99,0.113,severe_recession,517
2.4999,1.171,0.4684,0.2127,145448198.51,0.0991,severe_recession,518
2.7921,1.4348,0.5739,0.2376,199049907.76,0.1356,severe_recession,519
2.3066,1.3156,0.5262,0.1963,150768852.9,0.1027,severe_recession,520
2.6632,1.3075,0.523,0.2266,173008930.02,0.1179,severe_recession,521
2.7611,1.2923,0.5169,0.2349,177279244.88,0.1208,severe_recession,522
2.7594,1.2326,0.493,0.2348,168986100.91,0.1151,severe_recession,523
2.6789,1.2906,0.5162,0.2279,171779159.52,0.117,severe_recession,524
2.7831,1.358,0.5432,0.2368,187783640.06,0.1279,severe_recession,525
2.7738,1.1483,0.4593,0.236,158248670.42,0.1078,severe_recession,526
2.2732,1.1579,0.4632,0.1934,130777298.77,0.0891,severe_recession,527
2.4069,1.2286,0.4914,0.2048,146927783.69,0.1001,severe_recession,528
2.1163,1.2236,0.4894,0.1801,128661145.8,0.0877,severe_recession,529
2.7278,1.2252,0.4901,0.2321,166059753.25,0.1131,severe_recession,530
2.4895,1.2856,0.5142,0.2118,159013622.18,0.1083,severe_recession,531
2.4706,1.3536,0.5414,0.2102,166157766.07,0.1132,severe_recession,532
2.7439,1.2594,0.5037,0.2335,171688238.6,0.117,severe_recession,533
2.932,1.3453,0.5381,0.2495,195987390.34,0.1335,severe_recession,534
2.9183,1.2246,0.4898,0.2483,177557814.18,0.121,severe_recession,535
2.1366,1.376,0.5504,0.1818,146072437.95,0.0995,severe_recession,536
2.5901,1.2946,0.5178,0.2204,166596942.63,0.1135,severe_recession,537
2.4023,1.2702,0.5081,0.2044,151605517.42,0.1033,severe_recession,538
2.4952,1.2717,0.5087,0.2123,157659671.23,0.1074,severe_recession,539
2.307,1.1577,0.4631,0.1963,132695630.37,0.0904,severe_recession,540
2.5599,1.3473,0.5389,0.2178,171356972.85,0.1167,severe_recession,541
2.542,1.1869,0.4747,0.2163,149899362.63,0.1021,severe_recession,542
2.491,1.3191,0.5276,0.2119,163254858.5,0.1112,severe_recession,543
2.2246,1.2609,0.5043,0.1893,139364988.2,0.0949,severe_recession,544
2.6496,1.4566,0.5826,0.2254,191752255.92,0.1306,severe_recession,545
2.1821,1.3636,0.5454,0.1857,147838454.49,0.1007,severe_recession,546
2.2739,1.2105,0.4842,0.1935,136760621.13,0.0932,severe_recession,547
2.6443,1.1085,0.4434,0.225,145637846.24,0.0992,severe_recession,548
2.5444,1.2784,0.5114,0.2165,161616637.79,0.1101,severe_recession,549
2.0448,1.303,0.5212,0.174,132375055.4,0.0902,severe_recession,550
2.4525,1.2048,0.4819,0.2087,146813131.6,0.1,severe_recession,551
2.4419,1.337,0.5348,0.2078,162207951.79,0.1105,severe_recession,552
2.3982,1.3162,0.5265,0.204,156829415.16,0.1068,severe_recession,553
2.0637,1.3614,0.5446,0.1756,139593158.97,0.0951,severe_recession,554
2.1901,1.2733,0.5093,0.1863,138548802.08,0.0944,severe_recession,555
2.6118,1.2952,0.5181,0.2222,168068368.23,0.1145,severe_recession,556
2.0871,1.3016,0.5206,0.1776,134970318.62,0.092,severe_recession,557
2.7949,1.3292,0.5317,0.2378,184572912.11,0.1257,severe_recession,558
2.3163,1.2931,0.5173,0.1971,148819075.5,0.1014,severe_recession,559
2.7848,1.2067,0.4827,0.2369,166965888.97,0.1138,severe_recession,560
2.3281,1.2113,0.4845,0.1981,140120832.7,0.0955,severe_recession,561
2.4596,1.3296,0.5319,0.2093,162486704.55,0.1107,severe_recession,562
2.339,1.2888,0.5155,0.199,149774926.06,0.102,severe_recession,563
2.2774,1.3741,0.5496,0.1938,155485752.04,0.1059,severe_recession,564
2.3753,1.3606,0.5442,0.2021,160572608.06,0.1094,severe_recession,565
2.8026,1.2973,0.5189,0.2385,180642168.89,0.1231,severe_recession,566
2.0338,1.2305,0.4922,0.173,124341231.18,0.0847,severe_recession,567
2.2224,1.2714,0.5085,0.1891,140386113.21,0.0956,severe_recession,568
2.3642,1.282,0.5128,0.2012,150592102.19,0.1026,severe_recession,569
2.6265,1.3581,0.5433,0.2235,177235244.59,0.1208,severe_recession,570
2.5012,1.2059,0.4824,0.2128,149857482.18,0.1021,severe_recession,571
2.5861,1.4315,0.5726,0.22,183934867.93,0.1253,severe_recession,572
2.6127,1.3232,0.5293,0.2223,171764167.58,0.117,severe_recession,573
2.4332,1.1961,0.4785,0.207,144607584.64,0.0985,severe_recession,574
2.4204,1.2268,0.4907,0.2059,147533887.77,0.1005,severe_recession,575
2.8649,1.2989,0.5196,0.2438,184892160.99,0.126,severe_recession,576
2.4921,1.2586,0.5034,0.212,155839906.5,0.1062,severe_recession,577
2.5076,1.3142,0.5257,0.2134,163735855.5,0.1116,severe_recession,578
2.4652,1.3401,0.536,0.2097,164139932.26,0.1118,severe_recession,579
2.3273,1.2878,0.5151,0.198,148909289.93,0.1015,severe_recession,580
2.5927,1.4345,0.5738,0.2206,184787887.13,0.1259,severe_recession,581
2.8518,1.3431,0.5373,0.2426,190308534.88,0.1297,severe_recession,582
2.4289,1.2139,0.4856,0.2067,146491962.73,0.0998,severe_recession,583
2.3458,1.2771,0.5108,0.1996,148843577.47,0.1014,severe_recession,584
2.2949,1.3216,0.5286,0.1953,150694899.92,0.1027,severe_recession,585
1.865,1.3907,0.5563,0.1587,128866599.53,0.0878,severe_recession,586
2.505,1.2452,0.4981,0.2131,154982735.55,0.1056,severe_recession,587
2.5059,1.449,0.5796,0.2132,180413917.47,0.1229,severe_recession,588
2.3439,1.2984,0.5194,0.1994,151211205.64,0.103,severe_recession,589
2.5975,1.2641,0.5056,0.221,163140065.86,0.1111,severe_recession,590
2.5581,1.1898,0.4759,0.2177,151230692.03,0.103,severe_recession,591
2.0307,1.4295,0.5718,0.1728,144227585.59,0.0983,severe_recession,592
2.1553,1.4535,0.5814,0.1834,155649288.81,0.106,severe_recession,593
2.0908,1.3331,0.5332,0.1779,138485547.92,0.0944,severe_recession,594
2.2744,1.3412,0.5365,0.1935,151559201.92,0.1033,severe_recession,595
2.434,1.3623,0.5449,0.2071,164746252.25,0.1122,severe_recession,596
2.156,1.3259,0.5304,0.1834,142027513.49,0.0968,severe_recession,597
2.8106,1.4213,0.5685,0.2391,198479403.22,0.1352,severe_recession,598
2.8287,1.3019,0.5207,0.2407,182971773.32,0.1247,severe_recession,599
2.5107,1.2009,0.4804,0.2136,149807253.52,0.1021,severe_recession,600
2.1785,1.2899,0.516,0.1854,139619143.06,0.0951,severe_recession,601
3.1451,1.2167,0.4867,0.2676,190123070.41,0.1295,severe_recession,602
2.4943,1.3201,0.528,0.2122,163599327.52,0.1115,severe_recession,603
2.1671,1.3285,0.5314,0.1844,143042113.54,0.0975,severe_recession,604
2.766,1.403,0.5612,0.2353,192819329.72,0.1314,severe_recession,605
2.8409,1.2881,0.5153,0.2417,181824102.69,0.1239,severe_recession,606
2.6925,1.1345,0.4538,0.2291,151775015.53,0.1034,severe_recession,607
2.3722,1.2723,0.5089,0.2018,149950608.54,0.1022,severe_recession,608
2.4828,1.3588,0.5435,0.2113,167626173.44,0.1142,severe_recession,609
2.2968,1.3606,0.5443,0.1954,155274776.56,0.1058,severe_recession,610
2.2722,1.2155,0.4862,0.1933,137225577.58,0.0935,severe_recession,611
2.7725,1.4041,0.5616,0.2359,193415916.29,0.1318,severe_recession,612
2.5631,1.2897,0.5159,0.2181,164243093.25,0.1119,severe_recession,613
2.4304,1.2836,0.5134,0.2068,154995564.12,0.1056,severe_recession,614
2.5788,1.0377,0.4151,0.2194,132959009.36,0.0906,severe_recession,615
1.8362,1.335,0.534,0.1562,121795090.72,0.083,severe_recession,616
2.4628,1.2874,0.515,0.2095,157534357.41,0.1073,severe_recession,617
2.2104,1.2972,0.5189,0.1881,142462601.04,0.0971,severe_recession,618
2.7433,1.1908,0.4763,0.2334,162303842.7,0.1106,severe_recession,619
2.7512,1.2404,0.4962,0.2341,169553752.91,0.1155,severe_recession,620
2.1488,1.3775,0.551,0.1828,147061397.5,0.1002,severe_recession,621
2.1718,1.2422,0.4969,0.1848,134042375.41,0.0913,severe_recession,622
2.5186,1.14,0.456,0.2143,142653149.14,0.0972,severe_recession,623
2.9663,1.1094,0.4438,0.2524,163510305.79,0.1114,severe_recession,624
2.6221,1.3239,0.5295,0.2231,172468123.91,0.1175,severe_recession,625
2.6191,1.2401,0.496,0.2228,161375398.92,0.1099,severe_recession,626
2.7614,1.3459,0.5384,0.2349,184657032.1,0.1258,severe_recession,627
2.4997,1.2837,0.5135,0.2127,159439709.4,0.1086,severe_recession,628
2.9173,1.2543,0.5017,0.2482,181813259.29,0.1239,severe_recession,629
2.2737,1.1835,0.4734,0.1935,133698826.14,0.0911,severe_recession,630
2.0108,1.4367,0.5747,0.1711,143532157.0,0.0978,severe_recession,631
2.4457,1.2238,0.4895,0.2081,148709734.24,0.1013,severe_recession,632
2.3725,1.3274,0.531,0.2019,156471240.64,0.1066,severe_recession,633
2.7372,1.2175,0.487,0.2329,165577033.07,0.1128,severe_recession,634
2.2991,1.1134,0.4453,0.1956,127180634.97,0.0866,severe_recession,635
2.9241,1.3429,0.5372,0.2488,195106096.21,0.1329,severe_recession,636
2.3671,1.3205,0.5282,0.2014,155300623.47,0.1058,severe_recession,637
2.7925,1.4665,0.5866,0.2376,203474634.82,0.1386,severe_recession,638
2.8919,1.2586,0.5035,0.2461,180844974.94,0.1232,severe_recession,639
2.4357,1.3908,0.5563,0.2072,168307461.35,0.1147,severe_recession,640
2.8359,1.4349,0.574,0.2413,202177058.37,0.1377,severe_recession,641
2.4071,1.3017,0.5207,0.2048,155671560.92,0.1061,severe_recession,642
2.404,1.3458,0.5383,0.2045,160741742.97,0.1095,severe_recession,643
2.4531,1.1739,0.4696,0.2087,143075648.63,0.0975,severe_recession,644
2.4576,1.2808,0.5123,0.2091,156389400.72,0.1065,severe_recession,645
2.3978,1.2468,0.4987,0.204,148536677.85,0.1012,severe_recession,646
2.7121,1.266,0.5064,0.2308,170600482.42,0.1162,severe_recession,647
2.0084,1.2654,0.5062,0.1709,126271569.04,0.086,severe_recession,648
2.1668,1.3529,0.5412,0.1844,145654892.48,0.0992,severe_recession,649
2.5357,1.2394,0.4958,0.2157,156142469.98,0.1064,severe_recession,650
2.8726,1.4086,0.5634,0.2444,201042354.52,0.137,severe_recession,651
2.4737,1.3829,0.5531,0.2105,169959881.08,0.1158,severe_recession,652
2.3842,1.3748,0.5499,0.2029,162856788.15,0.111,severe_recession,653
2.5438,1.251,0.5004,0.2164,158109209.47,0.1077,severe_recession,654
2.2577,1.2459,0.4983,0.1921,139752589.18,0.0952,severe_recession,655
2.494,1.3105,0.5242,0.2122,162392063.77,0.1106,severe_recession,656
2.7626,1.2621,0.5048,0.2351,173233519.66,0.118,severe_recession,657
2.6437,1.2373,0.4949,0.2249,162524620.75,0.1107,severe_recession,658
2.2745,1.3264,0.5305,0.1935,149886984.06,0.1021,severe_recession,659
2.5031,1.2722,0.5089,0.213,158220835.96,0.1078,severe_recession,660
2.539,1.2509,0.5004,0.216,157803914.21,0.1075,severe_recession,661
2.6737,1.2737,0.5095,0.2275,169205996.73,0.1153,severe_recession,662
2.5337,1.1577,0.4631,0.2156,145741872.18,0.0993,severe_recession,663
2.8824,1.2264,0.4906,0.2452,175634257.01,0.1197,severe_recession,664
2.6281,1.248,0.4992,0.2236,162958434.91,0.111,severe_recession,665
2.7483,1.2665,0.5066,0.2338,172940185.52,0.1178,severe_recession,666
2.7442,1.142,0.4568,0.2335,155711567.11,0.1061,severe_recession,667
2.5491,1.4049,0.562,0.2169,177936639.0,0.1212,severe_recession,668
2.334,1.3336,0.5334,0.1986,154647203.4,0.1054,severe_recession,669
2.4742,1.2984,0.5194,0.2105,159610813.3,0.1087,severe_recession,670
2.1307,1.4135,0.5654,0.1813,149640124.02,0.1019,severe_recession,671
2.7102,1.3275,0.531,0.2306,178761602.55,0.1218,severe_recession,672
2.4465,1.3831,0.5532,0.2082,168122445.35,0.1145,severe_recession,673
2.088,1.2305,0.4922,0.1777,127648627.49,0.087,severe_recession,674
2.5083,1.354,0.5416,0.2134,168743293.11,0.115,severe_recession,675
2.9301,1.2122,0.4849,0.2493,176475440.3,0.1202,severe_recession,676
2.8224,1.2457,0.4983,0.2401,174688580.48,0.119,severe_recession,677
2.2793,1.3587,0.5435,0.1939,153870368.74,0.1048,severe_recession,678
2.4042,1.382,0.5528,0.2046,165079323.52,0.1125,severe_recession,679
2.4772,1.1417,0.4567,0.2108,140519703.94,0.0957,severe_recession,680
2.7287,1.1954,0.4782,0.2322,162066950.32,0.1104,severe_recession,681
2.4913,1.282,0.5128,0.212,158692819.49,0.1081,severe_recession,682
2.589,1.2927,0.5171,0.2203,166286596.1,0.1133,severe_recession,683
2.5572,1.1787,0.4715,0.2176,149753791.47,0.102,severe_recession,684
2.4995,1.3252,0.5301,0.2127,164575623.93,0.1121,severe_recession,685
2.2208,1.3487,0.5395,0.189,148815282.38,0.1014,severe_recession,686
2.423,1.2657,0.5063,0.2062,152374360.63,0.1038,severe_recession,687
2.692,1.2513,0.5005,0.229,167364822.22,0.114,severe_recession,688
2.581,1.433,0.5732,0.2196,183760343.44,0.1252,severe_recession,689
2.1526,1.3347,0.5339,0.1832,142750316.78,0.0973,severe_recession,690
2.3556,1.269,0.5076,0.2004,148521765.03,0.1012,severe_recession,691
2.5411,1.0504,0.4202,0.2162,132618751.82,0.0904,severe_recession,692
2.621,1.256,0.5024,0.223,163568712.58,0.1114,severe_recession,693
2.2795,1.3039,0.5215,0.1939,147670907.79,0.1006,severe_recession,694
2.6241,1.2758,0.5103,0.2233,166335518.77,0.1133,severe_recession,695
2.6786,1.2946,0.5178,0.2279,172287868.32,0.1174,severe_recession,696
1.9191,1.4745,0.5898,0.1633,140595406.72,0.0958,severe_recession,697
2.37,1.4166,0.5667,0.2017,166816179.78,0.1137,severe_recession,698
2.1227,1.2341,0.4936,0.1806,130151180.07,0.0887,severe_recession,699
2.1526,1.4077,0.5631,0.1831,150552585.3,0.1026,severe_recession,700
1.7689,1.3032,0.5213,0.1505,114534661.24,0.078,severe_recession,701
2.3868,1.3465,0.5386,0.2031,159678238.69,0.1088,severe_recession,702
2.2475,1.3162,0.5265,0.1912,146977869.12,0.1001,severe_recession,703
2.2319,1.4234,0.5694,0.1899,157851722.74,0.1075,severe_recession,704
2.517,1.4291,0.5716,0.2142,178718830.91,0.1218,severe_recession,705
2.9018,1.3728,0.5491,0.2469,197920789.45,0.1348,severe_recession,706
2.7419,1.3508,0.5403,0.2333,184012693.18,0.1254,severe_recession,707
2.4541,1.2946,0.5179,0.2088,157855721.81,0.1075,severe_recession,708
2.4166,1.2304,0.4921,0.2056,147726239.43,0.1006,severe_recession,709
2.6029,1.1879,0.4751,0.2215,153620952.45,0.1047,severe_recession,710
2.0291,1.3618,0.5447,0.1726,137288949.53,0.0935,severe_recession,711
2.5455,1.3972,0.5589,0.2166,176714121.95,0.1204,severe_recession,712
2.7391,1.3463,0.5385,0.2331,183222358.8,0.1248,severe_recession,713
2.4938,1.246,0.4984,0.2122,154378721.17,0.1052,severe_recession,714
2.462,1.3481,0.5392,0.2095,164897453.46,0.1123,severe_recession,715
2.858,1.367,0.5468,0.2432,194110199.15,0.1322,severe_recession,716
2.6211,1.279,0.5116,0.223,166568969.09,0.1135,severe_recession,717
2.6191,1.3649,0.546,0.2228,177612400.42,0.121,severe_recession,718
2.1696,1.4054,0.5621,0.1846,151490413.04,0.1032,severe_recession,719
2.5081,1.3411,0.5364,0.2134,167118710.71,0.1139,severe_recession,720
2.5303,1.2001,0.48,0.2153,150866105.85,0.1028,severe_recession,721
2.509,1.2981,0.5192,0.2135,161817661.64,0.1102,severe_recession,722
2.0908,1.3556,0.5423,0.1779,140823337.76,0.0959,severe_recession,723
2.4816,1.2407,0.4963,0.2111,152972962.46,0.1042,severe_recession,724
2.6996,1.2881,0.5152,0.2297,172768853.82,0.1177,severe_recession,725
2.5349,1.1933,0.4773,0.2157,150293040.34,0.1024,severe_recession,726
2.2397,1.3338,0.5335,0.1906,148427590.0,0.1011,severe_recession,727
2.5966,1.2875,0.515,0.2209,166104170.26,0.1132,severe_recession,728
2.2117,1.2697,0.5079,0.1882,139523225.39,0.0951,severe_recession,729
2.2798,1.2708,0.5083,0.194,143949026.53,0.0981,severe_recession,730
2.9066,1.293,0.5172,0.2473,186727150.64,0.1272,severe_recession,731
2.6203,1.2112,0.4845,0.2229,157685280.23,0.1074,severe_recession,732
2.321,1.2761,0.5104,0.1975,147156021.42,0.1003,severe_recession,733
3.0516,1.2633,0.5053,0.2596,191542676.56,0.1305,severe_recession,734
2.5996,1.3142,0.5257,0.2212,169751142.54,0.1157,severe_recession,735
2.5751,1.4717,0.5887,0.2191,188292994.38,0.1283,severe_recession,736
2.1924,1.4401,0.576,0.1865,156867620.44,0.1069,severe_recession,737
2.2379,1.1613,0.4645,0.1904,129128510.33,0.088,severe_recession,738
2.7155,1.2267,0.4907,0.231,165507312.79,0.1128,severe_recession,739
2.4539,1.3062,0.5225,0.2088,159259449.9,0.1085,severe_recession,740
2.4613,1.2871,0.5148,0.2094,157397695.0,0.1072,severe_recession,741
2.4802,1.4271,0.5708,0.211,175859403.0,0.1198,severe_recession,742
2.7519,1.3251,0.53,0.2341,181175014.1,0.1234,severe_recession,743
2.4126,1.3384,0.5354,0.2053,160432881.25,0.1093,severe_recession,744
2.5463,1.5183,0.6073,0.2166,192086290.41,0.1309,severe_recession,745
2.2669,1.327,0.5308,0.1929,149460680.71,0.1018,severe_recession,746
2.8147,1.2499,0.4999,0.2395,174790215.5,0.1191,severe_recession,747
2.6247,1.1923,0.4769,0.2233,155482534.42,0.1059,severe_recession,748
3.1936,1.3793,0.5517,0.2717,218864030.42,0.1491,severe_recession,749
2.2338,1.3065,0.5226,0.1901,145003745.19,0.0988,severe_recession,750
1.8016,1.2994,0.5198,0.1533,116316071.77,0.0792,severe_recession,751
2.5674,1.4237,0.5695,0.2184,181601685.09,0.1237,severe_recession,752
2.8643,1.3582,0.5433,0.2437,193293847.42,0.1317,severe_recession,753
2.3294,1.3401,0.536,0.1982,155094044.36,0.1057,severe_recession,754
2.5857,1.3291,0.5316,0.22,170752824.45,0.1163,severe_recession,755
2.6701,1.2547,0.5019,0.2272,166459387.01,0.1134,severe_recession,756
2.3674,1.2495,0.4998,0.2014,146969884.16,0.1001,severe_recession,757
2.4382,1.2045,0.4818,0.2074,145917914.24,0.0994,severe_recession,758
2.5172,1.3361,0.5344,0.2142,167094876.41,0.1138,severe_recession,759
2.3806,1.3806,0.5522,0.2026,163295382.46,0.1113,severe_recession,760
2.5498,1.4429,0.5772,0.2169,182799855.12,0.1245,severe_recession,761
2.6486,1.3007,0.5203,0.2254,171166838.77,0.1166,severe_recession,762
2.3551,1.2604,0.5042,0.2004,147483945.44,0.1005,severe_recession,763
2.8773,1.3113,0.5245,0.2448,187466072.29,0.1277,severe_recession,764
2.0352,1.322,0.5288,0.1732,133682723.77,0.0911,severe_recession,765
2.6417,1.4271,0.5708,0.2248,187308633.78,0.1276,severe_recession,766
2.5928,1.291,0.5164,0.2206,166316462.81,0.1133,severe_recession,767
2.3181,1.1781,0.4712,0.1972,135683275.52,0.0924,severe_recession,768
2.0502,1.2705,0.5082,0.1744,129421189.82,0.0882,severe_recession,769
2.7795,1.216,0.4864,0.2365,167929974.24,0.1144,severe_recession,770
2.2504,1.2459,0.4984,0.1915,139309419.58,0.0949,severe_recession,771
2.2661,1.3457,0.5383,0.1928,151514095.09,0.1032,severe_recession,772
2.5833,1.4947,0.5979,0.2198,191844006.26,0.1307,severe_recession,773
2.5175,1.2354,0.4941,0.2142,154524837.57,0.1053,severe_recession,774
2.6333,1.3672,0.5469,0.224,178881222.23,0.1219,severe_recession,775
2.102,1.3466,0.5387,0.1788,140639872.02,0.0958,severe_recession,776
2.7468,1.2084,0.4834,0.2337,164922732.38,0.1124,severe_recession,777
2.4918,1.3118,0.5247,0.212,162409319.63,0.1106,severe_recession,778
2.6795,1.3886,0.5554,0.228,184864309.52,0.1259,severe_recession,779
2.6453,1.3104,0.5242,0.2251,172232824.93,0.1173,severe_recession,780
2.2687,1.3248,0.5299,0.193,149336381.83,0.1017,severe_recession,781
2.4256,1.3605,0.5442,0.2064,163957342.12,0.1117,severe_recession,782
2.2717,1.3228,0.5291,0.1933,149305174.02,0.1017,severe_recession,783
2.8013,1.4038,0.5615,0.2383,195380592.12,0.1331,severe_recession,784
2.3513,1.301,0.5204,0.2001,151989076.67,0.1036,severe_recession,785
3.1939,1.2049,0.482,0.2718,191211605.29,0.1303,severe_recession,786
2.5171,1.3524,0.541,0.2142,169141970.39,0.1152,severe_recession,787
2.3794,1.2616,0.5046,0.2024,149142920.21,0.1016,severe_recession,788
2.2941,1.2209,0.4883,0.1952,139153763.28,0.0948,severe_recession,789
2.3559,1.199,0.4796,0.2004,140348859.97,0.0956,severe_recession,790
2.5682,1.3811,0.5524,0.2185,176227054.32,0.1201,severe_recession,791
2.62,1.3733,0.5493,0.2229,178763891.62,0.1218,severe_recession,792
2.6066,1.283,0.5132,0.2218,166161216.27,0.1132,severe_recession,793
2.4169,1.3629,0.5452,0.2056,163661853.62,0.1115,severe_recession,794
2.2101,1.3721,0.5489,0.188,150672071.24,0.1027,severe_recession,795
2.2917,1.3268,0.5307,0.195,151068236.04,0.1029,severe_recession,796
2.3216,1.1503,0.4601,0.1975,132687125.24,0.0904,severe_recession,797
2.3796,1.3334,0.5333,0.2025,157645282.79,0.1074,severe_recession,798
2.3538,1.2773,0.5109,0.2003,149376450.38,0.1018,severe_recession,799
2.567,1.2854,0.5142,0.2184,163943820.77,0.1117,severe_recession,800
2.4499,1.3044,0.5217,0.2084,158770609.5,0.1082,severe_recession,801
2.2784,1.3197,0.5279,0.1939,149394912.89,0.1018,severe_recession,802
2.4942,1.24,0.496,0.2122,153665986.15,0.1047,severe_recession,803
2.6326,1.3121,0.5248,0.224,171618234.94,0.1169,severe_recession,804
2.3986,1.3409,0.5364,0.2041,159800004.44,0.1089,severe_recession,805
2.0926,1.2545,0.5018,0.178,130428395.49,0.0889,severe_recession,806
2.6381,1.1058,0.4423,0.2245,144946521.06,0.0988,severe_recession,807
2.7118,1.2204,0.4881,0.2307,164426823.68,0.112,severe_recession,808
2.3581,1.5204,0.6082,0.2006,178138171.6,0.1214,severe_recession,809
2.2562,1.3107,0.5243,0.192,146922644.29,0.1001,severe_recession,810
2.3119,1.3613,0.5445,0.1967,156369794.26,0.1065,severe_recession,811
2.3419,1.4977,0.5991,0.1993,174263850.13,0.1187,severe_recession,812
2.0284,1.2342,0.4937,0.1726,124382748.51,0.0847,severe_recession,813
2.4093,1.3505,0.5402,0.205,161667856.74,0.1101,severe_recession,814
2.2879,1.2876,0.515,0.1947,146363231.93,0.0997,severe_recession,815
3.0476,1.3228,0.5291,0.2593,200307970.58,0.1365,severe_recession,816
2.7614,1.3708,0.5483,0.235,188081099.07,0.1281,severe_recession,817
2.7286,1.2573,0.5029,0.2322,170443273.24,0.1161,severe_recession,818
3.0468,1.1489,0.4596,0.2592,173926373.34,0.1185,severe_recession,819
2.4489,1.1956,0.4782,0.2084,145472726.92,0.0991,severe_recession,820
2.1702,1.1684,0.4674,0.1846,125986716.91,0.0858,severe_recession,821
2.9175,1.2606,0.5043,0.2482,182734553.13,0.1245,severe_recession,822
2.7705,1.3485,0.5394,0.2357,185628364.84,0.1265,severe_recession,823
2.2154,1.1416,0.4566,0.1885,125652683.78,0.0856,severe_recession,824
2.3648,1.2275,0.491,0.2012,144221486.25,0.0983,severe_recession,825
2.6261,1.2261,0.4904,0.2234,159973313.96,0.109,severe_recession,826
2.5695,1.3079,0.5231,0.2186,166965327.7,0.1138,severe_recession,827
1.9872,1.4064,0.5625,0.1691,138852956.9,0.0946,severe_recession,828
2.4025,1.2949,0.518,0.2044,154565352.89,0.1053,severe_recession,829
2.5744,1.3151,0.526,0.219,168214531.32,0.1146,severe_recession,830
2.23,1.5427,0.6171,0.1897,170932359.6,0.1165,severe_recession,831
3.0975,1.2373,0.4949,0.2635,190423313.32,0.1297,severe_recession,832
3.198,1.3259,0.5304,0.2721,210675121.95,0.1435,severe_recession,833
2.4752,1.3706,0.5482,0.2106,168551625.36,0.1148,severe_recession,834
2.4388,1.3992,0.5597,0.2075,169544819.01,0.1155,severe_recession,835
2.1841,1.2499,0.5,0.1858,135639994.34,0.0924,severe_recession,836
3.1818,1.3303,0.5321,0.2707,210305151.39,0.1433,severe_recession,837
2.4488,1.2954,0.5181,0.2084,157604168.2,0.1074,severe_recession,838
2.2635,1.3316,0.5326,0.1926,149749810.3,0.102,severe_recession,839
2.383,1.3322,0.5329,0.2028,157739171.85,0.1075,severe_recession,840
3.3326,1.3247,0.5299,0.2836,219351417.74,0.1494,severe_recession,841
2.7788,1.3396,0.5359,0.2364,184956348.05,0.126,severe_recession,842
2.1046,1.357,0.5428,0.1791,141896283.38,0.0967,severe_recession,843
2.5526,1.3683,0.5473,0.2172,173534517.15,0.1182,severe_recession,844
1.8945,1.3179,0.5272,0.1612,124054010.62,0.0845,severe_recession,845
2.624,1.3563,0.5425,0.2233,176818755.54,0.1205,severe_recession,846
2.5498,1.368,0.5472,0.2169,173304116.04,0.1181,severe_recession,847
2.1511,1.3986,0.5594,0.183,149483494.2,0.1018,severe_recession,848
2.3614,1.2526,0.501,0.2009,146959866.1,0.1001,severe_recession,849
2.8205,1.4193,0.5677,0.24,198897977.14,0.1355,severe_recession,850
2.613,1.3935,0.5574,0.2223,180917277.72,0.1233,severe_recession,851
2.3678,1.2984,0.5194,0.2015,152749745.97,0.1041,severe_recession,852
2.3221,1.2601,0.504,0.1976,145383448.13,0.099,severe_recession,853
2.9207,1.3755,0.5502,0.2485,199603082.95,0.136,severe_recession,854
2.168,1.2302,0.4921,0.1845,132507457.65,0.0903,severe_recession,855
2.4254,1.2667,0.5067,0.2064,152637229.67,0.104,severe_recession,856
2.5204,1.3968,0.5587,0.2144,174915793.38,0.1192,severe_recession,857
2.5506,1.1715,0.4686,0.217,148456916.64,0.1011,severe_recession,858
2.1139,1.2706,0.5082,0.1799,133447568.67,0.0909,severe_recession,859
3.1665,1.36,0.544,0.2694,213962339.39,0.1458,severe_recession,860
2.5837,1.2793,0.5117,0.2198,164230563.12,0.1119,severe_recession,861
2.5434,1.294,0.5176,0.2164,163519291.6,0.1114,severe_recession,862
2.3794,1.2937,0.5175,0.2024,152943484.42,0.1042,severe_recession,863
2.1179,1.4371,0.5748,0.1802,151225690.79,0.103,severe_recession,864
2.4603,1.2234,0.4894,0.2093,149549009.61,0.1019,severe_recession,865
2.6837,1.3261,0.5304,0.2283,176817011.42,0.1205,severe_recession,866
2.7708,1.3535,0.5414,0.2358,186329226.35,0.1269,severe_recession,867
2.481,1.3613,0.5445,0.2111,167805075.84,0.1143,severe_recession,868
2.5079,1.2851,0.514,0.2134,160128269.79,0.1091,severe_recession,869
2.7183,1.1626,0.465,0.2313,157017685.59,0.107,severe_recession,870
2.4542,1.3582,0.5433,0.2088,165616679.13,0.1128,severe_recession,871
2.5289,1.3156,0.5262,0.2152,165298412.4,0.1126,severe_recession,872
2.6929,1.3326,0.533,0.2291,178290773.64,0.1215,severe_recession,873
2.6713,1.3654,0.5462,0.2273,181224992.87,0.1235,severe_recession,874
2.559,1.2255,0.4902,0.2177,155809863.38,0.1062,severe_recession,875
2.3492,1.1912,0.4765,0.1999,139038722.09,0.0947,severe_recession,876
2.7591,1.3556,0.5422,0.2348,185829326.31,0.1266,severe_recession,877
2.8058,1.292,0.5168,0.2387,180109039.18,0.1227,severe_recession,878
2.8118,1.3372,0.5349,0.2392,186814568.44,0.1273,severe_recession,879
2.6306,1.2926,0.517,0.2238,168941070.7,0.1151,severe_recession,880
3.012,1.2882,0.5153,0.2563,192785524.62,0.1313,severe_recession,881
2.496,1.2026,0.481,0.2124,149139019.76,0.1016,severe_recession,882
1.9212,1.3522,0.5409,0.1635,129074011.29,0.0879,severe_recession,883
2.217,1.1698,0.4679,0.1886,128849404.31,0.0878,severe_recession,884
2.6645,1.3065,0.5226,0.2267,172970801.81,0.1178,severe_recession,885
2.6235,1.3366,0.5346,0.2232,174225720.45,0.1187,severe_recession,886
2.7633,1.3147,0.5259,0.2351,180499676.25,0.123,severe_recession,887
2.5311,1.2339,0.4936,0.2154,155170858.81,0.1057,severe_recession,888
2.0824,1.3613,0.5445,0.1772,140845518.71,0.096,severe_recession,889
2.5299,1.4151,0.566,0.2153,177873032.66,0.1212,severe_recession,890
2.8266,1.2117,0.4847,0.2405,170168863.33,0.1159,severe_recession,891
2.6466,1.2419,0.4968,0.2252,163308953.16,0.1113,severe_recession,892
2.2885,1.4142,0.5657,0.1947,160800501.48,0.1096,severe_recession,893
2.923,1.2552,0.5021,0.2487,182293602.33,0.1242,severe_recession,894
2.1047,1.1984,0.4793,0.1791,125314827.31,0.0854,severe_recession,895
2.744,1.2846,0.5138,0.2335,175136617.69,0.1193,severe_recession,896
2.6985,1.2784,0.5113,0.2296,171396904.0,0.1168,severe_recession,897
2.298,1.361,0.5444,0.1955,155400327.65,0.1059,severe_recession,898
2.4249,1.4513,0.5805,0.2063,174854588.03,0.1191,severe_recession,899
2.1611,1.1651,0.466,0.1839,125103580.22,0.0852,severe_recession,900
2.1247,1.3733,0.5493,0.1808,144965696.16,0.0988,severe_recession,901
2.1514,1.2446,0.4978,0.183,133033814.83,0.0906,severe_recession,902
2.647,1.1902,0.4761,0.2252,156525771.1,0.1066,severe_recession,903
2.6484,1.4254,0.5702,0.2253,187558830.19,0.1278,severe_recession,904
2.3049,1.3479,0.5392,0.1961,154360797.98,0.1052,severe_recession,905
2.5851,1.2277,0.4911,0.22,157685793.51,0.1074,severe_recession,906
2.3377,1.3133,0.5253,0.1989,152541795.97,0.1039,severe_recession,907
2.7925,1.2345,0.4938,0.2376,171272982.68,0.1167,severe_recession,908
2.36,1.2802,0.5121,0.2008,150113173.71,0.1023,severe_recession,909
2.3728,1.4757,0.5903,0.2019,173968113.27,0.1185,severe_recession,910
2.1702,1.3887,0.5555,0.1847,149745143.61,0.102,severe_recession,911
2.8039,1.2865,0.5146,0.2386,179221648.91,0.1221,severe_recession,912
2.7482,1.3821,0.5529,0.2338,188720738.42,0.1286,severe_recession,913
2.6428,1.3201,0.528,0.2249,173336570.75,0.1181,severe_recession,914
2.3119,1.2111,0.4845,0.1967,139121850.8,0.0948,severe_recession,915
2.2656,1.2078,0.4831,0.1928,135958319.39,0.0926,severe_recession,916
2.3421,1.2432,0.4973,0.1993,144664531.39,0.0986,severe_recession,917
2.7499,1.311,0.5244,0.234,179123250.89,0.122,severe_recession,918
2.587,1.279,0.5116,0.2201,164395375.58,0.112,severe_recession,919
2.1247,1.3706,0.5482,0.1808,144685090.1,0.0986,severe_recession,920
2.5393,1.2903,0.5161,0.2161,162793794.98,0.1109,severe_recession,921
2.3355,1.4308,0.5723,0.1987,166021833.88,0.1131,severe_recession,922
2.7102,1.2211,0.4884,0.2306,164427044.93,0.112,severe_recession,923
2.9764,1.3516,0.5406,0.2532,199873455.66,0.1362,severe_recession,924
2.4741,1.2212,0.4885,0.2105,150113569.89,0.1023,severe_recession,925
2.7279,1.2866,0.5146,0.2321,174381380.43,0.1188,severe_recession,926
2.405,1.3273,0.5309,0.2046,158607438.95,0.1081,severe_recession,927
2.4955,1.2331,0.4932,0.2123,152895028.78,0.1042,severe_recession,928
2.4482,1.1974,0.4789,0.2083,145645633.82,0.0992,severe_recession,929
2.5475,1.2672,0.5069,0.2167,160387884.56,0.1093,severe_recession,930
2.5649,1.4616,0.5846,0.2182,186253696.35,0.1269,severe_recession,931
2.5611,1.2869,0.5148,0.2179,163755001.83,0.1116,severe_recession,932
2.629,1.1934,0.4774,0.2237,155888500.43,0.1062,severe_recession,933
2.5049,1.2397,0.4959,0.2131,154291746.97,0.1051,severe_recession,934
2.6627,1.4067,0.5627,0.2266,186103949.18,0.1268,severe_recession,935
2.5099,1.4177,0.5671,0.2136,176797207.45,0.1205,severe_recession,936
2.6368,1.4081,0.5632,0.2244,184472480.83,0.1257,severe_recession,937
2.7067,1.3174,0.5269,0.2303,177163281.61,0.1207,severe_recession,938
2.7715,1.2808,0.5123,0.2358,176371320.81,0.1202,severe_recession,939
2.4264,1.3132,0.5253,0.2064,158314271.37,0.1079,severe_recession,940
2.4276,1.276,0.5104,0.2065,153899726.11,0.1049,severe_recession,941
2.1938,1.2453,0.4981,0.1867,135732224.1,0.0925,severe_recession,942
2.6587,1.459,0.5836,0.2262,192730392.13,0.1313,severe_recession,943
2.2189,1.3233,0.5293,0.1888,145884003.76,0.0994,severe_recession,944
2.3142,1.3737,0.5495,0.1969,157954645.56,0.1076,severe_recession,945
2.8621,1.2677,0.5071,0.2435,180266569.24,0.1228,severe_recession,946
2.5865,1.1806,0.4723,0.2201,151721098.17,0.1034,severe_recession,947
2.4098,1.3227,0.5291,0.205,158368974.79,0.1079,severe_recession,948
2.6773,1.2667,0.5067,0.2278,168504434.79,0.1148,severe_recession,949
2.2078,1.3949,0.558,0.1878,153010246.22,0.1042,severe_recession,950
2.6205,1.298,0.5192,0.223,169001423.1,0.1151,severe_recession,951
2.3602,1.329,0.5316,0.2008,155853988.9,0.1062,severe_recession,952
2.1533,1.1991,0.4797,0.1832,128290661.48,0.0874,severe_recession,953
2.2703,1.2507,0.5003,0.1932,141080289.88,0.0961,severe_recession,954
2.6243,1.3487,0.5395,0.2233,175853961.26,0.1198,severe_recession,955
2.9494,1.4,0.56,0.2509,205161357.57,0.1398,severe_recession,956
2.7011,1.2991,0.5196,0.2298,174337160.25,0.1188,severe_recession,957
2.6365,1.3295,0.5318,0.2243,174161751.55,0.1187,severe_recession,958
2.5758,1.2556,0.5022,0.2192,160683038.62,0.1095,severe_recession,959
2.6745,1.2975,0.519,0.2276,172410111.47,0.1175,severe_recession,960
2.5327,1.3524,0.541,0.2155,170183286.62,0.1159,severe_recession,961
2.682,1.2409,0.4963,0.2282,165354281.84,0.1127,severe_recession,962
2.7548,1.3592,0.5437,0.2344,186042701.13,0.1268,severe_recession,963
2.6921,1.2403,0.4961,0.2291,165902504.97,0.113,severe_recession,964
2.5827,1.2161,0.4864,0.2198,156056429.88,0.1063,severe_recession,965
2.1757,1.4003,0.5601,0.1851,151369574.91,0.1031,severe_recession,966
2.4714,1.2552,0.5021,0.2103,154123091.47,0.105,severe_recession,967
2.6141,1.2798,0.5119,0.2224,166217845.69,0.1132,severe_recession,968
2.6092,1.2879,0.5152,0.222,166957355.88,0.1137,severe_recession,969
2.7119,1.4219,0.5687,0.2307,191584360.61,0.1305,severe_recession,970
2.6019,1.3962,0.5585,0.2214,180496039.28,0.123,severe_recession,971
2.2688,1.2487,0.4995,0.193,140758709.91,0.0959,severe_recession,972
2.8374,1.3436,0.5374,0.2414,189412805.02,0.129,severe_recession,973
2.4371,1.318,0.5272,0.2074,159591931.61,0.1087,severe_recession,974
2.6179,1.4064,0.5626,0.2227,182934059.42,0.1246,severe_recession,975
2.3841,1.3326,0.533,0.2028,157846003.72,0.1075,severe_recession,976
2.2984,1.3929,0.5572,0.1956,159065368.05,0.1084,severe_recession,977
2.9109,1.2322,0.4929,0.2477,178211439.31,0.1214,severe_recession,978
2.4134,1.2834,0.5133,0.2053,153889018.12,0.1048,severe_recession,979
2.6274,1.2951,0.518,0.2236,169066452.41,0.1152,severe_recession,980
2.3246,1.2537,0.5015,0.1978,144798756.45,0.0987,severe_recession,981
2.5795,1.3054,0.5222,0.2195,167304433.46,0.114,severe_recession,982
2.6398,1.1578,0.4631,0.2246,151850908.94,0.1035,severe_recession,983
2.732,1.3601,0.544,0.2324,184619059.15,0.1258,severe_recession,984
2.4576,1.2787,0.5115,0.2091,156133746.95,0.1064,severe_recession,985
2.4263,1.3714,0.5485,0.2064,165316291.61,0.1126,severe_recession,986
2.4261,1.2542,0.5017,0.2064,151189581.34,0.103,severe_recession,987
2.6096,1.4075,0.563,0.222,182493237.8,0.1243,severe_recession,988
2.6731,1.3022,0.5209,0.2274,172952305.97,0.1178,severe_recession,989
2.5054,1.194,0.4776,0.2132,148632059.64,0.1013,severe_recession,990
2.7805,1.3139,0.5255,0.2366,181509980.96,0.1237,severe_recession,991
2.123,1.3267,0.5307,0.1806,139945419.23,0.0953,severe_recession,992
2.5853,1.4379,0.5752,0.22,184705688.83,0.1258,severe_recession,993
2.2874,1.2732,0.5093,0.1946,144693666.61,0.0986,severe_recession,994
2.5012,1.3373,0.5349,0.2128,166185281.39,0.1132,severe_recession,995
2.7224,1.2522,0.5009,0.2316,169373129.23,0.1154,severe_recession,996
2.4683,1.2637,0.5055,0.21,154982531.72,0.1056,severe_recession,997
2.8663,1.4113,0.5645,0.2439,200990883.92,0.1369,severe_recession,998
2.4277,1.2659,0.5064,0.2066,152693839.03,0.104,severe_recession,999
2.1381,1.3145,0.5258,0.1819,139640674.76,0.0951,severe_recession,1000
2.5395,1.2013,0.4805,0.2161,151573614.03,0.1033,severe_recession,1001
3.0618,1.2281,0.4912,0.2605,186826550.45,0.1273,severe_recession,1002
1.9782,1.3258,0.5303,0.1683,130303357.6,0.0888,severe_recession,1003
2.4631,1.2961,0.5184,0.2096,158616224.21,0.1081,severe_recession,1004
2.9219,1.1305,0.4522,0.2486,164118785.71,0.1118,severe_recession,1005
2.4719,1.2734,0.5094,0.2103,156394825.73,0.1066,severe_recession,1006
2.8749,1.2578,0.5031,0.2446,179658699.55,0.1224,severe_recession,1007
2.215,1.3258,0.5303,0.1885,145907122.05,0.0994,severe_recession,1008
2.4745,1.2171,0.4868,0.2105,149633342.45,0.1019,severe_recession,1009
2.8672,1.1876,0.475,0.244,169182934.44,0.1153,severe_recession,1010
2.3959,1.3905,0.5562,0.2038,165525973.43,0.1128,severe_recession,1011
2.7946,1.3874,0.555,0.2378,192643663.32,0.1312,severe_recession,1012
2.1178,1.2992,0.5197,0.1802,136701458.43,0.0931,severe_recession,1013
2.2468,1.0992,0.4397,0.1912,122701294.63,0.0836,severe_recession,1014
2.2258,1.3829,0.5532,0.1894,152929838.57,0.1042,severe_recession,1015
2.4901,1.3114,0.5246,0.2119,162248185.36,0.1105,severe_recession,1016
2.3862,1.2481,0.4992,0.203,147972214.03,0.1008,severe_recession,1017
2.7404,1.335,0.534,0.2332,181766524.15,0.1238,severe_recession,1018
2.1171,1.3337,0.5335,0.1801,140291022.62,0.0956,severe_recession,1019
2.29,1.337,0.5348,0.1948,152121915.39,0.1036,severe_recession,1020
2.2247,1.22,0.488,0.1893,134854396.81,0.0919,severe_recession,1021
2.3996,1.336,0.5344,0.2042,159288715.73,0.1085,severe_recession,1022
1.9415,1.4681,0.5872,0.1652,141616214.49,0.0965,severe_recession,1023
2.7605,1.2249,0.49,0.2349,168004196.4,0.1145,severe_recession,1024
2.8401,1.1405,0.4562,0.2417,160936730.17,0.1096,severe_recession,1025
2.4132,1.2241,0.4896,0.2053,146765890.12,0.1,severe_recession,1026
2.6381,1.2894,0.5158,0.2245,169013025.28,0.1151,severe_recession,1027
2.4018,1.2043,0.4817,0.2044,143711975.27,0.0979,severe_recession,1028
2.4012,1.325,0.53,0.2043,158072803.23,0.1077,severe_recession,1029
2.5286,1.2787,0.5115,0.2151,160650736.44,0.1095,severe_recession,1030
2.5252,1.2328,0.4931,0.2149,154670448.68,0.1054,severe_recession,1031
2.1237,1.2424,0.497,0.1807,131092796.98,0.0893,severe_recession,1032
2.7163,1.4192,0.5677,0.2311,191538299.73,0.1305,severe_recession,1033
2.4982,1.208,0.4832,0.2126,149940477.45,0.1022,severe_recession,1034
2.0167,1.3017,0.5207,0.1716,130430976.27,0.0889,severe_recession,1035
2.6704,1.1523,0.4609,0.2272,152883759.19,0.1042,severe_recession,1036
2.323,1.2802,0.5121,0.1976,147752746.95,0.1007,severe_recession,1037
2.8827,1.4281,0.5712,0.2453,204542574.43,0.1394,severe_recession,1038
2.1303,1.554,0.6216,0.1813,164478029.4,0.1121,severe_recession,1039
2.6356,1.2358,0.4943,0.2242,161827308.08,0.1103,severe_recession,1040
2.9186,1.2549,0.502,0.2483,181974400.03,0.124,severe_recession,1041
2.4275,1.4845,0.5938,0.2065,179046021.06,0.122,severe_recession,1042
2.7902,1.4622,0.5849,0.2374,202709392.97,0.1381,severe_recession,1043
2.5563,1.3166,0.5266,0.2175,167219519.97,0.1139,severe_recession,1044
2.3229,1.3317,0.5327,0.1976,153688231.29,0.1047,severe_recession,1045
2.5254,1.1542,0.4617,0.2149,144828279.24,0.0987,severe_recession,1046
2.5677,1.2703,0.5081,0.2185,162054176.34,0.1104,severe_recession,1047
1.9693,1.2671,0.5069,0.1676,123984985.89,0.0845,severe_recession,1048
2.1905,1.2729,0.5092,0.1864,138537924.68,0.0944,severe_recession,1049
2.3636,1.2519,0.5008,0.2011,147021799.08,0.1002,severe_recession,1050
2.454,1.2448,0.4979,0.2088,151772200.94,0.1034,severe_recession,1051
2.281,1.1864,0.4745,0.1941,134452216.3,0.0916,severe_recession,1052
2.606,1.237,0.4948,0.2217,160170883.87,0.1091,severe_recession,1053
2.5367,1.2867,0.5147,0.2158,162172976.52,0.1105,severe_recession,1054
2.3651,1.123,0.4492,0.2012,131961054.18,0.0899,severe_recession,1055
2.1827,1.2897,0.5159,0.1857,139861923.24,0.0953,severe_recession,1056
2.5626,1.385,0.554,0.218,176340800.07,0.1201,severe_recession,1057
2.586,1.4301,0.5721,0.22,183751789.62,0.1252,severe_recession,1058
2.6619,1.3009,0.5204,0.2265,172053283.61,0.1172,severe_recession,1059
2.8149,1.3224,0.529,0.2395,184947178.09,0.126,severe_recession,1060
2.4278,1.2622,0.5049,0.2066,152249228.12,0.1037,severe_recession,1061
2.4296,1.3312,0.5325,0.2067,160688183.82,0.1095,severe_recession,1062
2.293,1.2823,0.5129,0.1951,146088804.88,0.0995,severe_recession,1063
2.5028,1.2972,0.5189,0.2129,161309217.52,0.1099,severe_recession,1064
2.6523,1.3762,0.5505,0.2257,181349585.94,0.1236,severe_recession,1065
2.2096,1.2709,0.5084,0.188,139525151.58,0.0951,severe_recession,1066
2.6043,1.2947,0.5179,0.2216,167520586.63,0.1141,severe_recession,1067
2.2242,1.1068,0.4427,0.1892,122311806.16,0.0833,severe_recession,1068
2.873,1.3526,0.541,0.2444,193070108.82,0.1315,severe_recession,1069
2.7436,1.3354,0.5342,0.2334,182039082.72,0.124,severe_recession,1070
2.5777,1.2783,0.5113,0.2193,163708000.45,0.1115,severe_recession,1071
2.5719,1.3172,0.5269,0.2188,168318331.56,0.1147,severe_recession,1072
2.0263,1.387,0.5548,0.1724,139639136.64,0.0951,severe_recession,1073
2.603,1.3097,0.5239,0.2215,169384748.06,0.1154,severe_recession,1074
2.7382,1.3462,0.5385,0.233,183144902.29,0.1248,severe_recession,1075
2.8846,1.3182,0.5273,0.2454,188926561.31,0.1287,severe_recession,1076
2.8146,1.3317,0.5327,0.2395,186236312.43,0.1269,severe_recession,1077
2.6468,1.2347,0.4939,0.2252,162374981.53,0.1106,severe_recession,1078
2.3373,1.2899,0.516,0.1989,149794341.03,0.1021,severe_recession,1079
2.6029,1.1848,0.4739,0.2215,153228080.02,0.1044,severe_recession,1080
2.1703,1.4108,0.5643,0.1847,152133402.1,0.1036,severe_recession,1081
2.6125,1.2423,0.4969,0.2223,161246218.26,0.1099,severe_recession,1082
2.3961,1.4588,0.5835,0.2039,173665639.63,0.1183,severe_recession,1083
2.4979,1.3043,0.5217,0.2125,161874047.13,0.1103,severe_recession,1084
2.5222,1.3662,0.5465,0.2146,171210144.39,0.1166,severe_recession,1085
2.2616,1.1233,0.4493,0.1924,126222152.19,0.086,severe_recession,1086
2.491,1.3316,0.5326,0.2119,164803920.95,0.1123,severe_recession,1087
2.7096,1.2659,0.5064,0.2305,170424861.37,0.1161,severe_recession,1088
2.6858,1.2707,0.5083,0.2285,169573972.53,0.1155,severe_recession,1089
2.5729,1.2439,0.4975,0.2189,159007304.38,0.1083,severe_recession,1090
2.715,1.2588,0.5035,0.231,169806479.88,0.1157,severe_recession,1091
2.4188,1.2122,0.4849,0.2058,145671052.9,0.0992,severe_recession,1092
2.1595,1.2623,0.5049,0.1837,135440308.05,0.0923,severe_recession,1093
2.1862,1.332,0.5328,0.186,144685015.65,0.0986,severe_recession,1094
2.3554,1.4073,0.5629,0.2004,164698560.04,0.1122,severe_recession,1095
2.5403,1.279,0.5116,0.2161,161432941.22,0.11,severe_recession,1096
2.3877,1.4017,0.5607,0.2032,166288662.52,0.1133,severe_recession,1097
2.621,1.3725,0.549,0.223,178735295.06,0.1218,severe_recession,1098
2.7104,1.1902,0.4761,0.2306,160276485.41,0.1092,severe_recession,1099
2.4275,1.3041,0.5216,0.2065,157293640.23,0.1072,severe_recession,1100
2.6728,1.2296,0.4918,0.2274,163282977.31,0.1112,severe_recession,1101
2.6058,1.4129,0.5651,0.2217,182923790.77,0.1246,severe_recession,1102
2.7975,1.2426,0.4971,0.238,172715680.92,0.1177,severe_recession,1103
2.2734,1.3285,0.5314,0.1934,150061194.07,0.1022,severe_recession,1104
2.7165,1.3712,0.5485,0.2311,185073167.01,0.1261,severe_recession,1105
2.3929,1.4205,0.5682,0.2036,168885617.86,0.1151,severe_recession,1106
2.7647,1.2841,0.5136,0.2352,176384674.6,0.1202,severe_recession,1107
2.7078,1.208,0.4832,0.2304,162518908.53,0.1107,severe_recession,1108
2.6254,1.3025,0.521,0.2234,169899638.12,0.1158,severe_recession,1109
2.5126,1.2547,0.5019,0.2138,156629102.33,0.1067,severe_recession,1110
2.7553,1.3589,0.5436,0.2344,186030695.87,0.1267,severe_recession,1111
2.7398,1.3948,0.5579,0.2331,189861651.71,0.1294,severe_recession,1112
2.5607,1.1866,0.4746,0.2179,150969263.32,0.1029,severe_recession,1113
2.7471,1.3381,0.5353,0.2337,182640057.65,0.1244,severe_recession,1114
2.4588,1.2589,0.5036,0.2092,153795603.99,0.1048,severe_recession,1115
2.4,1.4026,0.561,0.2042,167245874.45,0.1139,severe_recession,1116
2.8159,1.2369,0.4947,0.2396,173048523.55,0.1179,severe_recession,1117
2.7412,1.2427,0.4971,0.2332,169256822.54,0.1153,severe_recession,1118
2.7252,1.3427,0.5371,0.2319,181802016.48,0.1239,severe_recession,1119
2.7052,1.2505,0.5002,0.2302,168085083.06,0.1145,severe_recession,1120
2.4379,1.3109,0.5244,0.2074,158782112.94,0.1082,severe_recession,1121
2.1216,1.228,0.4912,0.1805,129445715.76,0.0882,severe_recession,1122
2.4739,1.4513,0.5805,0.2105,178386733.27,0.1215,severe_recession,1123
2.4206,1.2477,0.4991,0.206,150061676.02,0.1022,severe_recession,1124
2.7652,1.3754,0.5501,0.2353,188963511.57,0.1287,severe_recession,1125
2.4534,1.3157,0.5263,0.2087,160379910.38,0.1093,severe_recession,1126
2.6276,1.255,0.502,0.2236,163839246.35,0.1116,severe_recession,1127
2.9606,1.3417,0.5367,0.2519,197363345.56,0.1345,severe_recession,1128
2.8294,1.2913,0.5165,0.2407,181530503.34,0.1237,severe_recession,1129
2.4851,1.2266,0.4906,0.2114,151447209.45,0.1032,severe_recession,1130
2.3525,1.2213,0.4885,0.2002,142752276.23,0.0973,severe_recession,1131
2.5907,1.4121,0.5649,0.2204,181768662.46,0.1238,severe_recession,1132
2.428,1.3962,0.5585,0.2066,168423875.36,0.1147,severe_recession,1133
2.4009,1.35,0.54,0.2043,161044275.63,0.1097,severe_recession,1134
2.4309,1.261,0.5044,0.2068,152300554.79,0.1038,severe_recession,1135
2.3687,1.2974,0.519,0.2015,152687518.88,0.104,severe_recession,1136
2.911,1.1841,0.4736,0.2477,171249619.78,0.1167,severe_recession,1137
2.8937,1.3484,0.5393,0.2462,193862255.79,0.1321,severe_recession,1138
2.4647,1.4326,0.573,0.2097,175439841.2,0.1195,severe_recession,1139
2.7388,1.267,0.5068,0.233,172413111.92,0.1175,severe_recession,1140
2.9213,1.2133,0.4853,0.2486,176105847.12,0.12,severe_recession,1141
2.5806,1.3,0.52,0.2196,166675846.92,0.1136,severe_recession,1142
2.7511,1.345,0.538,0.2341,183850856.19,0.1253,severe_recession,1143
2.5031,1.2642,0.5057,0.213,157228798.86,0.1071,severe_recession,1144
2.4138,1.2556,0.5022,0.2054,150584465.53,0.1026,severe_recession,1145
2.6516,1.3355,0.5342,0.2256,175944252.63,0.1199,severe_recession,1146
2.47,1.1929,0.4772,0.2102,146394422.65,0.0997,severe_recession,1147
3.2639,1.2622,0.5049,0.2777,204692371.77,0.1395,severe_recession,1148
2.3983,1.4039,0.5615,0.2041,167281008.75,0.114,severe_recession,1149
2.4597,1.1991,0.4796,0.2093,146538824.52,0.0998,severe_recession,1150
2.5325,1.3336,0.5335,0.2155,167805933.08,0.1143,severe_recession,1151
2.7213,1.3497,0.5399,0.2315,182491035.49,0.1243,severe_recession,1152
2.2459,1.4136,0.5655,0.1911,157744029.26,0.1075,severe_recession,1153
2.2756,1.2175,0.487,0.1936,137655915.44,0.0938,severe_recession,1154
2.7043,1.2603,0.5041,0.2301,169333854.16,0.1154,severe_recession,1155
2.6065,1.347,0.5388,0.2218,174448838.99,0.1189,severe_recession,1156
2.1025,1.2732,0.5093,0.1789,133001740.28,0.0906,severe_recession,1157
2.6528,1.3942,0.5577,0.2257,183755267.04,0.1252,severe_recession,1158
2.5799,1.3286,0.5314,0.2195,170300187.42,0.116,severe_recession,1159
2.4544,1.1684,0.4674,0.2088,142488758.68,0.0971,severe_recession,1160
2.7666,1.2188,0.4875,0.2354,167537343.78,0.1141,severe_recession,1161
2.8261,1.1335,0.4534,0.2405,159155287.36,0.1084,severe_recession,1162
2.5453,1.2173,0.4869,0.2166,153937049.77,0.1049,severe_recession,1163
2.6711,1.1994,0.4797,0.2273,159170898.59,0.1084,severe_recession,1164
2.7448,1.43,0.572,0.2335,195012199.37,0.1329,severe_recession,1165
2.442,1.2998,0.5199,0.2078,157705012.79,0.1074,severe_recession,1166
2.5949,1.2167,0.4867,0.2208,156869613.09,0.1069,severe_recession,1167
2.6771,1.1932,0.4773,0.2278,158708635.51,0.1081,severe_recession,1168
2.4491,1.1657,0.4663,0.2084,141842462.68,0.0966,severe_recession,1169
2.4584,1.2906,0.5163,0.2092,157647871.09,0.1074,severe_recession,1170
2.472,1.2024,0.481,0.2103,147680647.52,0.1006,severe_recession,1171
2.5149,1.1962,0.4785,0.214,149474060.02,0.1018,severe_recession,1172
2.3219,1.2627,0.5051,0.1976,145672446.32,0.0992,severe_recession,1173
2.4046,1.3004,0.5201,0.2046,155355770.02,0.1058,severe_recession,1174
2.8628,1.2596,0.5038,0.2436,179162267.22,0.1221,severe_recession,1175
2.4812,1.3532,0.5413,0.2111,166813651.39,0.1137,severe_recession,1176
2.4981,1.1402,0.4561,0.2126,141524093.95,0.0964,severe_recession,1177
2.2848,1.422,0.5688,0.1944,161425692.29,0.11,severe_recession,1178
2.3746,1.4102,0.5641,0.202,166378484.86,0.1134,severe_recession,1179
2.4459,1.2986,0.5194,0.2081,157805853.6,0.1075,severe_recession,1180
2.3828,1.3522,0.5409,0.2027,160084569.47,0.1091,severe_recession,1181
2.1188,1.1238,0.4495,0.1803,118300584.91,0.0806,severe_recession,1182
2.4279,1.2433,0.4973,0.2066,149972444.23,0.1022,severe_recession,1183
2.4829,1.3299,0.532,0.2113,164056167.22,0.1118,severe_recession,1184
2.3235,1.3036,0.5215,0.1977,150498382.8,0.1025,severe_recession,1185
2.2022,1.3802,0.5521,0.1874,151024622.74,0.1029,severe_recession,1186
2.2374,1.5162,0.6065,0.1904,168548552.06,0.1148,severe_recession,1187
2.5027,1.2617,0.5047,0.2129,156887808.77,0.1069,severe_recession,1188
2.3662,1.2551,0.5021,0.2013,147563539.54,0.1005,severe_recession,1189
2.6669,1.2669,0.5068,0.2269,167868365.05,0.1144,severe_recession,1190
2.3524,1.2725,0.509,0.2002,148724186.81,0.1013,severe_recession,1191
2.5273,1.4296,0.5718,0.215,179511106.36,0.1223,severe_recession,1192
3.242,1.2485,0.4994,0.2758,201105353.22,0.137,severe_recession,1193
2.4016,1.3016,0.5206,0.2043,155309418.75,0.1058,severe_recession,1194
2.837,1.2122,0.4849,0.2414,170865019.25,0.1164,severe_recession,1195
2.5015,1.2643,0.5057,0.2128,157135712.09,0.1071,severe_recession,1196
2.381,1.3383,0.5353,0.2026,158312469.54,0.1079,severe_recession,1197
2.6099,1.4211,0.5685,0.2221,184283989.14,0.1256,severe_recession,1198
2.2503,1.2873,0.5149,0.1915,143926777.48,0.0981,severe_recession,1199
2.3472,1.179,0.4716,0.1997,137499836.06,0.0937,severe_recession,1200
2.6683,1.2208,0.4883,0.227,161843700.44,0.1103,severe_recession,1201
2.8615,1.2721,0.5088,0.2435,180856821.38,0.1232,severe_recession,1202
2.5707,1.3855,0.5542,0.2187,176965844.4,0.1206,severe_recession,1203
2.8534,1.2975,0.519,0.2428,183952576.65,0.1253,severe_recession,1204
2.945,1.3775,0.551,0.2506,201550947.1,0.1373,severe_recession,1205
2.256,1.3756,0.5502,0.192,154185584.11,0.105,severe_recession,1206
2.1788,1.2873,0.5149,0.1854,139359740.49,0.0949,severe_recession,1207
2.2575,1.3133,0.5253,0.1921,147298418.55,0.1004,severe_recession,1208
2.3327,1.3208,0.5283,0.1985,153075931.9,0.1043,severe_recession,1209
2.4216,1.359,0.5436,0.206,163516051.85,0.1114,severe_recession,1210
1.9292,1.3879,0.5552,0.1641,133033959.57,0.0906,severe_recession,1211
2.7829,1.2139,0.4856,0.2368,167843103.63,0.1144,severe_recession,1212
2.5503,1.3385,0.5354,0.217,169594685.31,0.1155,severe_recession,1213
2.5656,1.3485,0.5394,0.2183,171893468.88,0.1171,severe_recession,1214
2.5623,1.3516,0.5406,0.218,172067704.68,0.1172,severe_recession,1215
2.3801,1.2327,0.4931,0.2025,145778677.97,0.0993,severe_recession,1216
2.3643,1.2162,0.4865,0.2012,142865510.93,0.0973,severe_recession,1217
3.0664,1.178,0.4712,0.2609,179469621.61,0.1223,severe_recession,1218
2.9375,1.3307,0.5323,0.2499,194219459.67,0.1323,severe_recession,1219
2.3368,1.2064,0.4826,0.1988,140065713.75,0.0954,severe_recession,1220
2.4146,1.2446,0.4978,0.2054,149315427.37,0.1017,severe_recession,1221
2.2327,1.2435,0.4974,0.19,137943612.15,0.094,severe_recession,1222
2.5727,1.2081,0.4833,0.2189,154430639.01,0.1052,severe_recession,1223
3.0066,1.3767,0.5507,0.2558,205662730.7,0.1401,severe_recession,1224
2.4562,1.3416,0.5366,0.209,163717437.44,0.1115,severe_recession,1225
2.1319,1.3973,0.5589,0.1814,148003313.11,0.1008,severe_recession,1226
2.5695,1.3822,0.5529,0.2186,176458635.79,0.1202,severe_recession,1227
2.3504,1.2622,0.5049,0.2,147405411.0,0.1004,severe_recession,1228
2.5458,1.1728,0.4691,0.2166,148338264.73,0.1011,severe_recession,1229
2.756,1.208,0.4832,0.2345,165411028.16,0.1127,severe_recession,1230
2.3988,1.4108,0.5643,0.2041,168144571.1,0.1146,severe_recession,1231
2.4974,1.4284,0.5714,0.2125,177239444.99,0.1208,severe_recession,1232
2.4953,1.2816,0.5126,0.2123,158890029.74,0.1083,severe_recession,1233
2.7855,1.3909,0.5564,0.237,192503237.99,0.1312,severe_recession,1234
2.2043,1.2217,0.4887,0.1876,133804145.01,0.0912,severe_recession,1235
2.6276,1.3322,0.5329,0.2236,173916181.04,0.1185,severe_recession,1236
2.8831,1.3312,0.5325,0.2453,190688748.24,0.1299,severe_recession,1237
2.4621,1.1674,0.467,0.2095,142804345.07,0.0973,severe_recession,1238
2.353,1.3064,0.5226,0.2002,152733799.1,0.1041,severe_recession,1239
2.3227,1.4833,0.5933,0.1976,171176308.58,0.1166,severe_recession,1240
2.7044,1.2732,0.5093,0.2301,171075614.35,0.1166,severe_recession,1241
2.506,1.2688,0.5075,0.2132,157978679.26,0.1076,severe_recession,1242
2.1762,1.2463,0.4985,0.1852,134749244.4,0.0918,severe_recession,1243
2.3532,1.1571,0.4628,0.2002,135284781.11,0.0922,severe_recession,1244
2.5285,1.3352,0.5341,0.2151,167741436.73,0.1143,severe_recession,1245
2.1604,1.2733,0.5093,0.1838,136677932.3,0.0931,severe_recession,1246
2.1416,1.2325,0.493,0.1822,131139249.72,0.0893,severe_recession,1247
2.5704,1.2331,0.4932,0.2187,157478988.94,0.1073,severe_recession,1248
2.3855,1.4706,0.5882,0.203,174298857.85,0.1187,severe_recession,1249
2.2643,1.2858,0.5143,0.1927,144661292.61,0.0986,severe_recession,1250
2.5819,1.3438,0.5375,0.2197,172388689.48,0.1174,severe_recession,1251
2.0695,1.3361,0.5344,0.1761,137380662.45,0.0936,severe_recession,1252
2.6855,1.3232,0.5293,0.2285,176555719.52,0.1203,severe_recession,1253
2.6566,1.3715,0.5486,0.226,181031757.85,0.1233,severe_recession,1254
2.3651,1.3222,0.5289,0.2012,155368347.73,0.1059,severe_recession,1255
2.5628,1.4151,0.5661,0.2181,180195803.76,0.1228,severe_recession,1256
2.8231,1.4696,0.5878,0.2402,206128781.38,0.1404,severe_recession,1257
2.1646,1.1233,0.4493,0.1842,120814600.78,0.0823,severe_recession,1258
2.7481,1.3249,0.53,0.2338,180903237.6,0.1232,severe_recession,1259
2.298,1.3628,0.5451,0.1955,155594179.17,0.106,severe_recession,1260
2.6977,1.3725,0.549,0.2295,183955831.38,0.1253,severe_recession,1261
2.5822,1.3404,0.5362,0.2197,171975063.7,0.1172,severe_recession,1262
2.4959,1.1715,0.4686,0.2124,145275399.62,0.099,severe_recession,1263
2.4264,1.4423,0.5769,0.2064,173874685.76,0.1185,severe_recession,1264
2.3647,1.1342,0.4537,0.2012,133260572.41,0.0908,severe_recession,1265
2.1905,1.4305,0.5722,0.1864,155685370.8,0.1061,severe_recession,1266
2.7894,1.2437,0.4975,0.2373,172362801.59,0.1174,severe_recession,1267
2.6491,1.3938,0.5575,0.2254,183450040.51,0.125,severe_recession,1268
2.2502,1.196,0.4784,0.1915,133709945.79,0.0911,severe_recession,1269
2.3812,1.0851,0.434,0.2026,128376731.06,0.0875,severe_recession,1270
2.5482,1.2349,0.494,0.2168,156352942.19,0.1065,severe_recession,1271
2.6997,1.5741,0.6296,0.2297,211137688.77,0.1438,severe_recession,1272
2.5379,1.3005,0.5202,0.2159,163990632.98,0.1117,severe_recession,1273
2.6219,1.3644,0.5458,0.2231,177738317.77,0.1211,severe_recession,1274
2.8742,1.416,0.5664,0.2445,202211189.05,0.1378,severe_recession,1275
2.4444,1.3507,0.5403,0.208,164042048.33,0.1118,severe_recession,1276
2.5428,1.2776,0.511,0.2163,161403026.94,0.11,severe_recession,1277
2.2115,1.2303,0.4921,0.1882,135176962.15,0.0921,severe_recession,1278
2.1884,1.2911,0.5165,0.1862,140387358.94,0.0956,severe_recession,1279
2.6755,1.2754,0.5102,0.2276,169543262.25,0.1155,severe_recession,1280
2.6341,1.1906,0.4762,0.2241,155817366.11,0.1062,severe_recession,1281
2.3456,1.3116,0.5246,0.1996,152858040.55,0.1041,severe_recession,1282
2.2188,1.2698,0.5079,0.1888,139989935.57,0.0954,severe_recession,1283
2.2241,1.2531,0.5013,0.1892,138479355.09,0.0943,severe_recession,1284
2.4502,1.3992,0.5597,0.2085,170342196.15,0.1161,severe_recession,1285
2.2528,1.3282,0.5313,0.1917,148662777.75,0.1013,severe_recession,1286
2.3015,1.3022,0.5209,0.1958,148906097.76,0.1014,severe_recession,1287
2.1548,1.2666,0.5067,0.1833,135605502.29,0.0924,severe_recession,1288
2.7252,1.2505,0.5002,0.2319,169322581.08,0.1154,severe_recession,1289
2.1902,1.1764,0.4706,0.1864,128016098.44,0.0872,severe_recession,1290
2.1966,1.212,0.4848,0.1869,132270633.23,0.0901,severe_recession,1291
2.7811,1.3835,0.5534,0.2366,191170609.53,0.1302,severe_recession,1292
2.4786,1.2927,0.5171,0.2109,159199391.38,0.1085,severe_recession,1293
2.4212,1.2952,0.5181,0.206,155804179.89,0.1061,severe_recession,1294
1.9803,1.2779,0.5112,0.1685,125730052.06,0.0857,severe_recession,1295
2.6451,1.4007,0.5603,0.2251,184075392.43,0.1254,severe_recession,1296
2.4359,1.2998,0.5199,0.2073,157311904.94,0.1072,severe_recession,1297
2.4967,1.0968,0.4387,0.2124,136053356.61,0.0927,severe_recession,1298
2.6527,1.3872,0.5549,0.2257,182832222.98,0.1246,severe_recession,1299
2.1682,1.3606,0.5443,0.1845,146580474.72,0.0999,severe_recession,1300
2.3352,1.3581,0.5433,0.1987,157574692.05,0.1074,severe_recession,1301
2.9042,1.267,0.5068,0.2471,182821511.23,0.1246,severe_recession,1302
2.646,1.2276,0.491,0.2251,161390664.68,0.11,severe_recession,1303
2.3192,1.2081,0.4832,0.1973,139212533.24,0.0948,severe_recession,1304
2.7377,1.2693,0.5077,0.2329,172644295.18,0.1176,severe_recession,1305
2.3411,1.3841,0.5536,0.1992,160989460.35,0.1097,severe_recession,1306
1.9149,1.1787,0.4715,0.1629,112142116.33,0.0764,severe_recession,1307
2.7173,1.233,0.4932,0.2312,166470194.62,0.1134,severe_recession,1308
2.3859,1.2812,0.5125,0.203,151877091.76,0.1035,severe_recession,1309
2.1496,1.3438,0.5375,0.1829,143524530.1,0.0978,severe_recession,1310
2.092,1.3252,0.5301,0.178,137742087.26,0.0938,severe_recession,1311
2.6692,1.2163,0.4865,0.2271,161309663.67,0.1099,severe_recession,1312
2.3908,1.2983,0.5193,0.2034,154218134.9,0.1051,severe_recession,1313
2.4797,1.1791,0.4716,0.211,145266613.5,0.099,severe_recession,1314
2.6335,1.3116,0.5246,0.2241,171612671.93,0.1169,severe_recession,1315
2.3742,1.2873,0.5149,0.202,151856726.4,0.1035,severe_recession,1316
2.5759,1.2642,0.5057,0.2192,161796634.54,0.1102,severe_recession,1317
2.2394,1.2979,0.5192,0.1905,144407432.17,0.0984,severe_recession,1318
2.064,1.295,0.518,0.1756,132797720.72,0.0905,severe_recession,1319
2.6189,1.2573,0.5029,0.2228,163594099.92,0.1115,severe_recession,1320
2.5472,1.3635,0.5454,0.2167,172563467.51,0.1176,severe_recession,1321
2.4655,1.3165,0.5266,0.2098,161262445.76,0.1099,severe_recession,1322
2.7174,1.3593,0.5437,0.2312,183531322.29,0.125,severe_recession,1323
2.2622,1.3588,0.5435,0.1925,152723865.91,0.1041,severe_recession,1324
2.7388,1.3825,0.553,0.233,188120661.05,0.1282,severe_recession,1325
2.9081,1.2882,0.5153,0.2474,186125558.15,0.1268,severe_recession,1326
2.396,1.3245,0.5298,0.2039,157670117.21,0.1074,severe_recession,1327
3.0323,1.3805,0.5522,0.258,207977936.98,0.1417,severe_recession,1328
2.501,1.2316,0.4926,0.2128,153038919.68,0.1043,severe_recession,1329
2.4846,1.3357,0.5343,0.2114,164885729.66,0.1123,severe_recession,1330
2.4318,1.2333,0.4933,0.2069,149007340.05,0.1015,severe_recession,1331
2.4493,1.3766,0.5506,0.2084,167524904.27,0.1141,severe_recession,1332
2.8652,1.3175,0.527,0.2438,187551928.64,0.1278,severe_recession,1333
2.5076,1.2877,0.5151,0.2134,160434809.32,0.1093,severe_recession,1334
2.8841,1.3542,0.5417,0.2454,194054404.59,0.1322,severe_recession,1335
2.7626,1.3889,0.5556,0.2351,190639170.78,0.1299,severe_recession,1336
2.7965,1.4754,0.5902,0.2379,205004835.92,0.1397,severe_recession,1337
2.2731,1.3386,0.5355,0.1934,151185065.47,0.103,severe_recession,1338
2.2789,1.2522,0.5009,0.1939,141776784.45,0.0966,severe_recession,1339
2.6187,1.2512,0.5005,0.2228,162787381.9,0.1109,severe_recession,1340
2.2447,1.2613,0.5045,0.191,140662730.87,0.0958,severe_recession,1341
2.5151,1.2125,0.485,0.214,151510834.03,0.1032,severe_recession,1342
2.3936,1.2195,0.4878,0.2037,145031594.25,0.0988,severe_recession,1343
2.533,1.3706,0.5482,0.2155,172483669.3,0.1175,severe_recession,1344
2.6768,1.3392,0.5357,0.2277,178102790.84,0.1213,severe_recession,1345
2.6555,1.3703,0.5481,0.2259,180789485.43,0.1232,severe_recession,1346
2.0924,1.2278,0.4911,0.178,127638315.41,0.087,severe_recession,1347
2.3213,1.3692,0.5477,0.1975,157918315.25,0.1076,severe_recession,1348
2.63,1.3239,0.5296,0.2238,173000722.06,0.1179,severe_recession,1349
2.5314,1.3147,0.5259,0.2154,165355816.47,0.1127,severe_recession,1350
2.2553,1.2339,0.4936,0.1919,138266962.12,0.0942,severe_recession,1351
2.2209,1.3815,0.5526,0.189,152445121.32,0.1039,severe_recession,1352
2.0705,1.3688,0.5475,0.1762,140807479.66,0.0959,severe_recession,1353
2.4674,1.3445,0.5378,0.2099,164826156.77,0.1123,severe_recession,1354
2.0823,1.4081,0.5632,0.1772,145677868.98,0.0993,severe_recession,1355
2.6091,1.3013,0.5205,0.222,168685905.98,0.1149,severe_recession,1356
2.4711,1.2021,0.4808,0.2102,147590432.75,0.1006,severe_recession,1357
3.048,1.1261,0.4505,0.2593,170541579.05,0.1162,severe_recession,1358
2.8826,1.1968,0.4787,0.2453,171406919.74,0.1168,severe_recession,1359
2.7553,1.3669,0.5468,0.2344,187124055.38,0.1275,severe_recession,1360
2.3232,1.245,0.498,0.1977,143708937.68,0.0979,severe_recession,1361
2.2731,1.3096,0.5238,0.1934,147905793.09,0.1008,severe_recession,1362
2.1867,1.3966,0.5586,0.1861,151738181.02,0.1034,severe_recession,1363
2.9201,1.2883,0.5153,0.2485,186913141.41,0.1273,severe_recession,1364
2.7482,1.2232,0.4893,0.2338,167019000.15,0.1138,severe_recession,1365
2.1442,1.3678,0.5471,0.1824,145718786.83,0.0993,severe_recession,1366
2.4986,1.2802,0.5121,0.2126,158930514.77,0.1083,severe_recession,1367
2.6377,1.3817,0.5527,0.2244,181075397.04,0.1234,severe_recession,1368
2.4345,1.2896,0.5158,0.2071,155988896.66,0.1063,severe_recession,1369
2.1256,1.238,0.4952,0.1809,130742177.8,0.0891,severe_recession,1370
2.5803,1.2586,0.5034,0.2195,161358548.11,0.1099,severe_recession,1371
2.2438,1.4373,0.5749,0.1909,160231942.79,0.1092,severe_recession,1372
2.5708,1.3337,0.5335,0.2187,170347245.18,0.1161,severe_recession,1373
2.0522,1.2348,0.4939,0.1746,125908107.76,0.0858,severe_recession,1374
2.5472,1.3201,0.528,0.2167,167069440.79,0.1138,severe_recession,1375
2.1916,1.3926,0.557,0.1865,151640500.85,0.1033,severe_recession,1376
2.4135,1.4589,0.5836,0.2053,174940630.17,0.1192,severe_recession,1377
2.8481,1.3401,0.536,0.2423,189634076.29,0.1292,severe_recession,1378
2.5529,1.26,0.504,0.2172,159820792.47,0.1089,severe_recession,1379
2.0472,1.3192,0.5277,0.1742,134184334.81,0.0914,severe_recession,1380
2.5679,1.2182,0.4873,0.2185,155425350.08,0.1059,severe_recession,1381
2.4535,1.3741,0.5496,0.2088,167499306.57,0.1141,severe_recession,1382
2.1761,1.3347,0.5339,0.1851,144307643.51,0.0983,severe_recession,1383
3.0263,1.3064,0.5225,0.2575,196426726.26,0.1338,severe_recession,1384
2.5312,1.3355,0.5342,0.2154,167949153.53,0.1144,severe_recession,1385
2.2032,1.2038,0.4815,0.1875,131779628.65,0.0898,severe_recession,1386
2.7573,1.2929,0.5171,0.2346,177118438.58,0.1207,severe_recession,1387
2.7214,1.3088,0.5235,0.2315,176959329.84,0.1206,severe_recession,1388
2.8557,1.2115,0.4846,0.243,171891544.78,0.1171,severe_recession,1389
2.4812,1.2693,0.5077,0.2111,156475932.37,0.1066,severe_recession,1390
2.1723,1.3186,0.5274,0.1848,142312419.64,0.097,severe_recession,1391
2.2268,1.2959,0.5183,0.1895,143373728.44,0.0977,severe_recession,1392
2.2859,1.2131,0.4853,0.1945,137781788.54,0.0939,severe_recession,1393
2.4939,1.2051,0.4821,0.2122,149329320.13,0.1017,severe_recession,1394
2.5406,1.2684,0.5073,0.2162,160107883.0,0.1091,severe_recession,1395
2.2713,1.4899,0.596,0.1933,168141619.62,0.1146,severe_recession,1396
2.8115,1.2011,0.4804,0.2392,167779964.98,0.1143,severe_recession,1397
2.4676,1.26,0.504,0.2099,154478715.78,0.1052,severe_recession,1398
2.7711,1.3791,0.5516,0.2358,189871944.35,0.1294,severe_recession,1399
2.3516,1.3057,0.5223,0.2001,152558485.1,0.1039,severe_recession,1400
2.8429,1.2843,0.5137,0.2419,181409554.08,0.1236,severe_recession,1401
2.6227,1.3593,0.5437,0.2231,177128353.64,0.1207,severe_recession,1402
2.5238,1.4298,0.5719,0.2147,179289383.55,0.1221,severe_recession,1403
2.5176,1.2392,0.4957,0.2142,155007612.71,0.1056,severe_recession,1404
2.6896,1.2338,0.4935,0.2288,164879682.38,0.1123,severe_recession,1405
2.4393,1.2756,0.5102,0.2075,154601070.09,0.1053,severe_recession,1406
2.7639,1.313,0.5252,0.2352,180312776.81,0.1228,severe_recession,1407
2.3995,1.2137,0.4855,0.2042,144701127.24,0.0986,severe_recession,1408
2.8272,1.2611,0.5044,0.2405,177139760.11,0.1207,severe_recession,1409
2.274,1.3704,0.5482,0.1935,154831744.99,0.1055,severe_recession,1410
2.5026,1.297,0.5188,0.2129,161277267.45,0.1099,severe_recession,1411
2.5925,1.3852,0.5541,0.2206,178433022.96,0.1216,severe_recession,1412
2.5331,1.1768,0.4707,0.2155,148104502.7,0.1009,severe_recession,1413
2.2221,1.2833,0.5133,0.1891,141685246.3,0.0965,severe_recession,1414
2.5546,1.2229,0.4891,0.2174,155213768.41,0.1057,severe_recession,1415
2.4352,1.2851,0.514,0.2072,155484884.03,0.1059,severe_recession,1416
2.1818,1.2056,0.4822,0.1856,130691369.97,0.089,severe_recession,1417
2.6135,1.2479,0.4992,0.2224,162044792.85,0.1104,severe_recession,1418
2.8828,1.2855,0.5142,0.2453,184126004.31,0.1254,severe_recession,1419
2.0429,1.251,0.5004,0.1738,126972537.09,0.0865,severe_recession,1420
2.7607,1.3148,0.5259,0.2349,180348716.92,0.1229,severe_recession,1421
2.23,1.2831,0.5132,0.1897,142159974.27,0.0969,severe_recession,1422
2.7615,1.2159,0.4864,0.235,166835157.6,0.1137,severe_recession,1423
2.2917,1.2928,0.5171,0.195,147198194.54,0.1003,severe_recession,1424
2.5762,1.2788,0.5115,0.2192,163685099.92,0.1115,severe_recession,1425
2.6722,1.324,0.5296,0.2274,175790104.67,0.1198,severe_recession,1426
2.2821,1.2215,0.4886,0.1942,138505639.06,0.0944,severe_recession,1427
1.9284,1.2833,0.5133,0.1641,122953089.07,0.0838,severe_recession,1428
2.5077,1.3525,0.541,0.2134,168511857.22,0.1148,severe_recession,1429
2.6099,1.2439,0.4975,0.2221,161290770.45,0.1099,severe_recession,1430
3.6196,1.3409,0.5364,0.308,241154082.67,0.1643,severe_recession,1431
2.429,1.3234,0.5293,0.2067,159708063.41,0.1088,severe_recession,1432
2.7114,1.2854,0.5142,0.2307,173169730.35,0.118,severe_recession,1433
2.7119,1.2871,0.5148,0.2307,173428193.0,0.1182,severe_recession,1434
2.8923,1.1936,0.4774,0.2461,171524639.87,0.1169,severe_recession,1435
2.4099,1.2811,0.5124,0.205,153387847.32,0.1045,severe_recession,1436
2.8066,1.2194,0.4878,0.2388,170039434.02,0.1158,severe_recession,1437
1.9809,1.3558,0.5423,0.1685,133441984.78,0.0909,severe_recession,1438
2.2923,1.3267,0.5307,0.195,151106977.44,0.1029,severe_recession,1439
2.7078,1.3669,0.5467,0.2304,183893844.54,0.1253,severe_recession,1440
2.1448,1.3927,0.5571,0.1825,148416048.17,0.1011,severe_recession,1441
2.5716,1.4437,0.5775,0.2188,184466177.07,0.1257,severe_recession,1442
2.2423,1.4767,0.5907,0.1908,164517067.19,0.1121,severe_recession,1443
2.42,1.3087,0.5235,0.2059,157353308.8,0.1072,severe_recession,1444
2.8387,1.2224,0.4889,0.2415,172399667.79,0.1175,severe_recession,1445
2.6566,1.4132,0.5653,0.226,186528435.01,0.1271,severe_recession,1446
2.6511,1.2441,0.4976,0.2256,163875328.83,0.1116,severe_recession,1447
2.1984,1.221,0.4884,0.187,133365535.09,0.0909,severe_recession,1448
2.46,1.2844,0.5138,0.2093,156988169.03,0.107,severe_recession,1449
2.5248,1.271,0.5084,0.2148,159444092.99,0.1086,severe_recession,1450
2.2945,1.2496,0.4998,0.1952,142456800.74,0.0971,severe_recession,1451
2.6259,1.3194,0.5277,0.2234,172135048.03,0.1173,severe_recession,1452
2.0426,1.1815,0.4726,0.1738,119901053.31,0.0817,severe_recession,1453
2.2936,1.2944,0.5177,0.1951,147500522.53,0.1005,severe_recession,1454
2.3756,1.2514,0.5005,0.2021,147698618.81,0.1006,severe_recession,1455
2.2935,1.1139,0.4456,0.1951,126928464.11,0.0865,severe_recession,1456
2.6295,1.3716,0.5487,0.2237,179199520.78,0.1221,severe_recession,1457
2.2501,1.2494,0.4998,0.1915,139678022.58,0.0952,severe_recession,1458
2.6533,1.3166,0.5267,0.2257,173567606.85,0.1183,severe_recession,1459
2.7571,1.3939,0.5575,0.2346,190937322.47,0.1301,severe_recession,1460
2.4025,1.2865,0.5146,0.2044,153566438.12,0.1046,severe_recession,1461
2.1777,1.4149,0.566,0.1853,153089183.6,0.1043,severe_recession,1462
2.6849,1.2257,0.4903,0.2284,163504840.41,0.1114,severe_recession,1463
2.4619,1.1991,0.4797,0.2095,146673757.64,0.0999,severe_recession,1464
3.0939,1.2197,0.4879,0.2632,187489561.72,0.1277,severe_recession,1465
2.2085,1.2311,0.4925,0.1879,135092388.63,0.092,severe_recession,1466
2.3314,1.1992,0.4797,0.1984,138906053.24,0.0946,severe_recession,1467
2.3308,1.2707,0.5083,0.1983,147150369.32,0.1003,severe_recession,1468
2.2101,1.3218,0.5287,0.188,145144912.78,0.0989,severe_recession,1469
2.4858,1.2712,0.5085,0.2115,157006277.42,0.107,severe_recession,1470
1.925,1.4633,0.5853,0.1638,139958161.91,0.0954,severe_recession,1471
2.6153,1.2787,0.5115,0.2225,166147667.68,0.1132,severe_recession,1472
2.499,1.3763,0.5505,0.2126,170884709.3,0.1164,severe_recession,1473
2.2955,1.4293,0.5717,0.1953,163013221.61,0.1111,severe_recession,1474
2.5095,1.3191,0.5277,0.2135,164473951.96,0.1121,severe_recession,1475
2.5427,1.185,0.474,0.2163,149700847.06,0.102,severe_recession,1476
2.2412,1.3573,0.5429,0.1907,151138811.11,0.103,severe_recession,1477
2.7458,1.1722,0.4689,0.2336,159917847.96,0.109,severe_recession,1478
2.8938,1.3937,0.5575,0.2462,200383548.25,0.1365,severe_recession,1479
2.7489,1.2438,0.4975,0.2339,169879866.47,0.1157,severe_recession,1480
2.6197,1.2235,0.4894,0.2229,159242844.7,0.1085,severe_recession,1481
2.4959,1.2434,0.4974,0.2124,154190589.91,0.1051,severe_recession,1482
2.4622,1.326,0.5304,0.2095,162216879.23,0.1105,severe_recession,1483
2.5867,1.4787,0.5915,0.2201,190045663.81,0.1295,severe_recession,1484
2.5542,1.2287,0.4915,0.2173,155935545.05,0.1062,severe_recession,1485
2.7466,1.2585,0.5034,0.2337,171742076.74,0.117,severe_recession,1486
2.4805,1.2958,0.5183,0.2111,159703919.83,0.1088,severe_recession,1487
2.3041,1.1869,0.4748,0.196,135876659.16,0.0926,severe_recession,1488
2.5624,1.3702,0.5481,0.218,174450373.22,0.1189,severe_recession,1489
2.3517,1.3298,0.5319,0.2001,155372058.94,0.1059,severe_recession,1490
2.7149,1.3057,0.5223,0.231,176124865.16,0.12,severe_recession,1491
2.5576,1.1153,0.4461,0.2176,141728555.07,0.0966,severe_recession,1492
1.8798,1.2819,0.5128,0.1599,119729972.42,0.0816,severe_recession,1493
2.4763,1.3627,0.5451,0.2107,167653000.44,0.1142,severe_recession,1494
2.556,1.3244,0.5298,0.2175,168186758.25,0.1146,severe_recession,1495
2.5776,1.2731,0.5092,0.2193,163043078.34,0.1111,severe_recession,1496
2.6253,1.1872,0.4749,0.2234,154848786.83,0.1055,severe_recession,1497
2.7022,1.1726,0.469,0.2299,157430199.84,0.1073,severe_recession,1498
2.256,1.3664,0.5466,0.1919,153162606.68,0.1043,severe_recession,1499
2.4586,1.3627,0.5451,0.2092,166464213.7,0.1134,severe_recession,1500
2.3616,1.2664,0.5065,0.2009,148592122.94,0.1012,severe_recession,1501
2.3969,1.3144,0.5258,0.2039,156537857.65,0.1066,severe_recession,1502
2.3325,1.3606,0.5442,0.1985,157679447.14,0.1074,severe_recession,1503
2.7743,1.2739,0.5096,0.236,175595265.65,0.1196,severe_recession,1504
2.1472,1.2469,0.4988,0.1827,133027129.59,0.0906,severe_recession,1505
2.0117,1.2489,0.4996,0.1712,124829508.43,0.085,severe_recession,1506
2.6759,1.2678,0.5071,0.2277,168556454.05,0.1148,severe_recession,1507
2.7522,1.3586,0.5434,0.2342,185773627.76,0.1266,severe_recession,1508
2.4636,1.2666,0.5066,0.2096,155038782.39,0.1056,severe_recession,1509
2.5386,1.3089,0.5235,0.216,165085245.64,0.1125,severe_recession,1510
2.0963,1.2673,0.5069,0.1784,131992754.48,0.0899,severe_recession,1511
2.2436,1.294,0.5176,0.1909,144247033.26,0.0983,severe_recession,1512
2.4,1.2831,0.5132,0.2042,153001648.41,0.1042,severe_recession,1513
2.6364,1.3245,0.5298,0.2243,173492886.01,0.1182,severe_recession,1514
2.6597,1.3571,0.5428,0.2263,179331747.51,0.1222,severe_recession,1515
1.9855,1.2409,0.4963,0.1689,122409205.13,0.0834,severe_recession,1516
2.7221,1.3107,0.5243,0.2316,177267001.88,0.1208,severe_recession,1517
2.5247,1.367,0.5468,0.2148,171475869.92,0.1168,severe_recession,1518
2.8806,1.4288,0.5715,0.2451,204498275.33,0.1393,severe_recession,1519
2.33,1.2584,0.5033,0.1982,145675148.9,0.0992,severe_recession,1520
2.0881,1.2548,0.5019,0.1777,130175751.98,0.0887,severe_recession,1521
2.3794,1.23,0.492,0.2024,145405655.02,0.0991,severe_recession,1522
2.7556,1.3446,0.5378,0.2345,184089048.97,0.1254,severe_recession,1523
2.3022,1.1442,0.4577,0.1959,130875324.19,0.0892,severe_recession,1524
2.689,1.1389,0.4556,0.2288,152159413.23,0.1037,severe_recession,1525
2.6336,1.1739,0.4696,0.2241,153608392.02,0.1047,severe_recession,1526
2.7784,1.2251,0.49,0.2364,169116402.03,0.1152,severe_recession,1527
2.6947,1.2468,0.4987,0.2293,166924838.83,0.1137,severe_recession,1528
2.1312,1.351,0.5404,0.1813,143056687.14,0.0975,severe_recession,1529
2.3798,1.4069,0.5627,0.2025,166346064.85,0.1133,severe_recession,1530
2.2958,1.3358,0.5343,0.1953,152373163.03,0.1038,severe_recession,1531
2.1784,1.2382,0.4953,0.1853,134009694.13,0.0913,severe_recession,1532
2.4937,1.3373,0.5349,0.2122,165689755.16,0.1129,severe_recession,1533
2.3978,1.2593,0.5037,0.204,150020848.06,0.1022,severe_recession,1534
2.6014,1.2312,0.4925,0.2213,159130027.18,0.1084,severe_recession,1535
2.1003,1.198,0.4792,0.1787,125014404.71,0.0852,severe_recession,1536
2.4953,1.1362,0.4545,0.2123,140866754.66,0.096,severe_recession,1537
2.383,1.5186,0.6075,0.2028,179805256.69,0.1225,severe_recession,1538
2.1665,1.4436,0.5774,0.1843,155387807.19,0.1059,severe_recession,1539
2.9074,1.2156,0.4862,0.2474,175593470.69,0.1196,severe_recession,1540
2.1362,1.2424,0.497,0.1818,131867623.22,0.0898,severe_recession,1541
2.2315,1.3724,0.5489,0.1899,152158291.29,0.1037,severe_recession,1542
2.5003,1.3604,0.5441,0.2127,168991019.65,0.1151,severe_recession,1543
2.2052,1.3033,0.5213,0.1876,142792211.32,0.0973,severe_recession,1544
2.0789,1.344,0.5376,0.1769,138820563.04,0.0946,severe_recession,1545
2.9133,1.3309,0.5324,0.2479,192647712.99,0.1313,severe_recession,1546
2.8927,1.3421,0.5368,0.2461,192888129.58,0.1314,severe_recession,1547
2.5096,1.2507,0.5003,0.2135,155942683.25,0.1062,severe_recession,1548
2.6066,1.247,0.4988,0.2218,161501519.5,0.11,severe_recession,1549
2.5824,1.292,0.5168,0.2197,165764129.59,0.1129,severe_recession,1550
2.8216,1.2754,0.5101,0.2401,178797782.18,0.1218,severe_recession,1551
2.4974,1.3766,0.5506,0.2125,170811682.67,0.1164,severe_recession,1552
2.393,1.3384,0.5354,0.2036,159128124.3,0.1084,severe_recession,1553
2.3881,1.3661,0.5464,0.2032,162088180.74,0.1104,severe_recession,1554
2.2476,1.3727,0.5491,0.1912,153300003.14,0.1044,severe_recession,1555
2.6209,1.3097,0.5239,0.223,170548262.49,0.1162,severe_recession,1556
2.761,1.2502,0.5001,0.2349,171509624.82,0.1168,severe_recession,1557
2.7758,1.3152,0.5261,0.2362,181383229.55,0.1236,severe_recession,1558
2.5538,1.3161,0.5265,0.2173,167000706.57,0.1138,severe_recession,1559
2.4502,1.2964,0.5185,0.2085,157817296.09,0.1075,severe_recession,1560
2.3161,1.3545,0.5418,0.1971,155869857.04,0.1062,severe_recession,1561
2.6656,1.2446,0.4978,0.2268,164835351.54,0.1123,severe_recession,1562
2.59,1.3015,0.5206,0.2204,167476902.5,0.1141,severe_recession,1563
2.511,1.2806,0.5122,0.2136,159765498.78,0.1088,severe_recession,1564
2.5942,1.2282,0.4913,0.2207,158308788.34,0.1079,severe_recession,1565
2.3524,1.3647,0.5459,0.2002,159503984.6,0.1087,severe_recession,1566
2.4192,1.2818,0.5127,0.2058,154062719.18,0.105,severe_recession,1567
1.9803,1.3286,0.5315,0.1685,130724936.98,0.0891,severe_recession,1568
2.2989,1.3044,0.5218,0.1956,148993790.18,0.1015,severe_recession,1569
2.462,1.3359,0.5344,0.2095,163416380.11,0.1113,severe_recession,1570
2.0657,1.3733,0.5493,0.1758,140946045.64,0.096,severe_recession,1571
2.3985,1.3541,0.5416,0.2041,161362132.63,0.1099,severe_recession,1572
2.1825,1.3272,0.5309,0.1857,143914564.41,0.098,severe_recession,1573
2.2714,1.2764,0.5106,0.1933,144051198.2,0.0981,severe_recession,1574
2.7086,1.3154,0.5262,0.2305,177026096.38,0.1206,severe_recession,1575
2.8081,1.3118,0.5247,0.2389,183017523.77,0.1247,severe_recession,1576
2.6271,1.4364,0.5746,0.2235,187487896.35,0.1277,severe_recession,1577
2.1779,1.3656,0.5462,0.1853,147767171.48,0.1007,severe_recession,1578
2.5181,1.3425,0.537,0.2143,167958076.67,0.1144,severe_recession,1579
2.3531,1.2476,0.4991,0.2002,145861874.44,0.0994,severe_recession,1580
2.5046,1.3895,0.5558,0.2131,172912819.46,0.1178,severe_recession,1581
2.7615,1.255,0.502,0.235,172187923.68,0.1173,severe_recession,1582
2.8345,1.2237,0.4895,0.2412,172332995.12,0.1174,severe_recession,1583
1.8245,1.296,0.5184,0.1552,117482815.2,0.08,severe_recession,1584
2.542,1.3374,0.535,0.2163,168919908.48,0.1151,severe_recession,1585
2.7006,1.3072,0.5229,0.2298,175398276.67,0.1195,severe_recession,1586
2.1552,1.2307,0.4923,0.1834,131787194.01,0.0898,severe_recession,1587
3.3213,1.3941,0.5576,0.2826,230044351.44,0.1567,severe_recession,1588
2.1214,1.2601,0.504,0.1805,132815577.59,0.0905,severe_recession,1589
2.4483,1.2349,0.494,0.2083,150219289.38,0.1023,severe_recession,1590
2.5213,1.2871,0.5148,0.2145,161231354.84,0.1098,severe_recession,1591
2.6407,1.4604,0.5842,0.2247,191612619.77,0.1305,severe_recession,1592
2.435,1.3032,0.5213,0.2072,157662012.56,0.1074,severe_recession,1593
2.1524,1.2639,0.5056,0.1831,135161141.31,0.0921,severe_recession,1594
2.1657,1.3942,0.5577,0.1843,150016022.02,0.1022,severe_recession,1595
2.5362,1.2952,0.5181,0.2158,163205766.69,0.1112,severe_recession,1596
2.5179,1.4126,0.565,0.2142,176711280.46,0.1204,severe_recession,1597
2.7562,1.3088,0.5235,0.2345,179232124.73,0.1221,severe_recession,1598
2.6567,1.3721,0.5488,0.226,181107487.12,0.1234,severe_recession,1599
2.7791,1.13,0.452,0.2365,156027164.81,0.1063,severe_recession,1600
2.7903,1.3568,0.5427,0.2374,188104132.17,0.1282,severe_recession,1601
2.6967,1.2568,0.5027,0.2294,168392050.9,0.1147,severe_recession,1602
2.6812,1.1972,0.4789,0.2281,159479172.91,0.1087,severe_recession,1603
2.4801,1.176,0.4704,0.211,144909066.11,0.0987,severe_recession,1604
2.4207,1.3925,0.557,0.206,167477951.97,0.1141,severe_recession,1605
2.3527,1.3525,0.541,0.2002,158102540.93,0.1077,severe_recession,1606
2.2652,1.2141,0.4856,0.1927,136637736.89,0.0931,severe_recession,1607
2.4872,1.3067,0.5227,0.2116,161472989.62,0.11,severe_recession,1608
2.4166,1.3286,0.5314,0.2056,159523812.95,0.1087,severe_recession,1609
2.4939,1.4479,0.5792,0.2122,179407830.06,0.1222,severe_recession,1610
1.8727,1.3024,0.521,0.1593,121182943.2,0.0826,severe_recession,1611
2.5513,1.4119,0.5647,0.2171,178970544.14,0.1219,severe_recession,1612
2.3627,1.418,0.5672,0.201,166454601.65,0.1134,severe_recession,1613
2.4811,1.2646,0.5058,0.2111,155891717.12,0.1062,severe_recession,1614
2.5069,1.4158,0.5663,0.2133,176341765.86,0.1201,severe_recession,1615
2.5474,1.3354,0.5341,0.2167,169016209.15,0.1152,severe_recession,1616
2.7148,1.1927,0.4771,0.231,160876719.82,0.1096,severe_recession,1617
1.8028,1.1405,0.4562,0.1534,102153349.63,0.0696,severe_recession,1618
2.9093,1.2769,0.5107,0.2475,184567863.83,0.1257,severe_recession,1619
2.2702,1.2027,0.4811,0.1932,135662383.3,0.0924,severe_recession,1620
2.7626,1.1707,0.4683,0.2351,160687038.13,0.1095,severe_recession,1621
2.562,1.2558,0.5023,0.218,159853032.83,0.1089,severe_recession,1622
2.4875,1.264,0.5056,0.2116,156220106.69,0.1064,severe_recession,1623
2.3132,1.3753,0.5501,0.1968,158065659.11,0.1077,severe_recession,1624
2.6034,1.2614,0.5046,0.2215,163164564.15,0.1112,severe_recession,1625
2.498,1.1866,0.4747,0.2125,147274463.33,0.1003,severe_recession,1626
2.3313,1.3445,0.5378,0.1984,155730889.75,0.1061,severe_recession,1627
2.5505,1.1795,0.4718,0.217,149462974.56,0.1018,severe_recession,1628
2.2248,1.2761,0.5104,0.1893,141054537.07,0.0961,severe_recession,1629
2.4837,1.2887,0.5155,0.2113,159036166.84,0.1084,severe_recession,1630
2.2158,1.1944,0.4778,0.1885,131493189.07,0.0896,severe_recession,1631
2.543,1.3255,0.5302,0.2164,167478195.53,0.1141,severe_recession,1632
2.2606,1.4785,0.5914,0.1923,166058706.56,0.1131,severe_recession,1633
2.7521,1.2117,0.4847,0.2342,165680220.68,0.1129,severe_recession,1634
2.1358,1.2225,0.489,0.1817,129722761.73,0.0884,severe_recession,1635
2.8197,1.4842,0.5937,0.2399,207931241.33,0.1417,severe_recession,1636
2.3827,1.3984,0.5594,0.2027,165549190.07,0.1128,severe_recession,1637
2.7065,1.37,0.548,0.2303,184226727.78,0.1255,severe_recession,1638
2.7577,1.2637,0.5055,0.2346,173140420.45,0.118,severe_recession,1639
2.1942,1.368,0.5472,0.1867,149138333.85,0.1016,severe_recession,1640
2.0628,1.2617,0.5047,0.1755,129308646.31,0.0881,severe_recession,1641
2.124,1.2563,0.5025,0.1807,132578300.28,0.0903,severe_recession,1642
2.2692,1.3847,0.5539,0.1931,156115722.82,0.1064,severe_recession,1643
2.3974,1.4654,0.5861,0.204,174547003.57,0.1189,severe_recession,1644
3.1175,1.3236,0.5294,0.2653,205010109.47,0.1397,severe_recession,1645
2.6786,1.362,0.5448,0.2279,181264546.75,0.1235,severe_recession,1646
2.1561,1.361,0.5444,0.1835,145795464.33,0.0993,severe_recession,1647
2.19,1.2983,0.5193,0.1863,141267417.32,0.0962,severe_recession,1648
2.7218,1.2406,0.4962,0.2316,167766761.17,0.1143,severe_recession,1649
2.414,1.3517,0.5407,0.2054,162115744.58,0.1104,severe_recession,1650
2.1212,1.3132,0.5253,0.1805,138402676.29,0.0943,severe_recession,1651
2.3874,1.2507,0.5003,0.2031,148362071.07,0.1011,severe_recession,1652
2.7661,1.2084,0.4834,0.2353,166072014.05,0.1131,severe_recession,1653
2.4292,1.3261,0.5304,0.2067,160056662.72,0.109,severe_recession,1654
2.3507,1.1949,0.4779,0.2,139551190.54,0.0951,severe_recession,1655
2.8271,1.4396,0.5759,0.2405,202215632.91,0.1378,severe_recession,1656
2.8854,1.3991,0.5596,0.2455,200575933.82,0.1367,severe_recession,1657
2.627,1.155,0.462,0.2235,150754162.53,0.1027,severe_recession,1658
2.6538,1.2168,0.4867,0.2258,160443602.55,0.1093,severe_recession,1659
2.4149,1.3907,0.5563,0.2055,166861941.48,0.1137,severe_recession,1660
1.9837,1.3334,0.5333,0.1688,131418830.87,0.0895,severe_recession,1661
2.9518,1.2191,0.4876,0.2512,178791289.31,0.1218,severe_recession,1662
2.6871,1.3518,0.5407,0.2286,180467672.22,0.123,severe_recession,1663
2.4373,1.3418,0.5367,0.2074,162493228.34,0.1107,severe_recession,1664
2.4904,1.4353,0.5741,0.2119,177598783.26,0.121,severe_recession,1665
2.028,1.1872,0.4749,0.1726,119629700.42,0.0815,severe_recession,1666
2.6614,1.3146,0.5259,0.2264,173836263.75,0.1184,severe_recession,1667
2.2745,1.1481,0.4593,0.1935,129748067.82,0.0884,severe_recession,1668
2.2711,1.3112,0.5245,0.1932,147959918.28,0.1008,severe_recession,1669
2.6681,1.4701,0.588,0.227,194880034.76,0.1328,severe_recession,1670
2.5306,1.3568,0.5427,0.2153,170598156.78,0.1162,severe_recession,1671
2.5378,1.3185,0.5274,0.2159,166244656.65,0.1133,severe_recession,1672
2.2818,1.4547,0.5819,0.1941,164924577.54,0.1124,severe_recession,1673
3.0808,1.3369,0.5348,0.2621,204642601.01,0.1394,severe_recession,1674
2.5489,1.2514,0.5005,0.2169,158477183.73,0.108,severe_recession,1675
2.3251,1.3033,0.5213,0.1978,150566307.95,0.1026,severe_recession,1676
2.3184,1.3106,0.5242,0.1973,150968375.96,0.1029,severe_recession,1677
2.6868,1.3429,0.5372,0.2286,179267023.43,0.1221,severe_recession,1678
2.5826,1.2406,0.4963,0.2197,159193948.67,0.1085,severe_recession,1679
2.7034,1.3314,0.5326,0.23,178835645.64,0.1218,severe_recession,1680
2.3354,1.3231,0.5292,0.1987,153523289.56,0.1046,severe_recession,1681
2.2382,1.349,0.5396,0.1904,150014279.54,0.1022,severe_recession,1682
2.6673,1.4528,0.5811,0.2269,192526826.24,0.1312,severe_recession,1683
1.7675,1.3928,0.5571,0.1504,122311257.78,0.0833,severe_recession,1684
2.1426,1.1772,0.4709,0.1823,125316954.34,0.0854,severe_recession,1685
2.162,1.3422,0.5369,0.1839,144178261.77,0.0982,severe_recession,1686
2.8058,1.2999,0.52,0.2387,181216073.66,0.1235,severe_recession,1687
2.7973,1.4026,0.5611,0.238,194943225.92,0.1328,severe_recession,1688
2.6923,1.4151,0.5661,0.2291,189299761.01,0.129,severe_recession,1689
2.6318,1.2843,0.5137,0.2239,167943947.22,0.1144,severe_recession,1690
2.4512,1.2477,0.4991,0.2086,151953562.11,0.1035,severe_recession,1691
2.7256,1.3677,0.5471,0.2319,185212855.86,0.1262,severe_recession,1692
2.2193,1.3129,0.5252,0.1888,144763031.76,0.0986,severe_recession,1693
2.3354,1.2188,0.4875,0.1987,141422232.62,0.0964,severe_recession,1694
2.4807,1.475,0.59,0.2111,181797136.34,0.1239,severe_recession,1695
2.1862,1.2494,0.4998,0.186,135708019.54,0.0925,severe_recession,1696
2.1601,1.3665,0.5466,0.1838,146666753.42,0.0999,severe_recession,1697
2.5923,1.3122,0.5249,0.2206,169009840.26,0.1151,severe_recession,1698
2.0343,1.3165,0.5266,0.1731,133063294.85,0.0907,severe_recession,1699
2.8453,1.1817,0.4727,0.2421,167059622.24,0.1138,severe_recession,1700
2.0938,1.3425,0.537,0.1782,139665063.09,0.0952,severe_recession,1701
2.938,1.276,0.5104,0.25,186267216.97,0.1269,severe_recession,1702
2.7646,1.2888,0.5155,0.2352,177031534.25,0.1206,severe_recession,1703
2.7516,1.382,0.5528,0.2341,188934864.96,0.1287,severe_recession,1704
3.3513,1.2717,0.5087,0.2851,211751771.23,0.1443,severe_recession,1705
3.0161,1.35,0.54,0.2566,202302849.47,0.1378,severe_recession,1706
2.8476,1.2914,0.5166,0.2423,182709052.44,0.1245,severe_recession,1707
2.7093,1.3166,0.5266,0.2305,177225403.71,0.1207,severe_recession,1708
2.643,1.3051,0.522,0.2249,171382182.7,0.1168,severe_recession,1709
2.3563,1.4073,0.5629,0.2005,164758081.67,0.1122,severe_recession,1710
2.3909,1.371,0.5484,0.2034,162861347.89,0.111,severe_recession,1711
2.5211,1.2448,0.4979,0.2145,155924645.71,0.1062,severe_recession,1712
2.0181,1.3228,0.5291,0.1717,132635672.01,0.0904,severe_recession,1713
2.1868,1.2058,0.4823,0.1861,131007528.29,0.0893,severe_recession,1714
2.8671,1.2921,0.5168,0.2439,184055203.47,0.1254,severe_recession,1715
2.3264,1.4907,0.5963,0.1979,172309064.9,0.1174,severe_recession,1716
2.4217,1.5269,0.6108,0.206,183719479.88,0.1252,severe_recession,1717
2.5078,1.2341,0.4936,0.2134,153767620.08,0.1048,severe_recession,1718
2.4682,1.3595,0.5438,0.21,166719372.93,0.1136,severe_recession,1719
2.5087,1.2532,0.5013,0.2135,156206834.0,0.1064,severe_recession,1720
2.5199,1.4036,0.5614,0.2144,175734668.79,0.1197,severe_recession,1721
2.7003,1.3808,0.5523,0.2298,185250665.27,0.1262,severe_recession,1722
2.4015,1.4767,0.5907,0.2043,176191822.82,0.12,severe_recession,1723
2.5399,1.317,0.5268,0.2161,166195099.81,0.1132,severe_recession,1724
2.5939,1.381,0.5524,0.2207,177971205.55,0.1213,severe_recession,1725
2.3543,1.429,0.5716,0.2003,167157858.56,0.1139,severe_recession,1726
2.3074,1.2582,0.5033,0.1963,144246587.65,0.0983,severe_recession,1727
2.0802,1.1819,0.4728,0.177,122154825.59,0.0832,severe_recession,1728
2.6306,1.1205,0.4482,0.2238,146455041.14,0.0998,severe_recession,1729
2.2543,1.212,0.4848,0.1918,135742861.08,0.0925,severe_recession,1730
2.5758,1.2047,0.4819,0.2192,154182468.56,0.105,severe_recession,1731
2.5957,1.3289,0.5316,0.2209,171383333.95,0.1168,severe_recession,1732
2.3555,1.4107,0.5643,0.2004,165092753.91,0.1125,severe_recession,1733
2.7784,1.3777,0.5511,0.2364,190182914.18,0.1296,severe_recession,1734
2.6618,1.3217,0.5287,0.2265,174799168.51,0.1191,severe_recession,1735
2.5635,1.2422,0.4969,0.2181,158213840.06,0.1078,severe_recession,1736
2.1404,1.279,0.5116,0.1821,136014422.73,0.0927,severe_recession,1737
2.3106,1.3914,0.5566,0.1966,159742947.99,0.1088,severe_recession,1738
2.5865,1.3568,0.5427,0.2201,174363028.96,0.1188,severe_recession,1739
2.5765,1.3716,0.5487,0.2192,175586599.46,0.1196,severe_recession,1740
2.5158,1.2817,0.5127,0.2141,160207360.51,0.1091,severe_recession,1741
2.832,1.1478,0.4591,0.241,161506333.56,0.11,severe_recession,1742
2.2456,1.2163,0.4865,0.1911,135701606.12,0.0925,severe_recession,1743
2.7569,1.1188,0.4475,0.2346,153243837.38,0.1044,severe_recession,1744
2.5648,1.2213,0.4885,0.2182,155629367.06,0.106,severe_recession,1745
2.0121,1.3541,0.5416,0.1712,135368249.21,0.0922,severe_recession,1746
2.4244,1.2961,0.5184,0.2063,156123010.9,0.1064,severe_recession,1747
2.676,1.4022,0.5609,0.2277,186423726.83,0.127,severe_recession,1748
2.1995,1.2869,0.5148,0.1871,140638132.19,0.0958,severe_recession,1749
2.2425,1.206,0.4824,0.1908,134370256.6,0.0915,severe_recession,1750
2.5499,1.2623,0.5049,0.217,159914119.95,0.1089,severe_recession,1751
2.463,1.3407,0.5363,0.2096,164067555.47,0.1118,severe_recession,1752
2.3868,1.32,0.528,0.2031,156541311.86,0.1067,severe_recession,1753
2.3593,1.4419,0.5768,0.2007,169028964.94,0.1152,severe_recession,1754
2.7388,1.2968,0.5187,0.233,176459721.2,0.1202,severe_recession,1755
2.6715,1.2822,0.5129,0.2273,170192877.0,0.116,severe_recession,1756
2.3641,1.308,0.5232,0.2011,153630981.13,0.1047,severe_recession,1757
2.1465,1.1913,0.4765,0.1826,127050758.54,0.0866,severe_recession,1758
2.4845,1.2754,0.5102,0.2114,157443577.54,0.1073,severe_recession,1759
2.3104,1.1392,0.4557,0.1966,130773817.82,0.0891,severe_recession,1760
2.8083,1.2318,0.4927,0.2389,171871254.59,0.1171,severe_recession,1761
2.2839,1.3161,0.5264,0.1943,149345872.11,0.1017,severe_recession,1762
2.1901,1.2383,0.4953,0.1863,134743756.75,0.0918,severe_recession,1763
1.9697,1.2273,0.4909,0.1676,120108511.23,0.0818,severe_recession,1764
2.9349,1.2828,0.5131,0.2497,187061804.97,0.1274,severe_recession,1765
2.1415,1.3756,0.5502,0.1822,146363920.72,0.0997,severe_recession,1766
2.3349,1.2123,0.4849,0.1987,140640135.67,0.0958,severe_recession,1767
2.6109,1.3013,0.5205,0.2221,168805224.58,0.115,severe_recession,1768
2.3055,1.3216,0.5286,0.1962,151380858.06,0.1031,severe_recession,1769
2.4033,1.1591,0.4636,0.2045,138404978.29,0.0943,severe_recession,1770
2.4499,1.3007,0.5203,0.2084,158322111.3,0.1079,severe_recession,1771
2.5697,1.3092,0.5237,0.2186,167151636.84,0.1139,severe_recession,1772
2.2295,1.3069,0.5227,0.1897,144761312.12,0.0986,severe_recession,1773
2.9302,1.0775,0.431,0.2493,156869558.75,0.1069,severe_recession,1774
2.3974,1.2218,0.4887,0.204,145529643.56,0.0991,severe_recession,1775
2.6829,1.1599,0.464,0.2283,154615555.68,0.1053,severe_recession,1776
2.5222,1.3586,0.5435,0.2146,170257508.78,0.116,severe_recession,1777
2.5309,1.3268,0.5307,0.2153,166838333.79,0.1137,severe_recession,1778
3.0714,1.3878,0.5551,0.2613,211780332.45,0.1443,severe_recession,1779
2.6469,1.311,0.5244,0.2252,172415432.7,0.1175,severe_recession,1780
2.2582,1.2279,0.4912,0.1921,137774606.97,0.0939,severe_recession,1781
2.2684,1.3533,0.5413,0.193,152528726.24,0.1039,severe_recession,1782
2.7526,1.2274,0.491,0.2342,167866614.7,0.1144,severe_recession,1783
2.5374,1.2821,0.5128,0.2159,161632819.06,0.1101,severe_recession,1784
2.9544,1.4209,0.5684,0.2514,208573673.21,0.1421,severe_recession,1785
2.8277,1.2143,0.4857,0.2406,170602905.14,0.1162,severe_recession,1786
2.528,1.092,0.4368,0.2151,137155796.64,0.0934,severe_recession,1787
2.9632,1.1565,0.4626,0.2521,170261624.86,0.116,severe_recession,1788
2.623,1.3592,0.5437,0.2232,177136696.91,0.1207,severe_recession,1789
2.3364,1.2721,0.5088,0.1988,147664619.92,0.1006,severe_recession,1790
2.8591,1.2603,0.5041,0.2433,179027878.16,0.122,severe_recession,1791
2.667,1.2684,0.5074,0.2269,168077557.37,0.1145,severe_recession,1792
2.2799,1.3183,0.5273,0.194,149336787.5,0.1017,severe_recession,1793
2.5891,1.403,0.5612,0.2203,180475943.09,0.123,severe_recession,1794
2.5162,1.3373,0.5349,0.2141,167181686.69,0.1139,severe_recession,1795
2.8438,1.2238,0.4895,0.242,172908584.34,0.1178,severe_recession,1796
2.1171,1.2669,0.5068,0.1801,133266458.03,0.0908,severe_recession,1797
2.2393,1.2889,0.5156,0.1905,143409610.53,0.0977,severe_recession,1798
2.4994,1.4269,0.5708,0.2127,177193609.36,0.1207,severe_recession,1799
2.3976,1.2005,0.4802,0.204,143002811.15,0.0974,severe_recession,1800
2.2403,1.3712,0.5485,0.1906,152625569.5,0.104,severe_recession,1801
2.6625,1.3863,0.5545,0.2265,183385414.72,0.1249,severe_recession,1802
2.4803,1.2199,0.488,0.211,150334477.06,0.1024,severe_recession,1803
2.989,1.3473,0.5389,0.2543,200077443.4,0.1363,severe_recession,1804
2.6184,1.2118,0.4847,0.2228,157641431.3,0.1074,severe_recession,1805
2.0155,1.4411,0.5764,0.1715,144314103.95,0.0983,severe_recession,1806
2.582,1.2783,0.5113,0.2197,163984059.83,0.1117,severe_recession,1807
1.9031,1.1785,0.4714,0.1619,111430965.65,0.0759,severe_recession,1808
2.3183,1.3856,0.5542,0.1973,159599074.45,0.1087,severe_recession,1809
2.3907,1.4196,0.5678,0.2034,168615626.98,0.1149,severe_recession,1810
2.3564,1.3586,0.5434,0.2005,159066872.19,0.1084,severe_recession,1811
2.3811,1.1323,0.4529,0.2026,133956595.24,0.0913,severe_recession,1812
2.778,1.474,0.5896,0.2364,203439998.32,0.1386,severe_recession,1813
2.1516,1.361,0.5444,0.1831,145489725.29,0.0991,severe_recession,1814
2.5331,1.245,0.498,0.2155,156694882.08,0.1068,severe_recession,1815
2.7574,1.2603,0.5041,0.2346,172669802.76,0.1176,severe_recession,1816
2.4686,1.2598,0.5039,0.21,154513351.18,0.1053,severe_recession,1817
2.6251,1.3841,0.5536,0.2234,180519819.69,0.123,severe_recession,1818
2.7206,1.2474,0.499,0.2315,168614400.91,0.1149,severe_recession,1819
2.3158,1.1771,0.4708,0.197,135433866.39,0.0923,severe_recession,1820
2.6351,1.2424,0.497,0.2242,162665289.78,0.1108,severe_recession,1821
2.4867,1.3382,0.5353,0.2116,165339075.86,0.1126,severe_recession,1822
2.1006,1.2122,0.4849,0.1787,126517475.05,0.0862,severe_recession,1823
2.4056,1.3823,0.5529,0.2047,165220691.98,0.1126,severe_recession,1824
2.5151,1.3477,0.5391,0.214,168411173.53,0.1147,severe_recession,1825
2.1118,1.3715,0.5486,0.1797,143901977.2,0.098,severe_recession,1826
2.3865,1.28,0.512,0.2031,151774173.72,0.1034,severe_recession,1827
2.2334,1.3492,0.5397,0.19,149714619.64,0.102,severe_recession,1828
2.5908,1.2081,0.4832,0.2204,155505504.37,0.1059,severe_recession,1829
2.4075,1.4411,0.5764,0.2048,172373301.54,0.1174,severe_recession,1830
2.5859,1.2886,0.5155,0.22,165566074.55,0.1128,severe_recession,1831
2.4477,1.3519,0.5407,0.2083,164408338.48,0.112,severe_recession,1832
2.5249,1.2817,0.5127,0.2148,160791030.6,0.1095,severe_recession,1833
2.4363,1.2644,0.5058,0.2073,153047090.23,0.1043,severe_recession,1834
2.5876,1.3974,0.559,0.2202,179652556.81,0.1224,severe_recession,1835
2.4467,1.2628,0.5051,0.2082,153519868.2,0.1046,severe_recession,1836
2.4917,1.2176,0.487,0.212,150733231.46,0.1027,severe_recession,1837
2.1428,1.3083,0.5233,0.1823,139285898.11,0.0949,severe_recession,1838
2.8492,1.287,0.5148,0.2424,182194276.95,0.1241,severe_recession,1839
2.6164,1.2702,0.5081,0.2226,165124101.14,0.1125,severe_recession,1840
2.7527,1.2884,0.5153,0.2342,176204986.33,0.12,severe_recession,1841
2.4746,1.2032,0.4813,0.2105,147937624.23,0.1008,severe_recession,1842
2.4713,1.3792,0.5517,0.2103,169343995.34,0.1154,severe_recession,1843
2.6967,1.3156,0.5262,0.2294,176269059.33,0.1201,severe_recession,1844
2.7064,1.3301,0.532,0.2303,178850776.15,0.1219,severe_recession,1845
2.6086,1.3901,0.556,0.2219,180169390.98,0.1227,severe_recession,1846
2.1534,1.4658,0.5863,0.1832,156825242.78,0.1068,severe_recession,1847
2.6734,1.3255,0.5302,0.2275,176060933.34,0.12,severe_recession,1848
2.3659,1.3258,0.5303,0.2013,155852360.18,0.1062,severe_recession,1849
2.2604,1.2352,0.4941,0.1923,138715387.05,0.0945,severe_recession,1850
2.1374,1.271,0.5084,0.1819,134976117.11,0.092,severe_recession,1851
2.5172,1.2074,0.483,0.2142,151006167.94,0.1029,severe_recession,1852
2.1599,1.3397,0.5359,0.1838,143769590.95,0.098,severe_recession,1853
2.2236,1.2402,0.4961,0.1892,137016604.19,0.0933,severe_recession,1854
2.4667,1.3247,0.5299,0.2099,162357448.84,0.1106,severe_recession,1855
2.5783,1.3053,0.5221,0.2194,167212314.83,0.1139,severe_recession,1856
2.3138,1.2303,0.4921,0.1969,141433251.66,0.0964,severe_recession,1857
2.6705,1.3627,0.5451,0.2272,180803753.3,0.1232,severe_recession,1858
2.4761,1.2642,0.5057,0.2107,155531713.23,0.106,severe_recession,1859
2.497,1.296,0.5184,0.2125,160791918.87,0.1095,severe_recession,1860
2.7086,1.297,0.5188,0.2305,174548612.68,0.1189,severe_recession,1861
2.7963,1.3506,0.5402,0.2379,187641606.09,0.1278,severe_recession,1862
2.4188,1.3156,0.5263,0.2058,158110544.84,0.1077,severe_recession,1863
2.6412,1.3449,0.538,0.2247,176488143.74,0.1202,severe_recession,1864
2.7575,1.3317,0.5327,0.2346,182447964.27,0.1243,severe_recession,1865
2.4573,1.4149,0.5659,0.2091,172740313.4,0.1177,severe_recession,1866
2.2107,1.3602,0.5441,0.1881,149398412.28,0.1018,severe_recession,1867
3.1103,1.4176,0.567,0.2646,219065416.16,0.1492,severe_recession,1868
2.3549,1.0685,0.4274,0.2004,125022280.37,0.0852,severe_recession,1869
2.2007,1.3743,0.5497,0.1872,150274068.88,0.1024,severe_recession,1870
2.5619,1.3557,0.5423,0.218,172563505.07,0.1176,severe_recession,1871
2.5682,1.2593,0.5037,0.2185,160686753.35,0.1095,severe_recession,1872
2.6425,1.3096,0.5238,0.2248,171941590.29,0.1171,severe_recession,1873
2.522,1.3512,0.5405,0.2146,169312062.6,0.1154,severe_recession,1874
2.2311,1.2622,0.5049,0.1898,139912267.71,0.0953,severe_recession,1875
2.0402,1.3109,0.5244,0.1736,132881784.66,0.0905,severe_recession,1876
2.2847,1.328,0.5312,0.1944,150749628.08,0.1027,severe_recession,1877
2.4634,1.3188,0.5275,0.2096,161414755.14,0.11,severe_recession,1878
2.4246,1.3482,0.5393,0.2063,162414249.8,0.1107,severe_recession,1879
2.3869,1.2747,0.5099,0.2031,151173493.92,0.103,severe_recession,1880
2.8307,1.2669,0.5068,0.2408,178184324.75,0.1214,severe_recession,1881
2.8556,1.265,0.506,0.243,179481085.95,0.1223,severe_recession,1882
2.5773,1.3127,0.5251,0.2193,168099340.77,0.1145,severe_recession,1883
2.848,1.2182,0.4873,0.2423,172381179.84,0.1174,severe_recession,1884
2.6121,1.2682,0.5073,0.2222,164594048.7,0.1121,severe_recession,1885
2.4286,1.2363,0.4945,0.2066,149179401.26,0.1016,severe_recession,1886
2.6234,1.3201,0.528,0.2232,172065465.89,0.1172,severe_recession,1887
2.8628,1.1866,0.4746,0.2436,168782463.93,0.115,severe_recession,1888
2.4926,1.4234,0.5694,0.2121,176277519.82,0.1201,severe_recession,1889
2.4887,1.3306,0.5322,0.2117,164530636.03,0.1121,severe_recession,1890
2.4935,1.3563,0.5425,0.2122,168034250.12,0.1145,severe_recession,1891
2.8621,1.2728,0.5091,0.2435,180990587.43,0.1233,severe_recession,1892
2.0648,1.2914,0.5166,0.1757,132487091.79,0.0903,severe_recession,1893
2.0503,1.3743,0.5497,0.1744,139998988.58,0.0954,severe_recession,1894
2.1524,1.3278,0.5311,0.1831,141994999.18,0.0967,severe_recession,1895
2.3698,1.301,0.5204,0.2016,153180280.08,0.1044,severe_recession,1896
2.3653,1.3512,0.5405,0.2013,158794454.7,0.1082,severe_recession,1897
2.3268,1.2468,0.4987,0.198,144138334.76,0.0982,severe_recession,1898
2.6264,1.2102,0.4841,0.2235,157918448.16,0.1076,severe_recession,1899
2.5501,1.1201,0.4481,0.217,141923142.78,0.0967,severe_recession,1900
2.7593,1.2877,0.5151,0.2348,176540518.05,0.1203,severe_recession,1901
2.551,1.2383,0.4953,0.217,156946787.29,0.1069,severe_recession,1902
2.7046,1.471,0.5884,0.2301,197665856.8,0.1347,severe_recession,1903
2.4154,1.3491,0.5397,0.2055,161909556.58,0.1103,severe_recession,1904
2.3773,1.2035,0.4814,0.2023,142156928.75,0.0969,severe_recession,1905
2.3507,1.3498,0.5399,0.2,157650776.66,0.1074,severe_recession,1906
2.3718,1.4386,0.5754,0.2018,169529105.98,0.1155,severe_recession,1907
2.5661,1.2837,0.5135,0.2183,163664163.14,0.1115,severe_recession,1908
2.5888,1.3309,0.5324,0.2203,171180998.19,0.1166,severe_recession,1909
2.8492,1.2863,0.5145,0.2424,182095086.16,0.1241,severe_recession,1910
2.4729,1.2903,0.5161,0.2104,158527916.12,0.108,severe_recession,1911
1.903,1.2006,0.4803,0.1619,113518827.33,0.0773,severe_recession,1912
2.6747,1.3295,0.5318,0.2276,176680932.06,0.1204,severe_recession,1913
2.7463,1.2323,0.4929,0.2337,168146545.26,0.1146,severe_recession,1914
2.9321,1.3702,0.5481,0.2495,199608080.63,0.136,severe_recession,1915
2.9142,1.3398,0.5359,0.248,193992971.62,0.1322,severe_recession,1916
2.6762,1.2492,0.4997,0.2277,166103304.87,0.1132,severe_recession,1917
2.6478,1.2516,0.5006,0.2253,164654601.84,0.1122,severe_recession,1918
2.4868,1.3626,0.545,0.2116,168355407.02,0.1147,severe_recession,1919
2.8003,1.4245,0.5698,0.2383,198191044.5,0.135,severe_recession,1920
2.5324,1.1835,0.4734,0.2155,148910613.3,0.1015,severe_recession,1921
2.9367,1.4758,0.5903,0.2499,215329248.73,0.1467,severe_recession,1922
2.64,1.4041,0.5616,0.2246,184174502.6,0.1255,severe_recession,1923
1.9225,1.3712,0.5485,0.1636,130977151.77,0.0892,severe_recession,1924
2.4214,1.2759,0.5104,0.206,153497150.72,0.1046,severe_recession,1925
2.0676,1.3561,0.5424,0.1759,139311216.55,0.0949,severe_recession,1926
2.2168,1.1483,0.4593,0.1886,126477577.84,0.0862,severe_recession,1927
2.5472,1.3075,0.523,0.2167,165476456.16,0.1127,severe_recession,1928
2.5958,1.2582,0.5033,0.2209,162273773.54,0.1106,severe_recession,1929
2.4679,1.2499,0.5,0.21,153261241.23,0.1044,severe_recession,1930
2.1708,1.3949,0.558,0.1847,150449685.9,0.1025,severe_recession,1931
2.818,1.1756,0.4703,0.2398,164606180.05,0.1121,severe_recession,1932
2.8136,1.343,0.5372,0.2394,187749369.53,0.1279,severe_recession,1933
2.8047,1.2831,0.5132,0.2386,178796620.85,0.1218,severe_recession,1934
2.6906,1.2337,0.4935,0.2289,164925670.37,0.1124,severe_recession,1935
2.5043,1.4381,0.5752,0.2131,178933514.1,0.1219,severe_recession,1936
2.7363,1.3101,0.524,0.2328,178102973.32,0.1213,severe_recession,1937
2.6855,1.3848,0.5539,0.2285,184775655.17,0.1259,severe_recession,1938
2.1174,1.333,0.5332,0.1802,140238494.98,0.0955,severe_recession,1939
2.5073,1.2912,0.5165,0.2133,160848297.61,0.1096,severe_recession,1940
2.7396,1.2651,0.506,0.2331,172195939.9,0.1173,severe_recession,1941
2.5935,1.2169,0.4868,0.2207,156806989.78,0.1068,severe_recession,1942
2.4812,1.3454,0.5382,0.2111,165854004.84,0.113,severe_recession,1943
2.557,1.2557,0.5023,0.2176,159530881.56,0.1087,severe_recession,1944
2.4322,1.3472,0.5389,0.2069,162793108.23,0.1109,severe_recession,1945
2.6006,1.1766,0.4706,0.2213,152023873.95,0.1036,severe_recession,1946
2.4688,1.3531,0.5412,0.2101,165978890.17,0.1131,severe_recession,1947
2.5223,1.2919,0.5168,0.2146,161901530.76,0.1103,severe_recession,1948
2.3396,1.2208,0.4883,0.1991,141912796.93,0.0967,severe_recession,1949
2.6907,1.2702,0.5081,0.2289,169804998.31,0.1157,severe_recession,1950
2.5225,1.3389,0.5356,0.2146,167811307.45,0.1143,severe_recession,1951
2.9198,1.297,0.5188,0.2484,188149116.26,0.1282,severe_recession,1952
2.833,1.2617,0.5047,0.241,177595449.28,0.121,severe_recession,1953
2.3859,1.3005,0.5202,0.203,154162689.1,0.105,severe_recession,1954
2.4489,1.3637,0.5455,0.2084,165925642.64,0.113,severe_recession,1955
2.0041,1.2573,0.5029,0.1705,125190505.56,0.0853,severe_recession,1956
2.4582,1.2072,0.4829,0.2092,147442604.09,0.1005,severe_recession,1957
2.4875,1.3784,0.5514,0.2116,170355472.87,0.1161,severe_recession,1958
2.4954,1.463,0.5852,0.2123,181387519.61,0.1236,severe_recession,1959
2.2253,1.3378,0.5351,0.1893,147907231.32,0.1008,severe_recession,1960
2.5871,1.266,0.5064,0.2201,162727457.78,0.1109,severe_recession,1961
2.4702,1.31,0.524,0.2102,160776776.62,0.1095,severe_recession,1962
2.4557,1.3461,0.5385,0.2089,164246450.63,0.1119,severe_recession,1963
2.3531,1.4651,0.586,0.2002,171285976.56,0.1167,severe_recession,1964
2.7375,1.4199,0.568,0.2329,193126444.66,0.1316,severe_recession,1965
2.4764,1.2537,0.5015,0.2107,154253194.61,0.1051,severe_recession,1966
2.9325,1.2518,0.5007,0.2495,182386595.42,0.1243,severe_recession,1967
2.1721,1.3899,0.556,0.1848,149997712.83,0.1022,severe_recession,1968
2.744,1.3117,0.5247,0.2335,178826683.51,0.1218,severe_recession,1969
2.8777,1.2831,0.5132,0.2449,183455388.71,0.125,severe_recession,1970
2.9383,1.4291,0.5716,0.25,208629508.6,0.1421,severe_recession,1971
2.5854,1.2424,0.497,0.22,159601630.36,0.1087,severe_recession,1972
3.0627,1.3786,0.5515,0.2606,209785801.14,0.1429,severe_recession,1973
2.1926,1.1051,0.442,0.1866,120389241.76,0.082,severe_recession,1974
2.2552,1.2792,0.5117,0.1919,143330894.74,0.0977,severe_recession,1975
2.3513,1.3512,0.5405,0.2001,157852076.1,0.1075,severe_recession,1976
2.3588,1.2572,0.5029,0.2007,147346624.1,0.1004,severe_recession,1977
2.5429,1.2878,0.5151,0.2164,162700524.85,0.1108,severe_recession,1978
2.2197,1.3143,0.5257,0.1889,144949987.5,0.0988,severe_recession,1979
2.352,1.0914,0.4366,0.2001,127541475.3,0.0869,severe_recession,1980
2.6984,1.1488,0.4595,0.2296,154020393.03,0.1049,severe_recession,1981
2.3462,1.1549,0.462,0.1996,134629719.77,0.0917,severe_recession,1982
2.4721,1.1441,0.4576,0.2103,140524590.21,0.0957,severe_recession,1983
2.3185,1.1863,0.4745,0.1973,136652614.19,0.0931,severe_recession,1984
2.4063,1.4412,0.5765,0.2047,172304288.94,0.1174,severe_recession,1985
2.3797,1.35,0.54,0.2025,159611458.45,0.1087,severe_recession,1986
2.537,1.3411,0.5365,0.2159,169053599.77,0.1152,severe_recession,1987
2.2525,1.3049,0.522,0.1917,146042031.57,0.0995,severe_recession,1988
2.3591,1.2992,0.5197,0.2007,152283323.79,0.1038,severe_recession,1989
2.395,1.2521,0.5008,0.2038,148991280.33,0.1015,severe_recession,1990
2.4163,1.2873,0.5149,0.2056,154536127.98,0.1053,severe_recession,1991
2.2331,1.3628,0.5451,0.19,151206033.17,0.103,severe_recession,1992
2.1337,1.3154,0.5262,0.1815,139456036.25,0.095,severe_recession,1993
2.4478,1.2724,0.509,0.2083,154753656.53,0.1054,severe_recession,1994
2.6106,1.2925,0.517,0.2221,167650135.46,0.1142,severe_recession,1995
1.9541,1.2877,0.5151,0.1663,125025140.93,0.0852,severe_recession,1996
2.7395,1.2718,0.5087,0.2331,173110081.04,0.1179,severe_recession,1997
2.2952,1.0694,0.4278,0.1953,121953676.05,0.0831,severe_recession,1998
2.6905,1.2875,0.515,0.2289,172108635.06,0.1173,severe_recession,1999
2.6491,1.2086,0.4835,0.2254,159081007.28,0.1084,severe_recession,2000
