issue_d,loan_amnt,int_rate,term,grade,home_ownership,purpose,annual_inc,dti,fico,loan_status
2016-01-01,32939,11.01, 36 months,C,OWN,debt_consolidation,49906.0,4.46,770.0,Fully Paid
2016-01-01,24044,5.0, 36 months,A,OWN,credit_card,76154.0,16.89,668.0,Fully Paid
2016-01-01,18405,6.52, 60 months,B,MORTGAGE,debt_consolidation,64901.0,3.6,763.0,Fully Paid
2016-01-01,26988,12.64, 36 months,C,MORTGAGE,credit_card,54395.0,5.55,667.0,Fully Paid
2016-01-01,13139,5.0, 36 months,A,RENT,debt_consolidation,79068.0,19.67,801.0,Fully Paid
2016-01-01,21384,26.97, 36 months,G,RENT,debt_consolidation,119767.0,6.97,601.0,Charged Off
2016-01-01,9523,11.59, 36 months,C,MORTGAGE,debt_consolidation,125509.0,9.13,736.0,Fully Paid
2016-01-01,34670,18.38, 36 months,E,RENT,home_improvement,96004.0,6.93,635.0,Charged Off
2016-01-01,28917,14.2, 36 months,D,RENT,debt_consolidation,,6.46,743.0,Fully Paid
2016-01-01,33084,7.79, 36 months,B,RENT,debt_consolidation,68125.0,13.22,691.0,Fully Paid
2016-01-01,6535,12.44, 36 months,C,RENT,home_improvement,66526.0,16.04,723.0,Fully Paid
2016-01-01,14557,5.0, 60 months,A,MORTGAGE,debt_consolidation,,10.45,784.0,Fully Paid
2016-01-01,3394,15.78, 60 months,D,OWN,credit_card,123055.0,20.22,653.0,Charged Off
2016-01-01,4049,19.95, 36 months,E,RENT,other,84683.0,21.87,636.0,Fully Paid
2016-01-01,27119,5.44, 36 months,B,MORTGAGE,credit_card,59993.0,21.04,766.0,Fully Paid
2016-01-01,31644,15.66, 36 months,E,RENT,credit_card,97704.0,16.7,843.0,Fully Paid
2016-01-01,6093,14.45, 36 months,D,MORTGAGE,debt_consolidation,,19.59,757.0,Fully Paid
2016-01-01,9746,5.0, 60 months,A,RENT,credit_card,144769.0,16.52,720.0,Fully Paid
2016-01-01,33384,5.0, 36 months,A,RENT,debt_consolidation,46103.0,24.91,714.0,Fully Paid
2016-01-01,29657,5.0, 36 months,A,RENT,debt_consolidation,80397.0,13.38,718.0,Fully Paid
2016-01-01,26201,14.92, 36 months,D,MORTGAGE,debt_consolidation,83831.0,17.91,678.0,Charged Off
2016-01-01,7133,7.88, 36 months,B,MORTGAGE,debt_consolidation,72690.0,13.19,767.0,Fully Paid
2016-01-01,17886,5.34, 36 months,B,OWN,debt_consolidation,48556.0,0.0,805.0,Fully Paid
2016-01-01,32962,5.0, 36 months,A,MORTGAGE,home_improvement,80286.0,0.01,624.0,Fully Paid
2016-01-01,22087,6.38, 36 months,B,RENT,home_improvement,61181.0,29.38,754.0,Fully Paid
2016-01-01,30388,6.27, 60 months,B,MORTGAGE,credit_card,64624.0,0.0,753.0,Fully Paid
2016-01-01,7071,5.0, 36 months,A,OWN,debt_consolidation,95582.0,4.41,621.0,Fully Paid
2016-01-01,6202,15.34, 36 months,D,MORTGAGE,credit_card,19230.0,13.39,666.0,Fully Paid
2016-01-01,5995,16.83, 36 months,E,RENT,debt_consolidation,49288.0,30.91,756.0,Charged Off
2016-01-01,6151,13.19, 36 months,C,RENT,home_improvement,77112.0,16.79,693.0,Fully Paid
2016-01-01,14565,16.46, 36 months,D,RENT,debt_consolidation,62826.0,14.65,661.0,Fully Paid
2016-01-01,15255,15.72, 36 months,D,MORTGAGE,debt_consolidation,125526.0,,728.0,Fully Paid
2016-01-01,24684,5.48, 60 months,B,OWN,other,46685.0,22.73,772.0,Fully Paid
2016-01-01,20584,5.0, 36 months,A,OWN,credit_card,76710.0,14.88,620.0,Fully Paid
2016-01-01,31432,5.0, 36 months,A,RENT,debt_consolidation,43665.0,22.88,684.0,Charged Off
2016-01-01,25676,7.6, 36 months,B,OWN,debt_consolidation,77786.0,19.67,769.0,Fully Paid
2016-01-01,26465,5.0, 60 months,A,RENT,debt_consolidation,79234.0,16.67,726.0,Fully Paid
2016-01-01,27304,13.31, 60 months,C,OWN,debt_consolidation,58087.0,1.35,618.0,Fully Paid
2016-01-01,5151,10.4, 36 months,C,MORTGAGE,debt_consolidation,111748.0,15.78,830.0,Fully Paid
2016-01-01,22919,26.22, 36 months,G,OWN,credit_card,84687.0,6.98,696.0,Fully Paid
2016-01-01,13358,11.39, 36 months,C,RENT,small_business,90398.0,18.83,711.0,Fully Paid
2016-01-01,11410,19.77, 36 months,F,MORTGAGE,small_business,58777.0,27.53,649.0,Fully Paid
2016-01-01,31435,6.53, 60 months,B,RENT,home_improvement,88804.0,9.36,750.0,Fully Paid
2016-01-01,1723,12.24, 60 months,C,OWN,other,98004.0,18.76,744.0,Fully Paid
2016-02-01,20750,12.02, 36 months,C,OWN,debt_consolidation,76404.0,11.57,,Charged Off
2016-02-01,1746,15.67, 60 months,D,RENT,debt_consolidation,60192.0,13.98,614.0,Charged Off
2016-02-01,17860,7.63, 60 months,B,OWN,other,108738.0,5.72,701.0,Fully Paid
2016-02-01,4158,14.19, 36 months,D,MORTGAGE,small_business,58425.0,25.43,831.0,Fully Paid
2016-02-01,8185,18.29, 36 months,E,MORTGAGE,other,67594.0,13.3,695.0,Fully Paid
2016-02-01,26980,13.97, 36 months,C,MORTGAGE,credit_card,,20.23,626.0,Fully Paid
2016-02-01,28847,5.0, 60 months,A,MORTGAGE,small_business,133028.0,19.71,607.0,Charged Off
2016-02-01,16509,5.0, 60 months,A,MORTGAGE,small_business,74400.0,20.04,759.0,Fully Paid
2016-02-01,16551,5.0, 36 months,A,RENT,debt_consolidation,80253.0,20.58,650.0,Fully Paid
2016-02-01,5068,20.93, 36 months,F,OWN,credit_card,74484.0,6.36,688.0,Charged Off
2016-02-01,33074,5.23, 36 months,B,MORTGAGE,other,104092.0,0.81,791.0,Fully Paid
2016-02-01,18927,5.0, 36 months,A,OWN,debt_consolidation,123533.0,17.38,703.0,Fully Paid
2016-02-01,16552,5.0, 36 months,A,RENT,debt_consolidation,74837.0,18.88,,Fully Paid
2016-02-01,10427,14.17, 36 months,D,RENT,small_business,77945.0,3.49,722.0,Charged Off
2016-02-01,7355,5.0, 36 months,A,MORTGAGE,credit_card,98332.0,17.29,777.0,Fully Paid
2016-02-01,29697,5.0, 36 months,A,RENT,credit_card,105055.0,2.47,662.0,Fully Paid
2016-02-01,19474,5.0, 60 months,A,RENT,small_business,106094.0,18.92,821.0,Fully Paid
2016-02-01,13187,7.99, 60 months,B,MORTGAGE,other,111420.0,38.0,725.0,Charged Off
2016-02-01,10518,13.32, 36 months,D,RENT,debt_consolidation,98478.0,7.82,830.0,Fully Paid
2016-02-01,31645,11.77, 36 months,C,,debt_consolidation,103475.0,,741.0,Fully Paid
2016-02-01,6407,5.0, 36 months,A,RENT,debt_consolidation,59186.0,30.69,694.0,Fully Paid
2016-02-01,31231,18.09, 36 months,E,RENT,credit_card,90882.0,23.99,608.0,Fully Paid
2016-02-01,32752,14.3, 36 months,D,RENT,credit_card,76091.0,6.12,737.0,Fully Paid
2016-02-01,2026,20.72, 36 months,E,MORTGAGE,debt_consolidation,76895.0,0.0,604.0,Charged Off
2016-02-01,19500,13.8, 36 months,C,MORTGAGE,other,74451.0,4.99,631.0,Fully Paid
2016-02-01,27209,23.47, 36 months,G,,other,111942.0,2.9,774.0,Fully Paid
2016-02-01,23962,18.51, 36 months,E,MORTGAGE,debt_consolidation,56604.0,15.15,732.0,Fully Paid
2016-02-01,30173,7.81, 36 months,B,RENT,credit_card,71003.0,12.55,766.0,Fully Paid
2016-02-01,11015,10.57, 36 months,C,OWN,debt_consolidation,75689.0,6.38,821.0,Fully Paid
2016-02-01,29104,5.0, 36 months,A,MORTGAGE,debt_consolidation,,14.62,726.0,Fully Paid
2016-02-01,33760,24.29, 36 months,G,MORTGAGE,debt_consolidation,72917.0,4.5,790.0,Fully Paid
2016-02-01,20067,16.08, 36 months,D,RENT,home_improvement,41717.0,25.02,605.0,Fully Paid
2016-02-01,34643,18.29, 36 months,E,RENT,debt_consolidation,57523.0,1.92,644.0,Fully Paid
2016-02-01,6748,22.34, 36 months,F,RENT,debt_consolidation,56484.0,12.16,602.0,Fully Paid
2016-02-01,16639,14.0, 60 months,D,OWN,debt_consolidation,83317.0,17.58,735.0,Fully Paid
2016-02-01,3772,17.5, 36 months,E,OWN,debt_consolidation,58236.0,18.0,673.0,Fully Paid
2016-02-01,28383,8.67, 36 months,B,MORTGAGE,home_improvement,96885.0,13.53,683.0,Fully Paid
2016-02-01,24951,5.0, 36 months,A,RENT,debt_consolidation,,3.13,688.0,Fully Paid
2016-02-01,12119,13.67, 60 months,C,MORTGAGE,debt_consolidation,54329.0,20.28,633.0,Charged Off
2016-02-01,31924,15.38, 60 months,D,RENT,credit_card,,13.78,693.0,Fully Paid
2016-02-01,6033,10.71, 36 months,C,RENT,debt_consolidation,,30.75,848.0,Fully Paid
2016-02-01,10328,5.84, 60 months,B,OWN,credit_card,76241.0,16.47,782.0,Fully Paid
2016-02-01,7186,5.0, 36 months,A,OWN,credit_card,40671.0,11.5,719.0,Fully Paid
2016-02-01,18597,8.72, 36 months,C,MORTGAGE,credit_card,96634.0,17.7,807.0,Fully Paid
2016-02-01,3265,18.62, 36 months,F,MORTGAGE,small_business,73263.0,19.43,727.0,Fully Paid
2016-02-01,8874,8.2, 36 months,B,MORTGAGE,debt_consolidation,77465.0,22.25,649.0,Charged Off
2016-02-01,16312,5.0, 36 months,A,OWN,debt_consolidation,97969.0,,721.0,Fully Paid
2016-02-01,15368,5.62, 36 months,B,OWN,debt_consolidation,81054.0,12.94,801.0,Fully Paid
2016-02-01,6554,15.62, 36 months,E,MORTGAGE,debt_consolidation,44649.0,9.24,814.0,Fully Paid
2016-03-01,32809,16.39, 36 months,D,OWN,debt_consolidation,43762.0,6.96,652.0,Charged Off
2016-03-01,32941,7.04, 36 months,B,OWN,debt_consolidation,125273.0,17.22,696.0,Fully Paid
2016-03-01,2018,7.12, 36 months,B,MORTGAGE,debt_consolidation,79954.0,20.46,767.0,Fully Paid
2016-03-01,22595,20.47, 36 months,F,MORTGAGE,debt_consolidation,28104.0,26.68,668.0,Fully Paid
2016-03-01,30220,16.79, 36 months,E,MORTGAGE,debt_consolidation,70159.0,19.53,713.0,Fully Paid
2016-03-01,18024,15.93, 36 months,D,OWN,home_improvement,82178.0,18.73,662.0,Fully Paid
2016-03-01,2019,19.01, 36 months,F,RENT,debt_consolidation,82459.0,0.0,743.0,Fully Paid
2016-03-01,26877,8.62, 36 months,B,MORTGAGE,small_business,80358.0,3.3,651.0,Fully Paid
2016-03-01,8101,12.78, 60 months,C,RENT,debt_consolidation,65067.0,10.25,699.0,Fully Paid
2016-03-01,30019,15.76, 36 months,D,MORTGAGE,credit_card,116300.0,18.01,659.0,Fully Paid
2016-03-01,29810,13.86, 36 months,D,RENT,debt_consolidation,63800.0,6.55,791.0,Fully Paid
2016-03-01,28879,7.59, 60 months,B,RENT,credit_card,79349.0,0.0,618.0,Fully Paid
2016-03-01,10171,5.0, 60 months,A,RENT,other,47039.0,0.31,819.0,Fully Paid
2016-03-01,16108,5.3, 60 months,B,,credit_card,124739.0,19.5,758.0,Fully Paid
2016-03-01,27883,5.0, 36 months,A,MORTGAGE,debt_consolidation,132581.0,11.04,609.0,Fully Paid
2016-03-01,3377,5.0, 36 months,A,MORTGAGE,other,123769.0,16.86,625.0,Fully Paid
2016-03-01,16537,14.91, 36 months,E,MORTGAGE,debt_consolidation,73236.0,24.03,795.0,Fully Paid
2016-03-01,9580,18.04, 60 months,F,RENT,credit_card,67754.0,7.61,835.0,Fully Paid
2016-03-01,25860,5.0, 60 months,A,MORTGAGE,credit_card,89229.0,19.75,819.0,Fully Paid
2016-03-01,33843,5.0, 36 months,A,OWN,credit_card,84360.0,20.97,707.0,Fully Paid
2016-03-01,22192,16.23, 36 months,E,MORTGAGE,other,56876.0,1.81,769.0,Charged Off
2016-03-01,12280,13.78, 60 months,C,OWN,home_improvement,56293.0,3.5,604.0,Fully Paid
2016-03-01,32665,10.73, 36 months,C,RENT,small_business,33130.0,0.11,822.0,Fully Paid
2016-03-01,17468,5.8, 36 months,B,RENT,debt_consolidation,109663.0,10.85,828.0,Charged Off
2016-03-01,4138,5.0, 36 months,A,OWN,small_business,117294.0,23.67,766.0,Fully Paid
2016-03-01,30534,12.92, 36 months,C,RENT,debt_consolidation,123770.0,0.0,710.0,Fully Paid
2016-03-01,30339,17.02, 36 months,E,OWN,small_business,86709.0,16.34,740.0,Fully Paid
2016-03-01,25281,21.4, 60 months,F,MORTGAGE,debt_consolidation,116346.0,2.18,633.0,Fully Paid
2016-03-01,16139,13.34, 36 months,D,RENT,debt_consolidation,53253.0,27.73,804.0,Fully Paid
2016-03-01,19155,5.0, 36 months,A,RENT,debt_consolidation,78138.0,10.65,734.0,Fully Paid
2016-03-01,4205,5.0, 36 months,A,RENT,credit_card,47220.0,14.71,728.0,Fully Paid
2016-03-01,15144,13.77, 36 months,D,RENT,small_business,88691.0,3.69,,Fully Paid
2016-03-01,12418,18.19, 60 months,E,MORTGAGE,debt_consolidation,99135.0,9.16,,Fully Paid
2016-03-01,31571,5.0, 36 months,A,MORTGAGE,debt_consolidation,75302.0,19.06,658.0,Charged Off
2016-03-01,8230,17.73, 36 months,E,MORTGAGE,credit_card,62389.0,18.27,663.0,Fully Paid
2016-03-01,34713,10.62, 36 months,C,RENT,debt_consolidation,58878.0,0.0,760.0,Fully Paid
2016-03-01,18826,18.53, 36 months,E,RENT,credit_card,73430.0,12.35,681.0,Fully Paid
2016-04-01,8686,18.29, 60 months,E,MORTGAGE,credit_card,57973.0,21.73,656.0,Fully Paid
2016-04-01,26954,16.53, 36 months,E,RENT,debt_consolidation,69359.0,25.83,729.0,Fully Paid
2016-04-01,17955,25.94, 60 months,G,MORTGAGE,home_improvement,88404.0,27.96,664.0,Fully Paid
2016-04-01,27291,18.91, 36 months,F,MORTGAGE,credit_card,98874.0,11.22,739.0,Fully Paid
2016-04-01,31176,5.0, 36 months,A,OWN,credit_card,49706.0,29.96,720.0,Fully Paid
2016-04-01,18226,9.28, 36 months,B,,debt_consolidation,70080.0,9.17,600.0,Fully Paid
2016-04-01,28792,14.81, 36 months,D,OWN,debt_consolidation,,16.68,779.0,Fully Paid
2016-04-01,12892,14.1, 60 months,E,RENT,other,83899.0,20.64,847.0,Fully Paid
2016-04-01,4256,12.85, 36 months,C,MORTGAGE,credit_card,62675.0,24.38,706.0,Charged Off
2016-04-01,16317,11.15, 36 months,C,OWN,credit_card,54826.0,27.38,844.0,Fully Paid
2016-04-01,29845,5.0, 36 months,A,MORTGAGE,debt_consolidation,77261.0,9.0,,Fully Paid
2016-04-01,2055,14.52, 60 months,E,RENT,credit_card,88836.0,9.28,833.0,Fully Paid
2016-04-01,15367,13.39, 36 months,C,MORTGAGE,other,67793.0,,600.0,Fully Paid
2016-04-01,21220,5.95, 36 months,B,RENT,small_business,63996.0,3.6,790.0,Fully Paid
2016-04-01,3905,16.76, 60 months,D,MORTGAGE,other,54282.0,12.87,685.0,Charged Off
2016-04-01,26118,17.24, 36 months,E,RENT,small_business,21594.0,12.0,701.0,Fully Paid
2016-04-01,26810,16.7, 60 months,D,RENT,debt_consolidation,65230.0,19.1,605.0,Charged Off
2016-04-01,32995,10.08, 60 months,C,MORTGAGE,debt_consolidation,62142.0,14.01,842.0,Fully Paid
2016-04-01,2478,7.9, 60 months,B,RENT,debt_consolidation,87379.0,8.06,641.0,Fully Paid
2016-04-01,27868,16.82, 36 months,E,MORTGAGE,debt_consolidation,53656.0,13.28,764.0,Fully Paid
2016-04-01,19580,20.37, 36 months,F,MORTGAGE,debt_consolidation,73952.0,0.7,,Fully Paid
2016-04-01,18943,7.55, 36 months,B,RENT,small_business,96116.0,15.36,664.0,Fully Paid
2016-04-01,2871,10.33, 36 months,C,MORTGAGE,debt_consolidation,53580.0,10.08,825.0,Fully Paid
2016-04-01,7808,5.01, 60 months,B,MORTGAGE,small_business,77309.0,0.0,844.0,Charged Off
2016-04-01,30407,5.14, 36 months,B,RENT,other,64615.0,19.52,782.0,Fully Paid
2016-04-01,4237,5.0, 36 months,A,RENT,debt_consolidation,83769.0,,717.0,Fully Paid
2016-04-01,12675,12.85, 60 months,D,RENT,debt_consolidation,89097.0,18.5,819.0,Fully Paid
2016-04-01,2744,21.66, 36 months,F,MORTGAGE,other,28532.0,21.08,661.0,Charged Off
2016-04-01,25160,5.0, 60 months,B,RENT,home_improvement,79660.0,,816.0,Fully Paid
2016-04-01,10701,13.26, 36 months,C,RENT,credit_card,82864.0,8.15,639.0,Fully Paid
2016-04-01,14148,5.95, 36 months,B,RENT,small_business,85504.0,11.86,827.0,Fully Paid
2016-04-01,6799,5.0, 36 months,A,RENT,debt_consolidation,69396.0,18.4,830.0,Fully Paid
2016-04-01,25899,13.23, 36 months,C,RENT,debt_consolidation,78601.0,43.4,696.0,Fully Paid
2016-04-01,5807,5.0, 36 months,A,OWN,credit_card,102222.0,7.28,633.0,Fully Paid
2016-04-01,5484,24.73, 60 months,G,OWN,debt_consolidation,74036.0,17.93,707.0,Fully Paid
2016-04-01,3880,14.1, 36 months,E,RENT,small_business,32415.0,12.4,840.0,Fully Paid
2016-04-01,11156,5.0, 36 months,A,MORTGAGE,small_business,64703.0,9.28,603.0,Fully Paid
2016-04-01,16151,5.0, 60 months,A,OWN,debt_consolidation,92029.0,18.45,696.0,Fully Paid
2016-04-01,4966,13.6, 36 months,C,OWN,other,78670.0,15.23,642.0,Fully Paid
2016-04-01,24806,5.0, 36 months,A,MORTGAGE,debt_consolidation,87176.0,11.41,747.0,Fully Paid
2016-04-01,13245,5.93, 36 months,B,OWN,other,77567.0,20.07,724.0,Fully Paid
2016-04-01,31241,15.83, 36 months,E,OWN,credit_card,88440.0,22.06,788.0,Fully Paid
2016-04-01,25945,8.49, 60 months,B,RENT,credit_card,49035.0,11.09,698.0,Fully Paid
2016-04-01,3393,17.0, 36 months,E,RENT,home_improvement,64713.0,24.21,789.0,Fully Paid
2016-05-01,30377,7.62, 60 months,B,RENT,credit_card,42182.0,11.01,753.0,Fully Paid
2016-05-01,31438,22.68, 36 months,G,MORTGAGE,credit_card,70966.0,25.96,849.0,Fully Paid
2016-05-01,29075,5.0, 36 months,A,RENT,debt_consolidation,103612.0,13.97,721.0,Fully Paid
2016-05-01,4449,11.04, 36 months,C,OWN,credit_card,62921.0,12.55,841.0,Fully Paid
2016-05-01,34271,14.87, 36 months,E,OWN,home_improvement,91883.0,11.27,789.0,Fully Paid
2016-05-01,31176,5.0, 36 months,A,RENT,debt_consolidation,53390.0,24.56,633.0,Fully Paid
2016-05-01,6670,12.47, 36 months,C,OWN,credit_card,57110.0,28.75,747.0,Fully Paid
2016-05-01,1866,18.36, 60 months,F,MORTGAGE,debt_consolidation,81233.0,17.43,826.0,Fully Paid
2016-05-01,29858,7.47, 60 months,B,RENT,debt_consolidation,65475.0,9.02,712.0,Fully Paid
2016-05-01,10546,12.12, 36 months,C,RENT,debt_consolidation,75575.0,16.87,735.0,Fully Paid
2016-05-01,24108,12.93, 36 months,C,MORTGAGE,debt_consolidation,43799.0,17.08,694.0,Fully Paid
2016-05-01,31595,5.0, 60 months,A,RENT,debt_consolidation,86156.0,10.26,685.0,Fully Paid
2016-05-01,10992,14.07, 36 months,D,OWN,credit_card,104592.0,23.21,738.0,Fully Paid
2016-05-01,17787,6.47, 36 months,B,OWN,credit_card,36538.0,10.25,794.0,Fully Paid
2016-05-01,3547,10.82, 36 months,C,RENT,small_business,50320.0,4.29,741.0,Fully Paid
2016-05-01,2283,5.0, 36 months,A,RENT,small_business,,10.23,,Fully Paid
2016-05-01,31658,16.11, 36 months,D,RENT,credit_card,120899.0,14.23,723.0,Fully Paid
2016-05-01,29871,5.0, 36 months,A,MORTGAGE,credit_card,73374.0,9.4,709.0,Fully Paid
2016-05-01,11035,5.0, 36 months,A,RENT,other,122501.0,7.77,701.0,Fully Paid
2016-05-01,5773,5.0, 60 months,A,,debt_consolidation,70957.0,0.0,727.0,Fully Paid
2016-05-01,18239,13.23, 36 months,C,RENT,credit_card,115133.0,13.55,664.0,Fully Paid
2016-05-01,31719,5.0, 36 months,A,RENT,debt_consolidation,82070.0,32.77,708.0,Fully Paid
2016-05-01,28499,13.09, 36 months,C,OWN,home_improvement,37963.0,14.23,652.0,Fully Paid
2016-05-01,12506,26.15, 60 months,G,RENT,credit_card,51163.0,16.26,696.0,Charged Off
2016-05-01,24131,14.91, 36 months,E,RENT,credit_card,98883.0,17.18,847.0,Fully Paid
2016-05-01,27385,23.57, 36 months,G,OWN,credit_card,105093.0,12.6,771.0,Charged Off
2016-05-01,28031,13.51, 60 months,D,OWN,other,88126.0,18.42,788.0,Fully Paid
2016-05-01,1316,12.51, 60 months,C,MORTGAGE,credit_card,84764.0,21.23,836.0,Fully Paid
2016-05-01,13321,5.0, 36 months,A,MORTGAGE,debt_consolidation,89178.0,24.02,754.0,Fully Paid
2016-05-01,20919,5.0, 60 months,A,MORTGAGE,credit_card,42933.0,,640.0,Fully Paid
2016-05-01,4036,16.2, 36 months,D,RENT,credit_card,101448.0,19.69,705.0,Charged Off
2016-05-01,1714,13.76, 36 months,D,OWN,credit_card,59337.0,9.82,830.0,Fully Paid
2016-05-01,21436,12.3, 36 months,C,RENT,small_business,66468.0,7.79,789.0,Fully Paid
2016-05-01,21790,5.0, 60 months,A,MORTGAGE,credit_card,127466.0,2.05,639.0,Fully Paid
2016-05-01,31487,12.79, 60 months,C,RENT,other,,6.5,742.0,Fully Paid
2016-05-01,12060,5.0, 36 months,A,RENT,debt_consolidation,59281.0,11.8,683.0,Fully Paid
2016-05-01,19410,17.19, 36 months,E,OWN,small_business,91869.0,31.06,798.0,Fully Paid
2016-05-01,28305,16.89, 36 months,E,MORTGAGE,other,89519.0,33.65,767.0,Fully Paid
2016-05-01,21317,13.96, 60 months,D,RENT,debt_consolidation,76752.0,15.85,705.0,Fully Paid
2016-05-01,24265,5.0, 36 months,A,RENT,credit_card,80562.0,19.64,,Fully Paid
2016-05-01,2085,8.77, 36 months,B,RENT,debt_consolidation,87536.0,15.06,617.0,Fully Paid
2016-05-01,22784,18.94, 36 months,F,OWN,other,97244.0,19.06,713.0,Charged Off
2016-05-01,34000,10.92, 36 months,C,RENT,credit_card,60684.0,28.86,739.0,Fully Paid
2016-05-01,19660,5.0, 36 months,A,RENT,credit_card,90210.0,,752.0,Fully Paid
2016-05-01,6198,11.03, 36 months,C,,credit_card,67622.0,8.44,821.0,Fully Paid
2016-05-01,11111,13.33, 36 months,C,RENT,credit_card,72456.0,20.92,701.0,Charged Off
2016-05-01,34661,21.0, 60 months,F,OWN,home_improvement,59223.0,16.2,630.0,Charged Off
2016-05-01,17203,5.0, 36 months,A,RENT,debt_consolidation,119117.0,11.6,629.0,Fully Paid
2016-05-01,28281,5.0, 60 months,A,RENT,debt_consolidation,25916.0,9.86,834.0,Fully Paid
2016-05-01,9270,17.01, 36 months,F,RENT,debt_consolidation,91424.0,14.08,793.0,Fully Paid
2016-06-01,20086,18.76, 36 months,E,MORTGAGE,home_improvement,110999.0,16.64,626.0,Charged Off
2016-06-01,14151,6.45, 36 months,B,RENT,debt_consolidation,89823.0,0.0,758.0,Fully Paid
2016-06-01,32279,5.0, 60 months,A,RENT,debt_consolidation,72436.0,25.64,625.0,Fully Paid
2016-06-01,29892,14.91, 36 months,D,MORTGAGE,credit_card,59923.0,23.94,669.0,Charged Off
2016-06-01,22806,18.46, 60 months,F,,debt_consolidation,74099.0,9.38,821.0,Fully Paid
2016-06-01,29349,10.11, 60 months,C,RENT,debt_consolidation,55232.0,18.16,801.0,Fully Paid
2016-06-01,23340,5.0, 60 months,A,RENT,small_business,101474.0,5.75,811.0,Fully Paid
2016-06-01,28416,15.72, 36 months,D,MORTGAGE,debt_consolidation,54593.0,,619.0,Fully Paid
2016-06-01,23628,5.79, 60 months,B,RENT,home_improvement,92652.0,6.56,824.0,Fully Paid
2016-06-01,9476,6.75, 36 months,B,MORTGAGE,small_business,55817.0,7.05,772.0,Fully Paid
2016-06-01,33463,14.83, 60 months,D,OWN,debt_consolidation,113893.0,4.57,746.0,Fully Paid
2016-06-01,17546,14.45, 36 months,D,MORTGAGE,debt_consolidation,34994.0,13.55,743.0,Charged Off
2016-06-01,24244,5.0, 36 months,A,RENT,debt_consolidation,108830.0,22.3,615.0,Fully Paid
2016-06-01,33660,5.0, 60 months,A,MORTGAGE,credit_card,,14.41,656.0,Fully Paid
2016-06-01,18074,13.43, 36 months,D,OWN,small_business,78936.0,26.16,848.0,Fully Paid
2016-06-01,6885,5.0, 36 months,A,RENT,debt_consolidation,107749.0,10.72,619.0,Fully Paid
2016-06-01,5609,5.0, 36 months,A,OWN,debt_consolidation,52131.0,22.11,786.0,Fully Paid
2016-06-01,16492,12.07, 36 months,C,MORTGAGE,debt_consolidation,40769.0,10.85,708.0,Fully Paid
2016-06-01,9318,17.83, 36 months,F,MORTGAGE,home_improvement,81712.0,0.0,793.0,Fully Paid
2016-06-01,11956,13.79, 60 months,D,RENT,debt_consolidation,59654.0,12.16,753.0,Fully Paid
2016-06-01,32958,13.88, 36 months,C,OWN,credit_card,87362.0,9.48,649.0,Fully Paid
2016-06-01,7736,14.56, 60 months,D,RENT,small_business,,4.43,711.0,Fully Paid
2016-06-01,20269,11.64, 36 months,C,MORTGAGE,debt_consolidation,72960.0,13.94,759.0,Charged Off
2016-06-01,20166,5.0, 36 months,A,MORTGAGE,debt_consolidation,72515.0,25.15,611.0,Fully Paid
2016-06-01,28102,10.53, 36 months,C,RENT,other,46158.0,6.12,788.0,Fully Paid
2016-06-01,7039,9.95, 60 months,C,MORTGAGE,debt_consolidation,43644.0,11.02,828.0,Charged Off
2016-06-01,7286,12.06, 60 months,C,RENT,credit_card,68442.0,5.0,683.0,Charged Off
2016-06-01,22127,13.1, 36 months,C,RENT,home_improvement,89351.0,6.58,641.0,Charged Off
2016-06-01,7884,5.0, 36 months,A,RENT,debt_consolidation,117394.0,15.95,614.0,Fully Paid
2016-06-01,28817,14.59, 60 months,D,OWN,home_improvement,90746.0,15.34,699.0,Fully Paid
2016-06-01,23468,8.69, 60 months,B,RENT,small_business,73179.0,13.57,620.0,Charged Off
2016-06-01,3430,16.21, 36 months,D,RENT,credit_card,114290.0,28.12,601.0,Charged Off
2016-06-01,17842,17.52, 36 months,E,MORTGAGE,debt_consolidation,72452.0,19.79,712.0,Fully Paid
2016-06-01,33807,7.11, 60 months,B,OWN,debt_consolidation,66035.0,8.79,725.0,Fully Paid
2016-06-01,32933,13.79, 36 months,D,RENT,debt_consolidation,71391.0,10.84,743.0,Fully Paid
2016-06-01,28143,15.55, 36 months,D,MORTGAGE,credit_card,79926.0,24.7,677.0,Charged Off
2016-06-01,31917,10.88, 36 months,C,RENT,debt_consolidation,52234.0,0.36,798.0,Fully Paid
2016-06-01,19503,7.95, 36 months,B,MORTGAGE,credit_card,72764.0,16.13,621.0,Charged Off
2016-06-01,14977,5.0, 36 months,A,OWN,credit_card,106743.0,23.98,849.0,Fully Paid
2016-06-01,12546,5.0, 36 months,A,RENT,home_improvement,53925.0,18.06,793.0,Fully Paid
2016-06-01,29957,7.3, 36 months,B,RENT,debt_consolidation,71176.0,10.3,700.0,Fully Paid
2016-06-01,17282,12.5, 36 months,D,RENT,debt_consolidation,47976.0,16.66,712.0,Fully Paid
2016-06-01,11533,5.0, 36 months,A,MORTGAGE,debt_consolidation,81195.0,5.99,747.0,Fully Paid
2016-07-01,13615,19.76, 60 months,F,OWN,debt_consolidation,98038.0,20.18,754.0,Fully Paid
2016-07-01,13467,8.83, 60 months,B,RENT,small_business,,25.25,621.0,Charged Off
2016-07-01,17277,10.86, 36 months,C,OWN,debt_consolidation,51570.0,13.44,832.0,Fully Paid
2016-07-01,10692,15.81, 36 months,E,MORTGAGE,debt_consolidation,83697.0,19.76,841.0,Fully Paid
2016-07-01,20053,5.0, 36 months,A,RENT,other,109380.0,12.81,718.0,Fully Paid
2016-07-01,14750,11.29, 36 months,C,RENT,credit_card,58551.0,16.46,710.0,Fully Paid
2016-07-01,33408,5.0, 36 months,A,RENT,other,114948.0,20.79,829.0,Fully Paid
2016-07-01,29536,15.41, 60 months,D,MORTGAGE,debt_consolidation,81405.0,25.33,745.0,Fully Paid
2016-07-01,23658,6.97, 36 months,B,OWN,home_improvement,99655.0,17.0,673.0,Fully Paid
2016-07-01,28167,5.0, 36 months,A,OWN,credit_card,49306.0,0.0,683.0,Fully Paid
2016-07-01,21247,6.03, 36 months,B,RENT,small_business,87085.0,28.21,817.0,Fully Paid
2016-07-01,33929,14.04, 36 months,C,OWN,debt_consolidation,51638.0,17.05,621.0,Fully Paid
2016-07-01,8678,13.03, 36 months,D,RENT,small_business,50755.0,19.34,829.0,Charged Off
2016-07-01,33094,14.98, 36 months,D,MORTGAGE,debt_consolidation,93663.0,31.61,665.0,Fully Paid
2016-07-01,33231,16.81, 36 months,E,RENT,credit_card,51592.0,8.86,781.0,Fully Paid
2016-07-01,22057,20.21, 36 months,F,MORTGAGE,other,86257.0,22.16,741.0,Fully Paid
2016-07-01,29628,14.38, 36 months,D,MORTGAGE,small_business,109570.0,23.19,816.0,Fully Paid
2016-07-01,20603,13.22, 36 months,E,MORTGAGE,other,77167.0,14.14,841.0,Fully Paid
2016-07-01,4088,17.39, 36 months,E,MORTGAGE,debt_consolidation,50027.0,15.37,752.0,Fully Paid
2016-07-01,30859,13.46, 36 months,C,MORTGAGE,home_improvement,104575.0,16.7,702.0,Fully Paid
2016-07-01,14452,12.34, 36 months,C,RENT,credit_card,84405.0,3.6,787.0,Fully Paid
2016-07-01,25217,14.98, 36 months,D,MORTGAGE,debt_consolidation,79988.0,17.15,678.0,Fully Paid
2016-07-01,18154,17.12, 36 months,F,RENT,debt_consolidation,75063.0,9.83,834.0,Fully Paid
2016-07-01,23875,11.76, 36 months,C,MORTGAGE,other,53470.0,13.99,747.0,Fully Paid
2016-07-01,11117,11.05, 60 months,C,OWN,debt_consolidation,83321.0,28.65,760.0,Charged Off
2016-07-01,16275,5.0, 36 months,A,MORTGAGE,debt_consolidation,76998.0,21.07,812.0,Fully Paid
2016-07-01,9827,7.85, 60 months,B,MORTGAGE,other,42983.0,17.3,668.0,Fully Paid
2016-07-01,33519,7.84, 36 months,B,MORTGAGE,debt_consolidation,90950.0,18.71,647.0,Fully Paid
2016-07-01,12993,14.2, 60 months,C,RENT,debt_consolidation,24099.0,10.55,622.0,Charged Off
2016-07-01,34083,5.0, 36 months,A,RENT,credit_card,102881.0,22.79,761.0,Fully Paid
2016-07-01,11006,10.27, 36 months,C,MORTGAGE,debt_consolidation,,19.76,845.0,Fully Paid
2016-07-01,7691,9.84, 36 months,C,MORTGAGE,debt_consolidation,51005.0,8.61,817.0,Fully Paid
2016-07-01,25276,17.05, 36 months,E,OWN,credit_card,31522.0,19.36,714.0,Fully Paid
2016-07-01,11051,7.52, 36 months,B,MORTGAGE,debt_consolidation,80032.0,21.43,685.0,Fully Paid
2016-07-01,33772,12.53, 36 months,C,RENT,credit_card,109154.0,19.82,644.0,Fully Paid
2016-07-01,30515,5.0, 60 months,A,RENT,home_improvement,47970.0,12.49,638.0,Fully Paid
2016-07-01,17435,10.29, 36 months,C,RENT,credit_card,91152.0,17.64,757.0,Fully Paid
2016-07-01,28362,5.0, 36 months,A,MORTGAGE,credit_card,87053.0,24.95,821.0,Fully Paid
2016-08-01,8274,8.96, 60 months,B,RENT,debt_consolidation,39886.0,12.45,637.0,Fully Paid
2016-08-01,10177,20.18, 60 months,F,OWN,debt_consolidation,54614.0,4.08,752.0,Fully Paid
2016-08-01,31390,12.31, 36 months,D,MORTGAGE,credit_card,68170.0,28.27,824.0,Fully Paid
2016-08-01,2713,16.85, 36 months,D,RENT,other,64510.0,16.89,630.0,Fully Paid
2016-08-01,15224,5.0, 36 months,A,MORTGAGE,small_business,69506.0,18.07,807.0,Fully Paid
2016-08-01,11856,12.72, 36 months,D,RENT,home_improvement,60586.0,3.62,803.0,Fully Paid
2016-08-01,21292,9.39, 60 months,B,RENT,home_improvement,57591.0,23.02,658.0,Charged Off
2016-08-01,21604,19.04, 36 months,F,RENT,home_improvement,41065.0,22.73,759.0,Fully Paid
2016-08-01,6334,11.41, 36 months,C,MORTGAGE,other,58846.0,0.0,729.0,Fully Paid
2016-08-01,12758,5.0, 36 months,A,MORTGAGE,debt_consolidation,86267.0,15.6,744.0,Fully Paid
2016-08-01,10103,14.54, 60 months,D,MORTGAGE,debt_consolidation,74081.0,25.71,,Fully Paid
2016-08-01,24644,19.33, 36 months,E,MORTGAGE,debt_consolidation,65664.0,12.77,664.0,Fully Paid
2016-08-01,34172,18.7, 60 months,F,MORTGAGE,debt_consolidation,62664.0,26.31,840.0,Fully Paid
2016-08-01,22378,7.74, 36 months,B,RENT,other,103168.0,10.23,700.0,Fully Paid
2016-08-01,7527,8.57, 36 months,B,RENT,debt_consolidation,30956.0,19.81,647.0,Fully Paid
2016-08-01,27434,11.08, 36 months,C,RENT,small_business,48816.0,,801.0,Fully Paid
2016-08-01,34577,11.12, 36 months,C,RENT,home_improvement,100664.0,26.15,787.0,Fully Paid
2016-08-01,11235,5.91, 60 months,B,RENT,home_improvement,113620.0,38.43,848.0,Fully Paid
2016-08-01,24653,5.0, 36 months,A,RENT,debt_consolidation,76065.0,18.08,818.0,Fully Paid
2016-08-01,21774,12.23, 36 months,C,MORTGAGE,credit_card,82184.0,19.11,626.0,Fully Paid
2016-08-01,30496,8.31, 60 months,B,RENT,small_business,96602.0,20.24,688.0,Charged Off
2016-08-01,5757,10.84, 36 months,C,OWN,other,96818.0,19.4,843.0,Charged Off
2016-08-01,12048,10.45, 36 months,C,MORTGAGE,debt_consolidation,67951.0,,812.0,Fully Paid
2016-08-01,6581,10.82, 36 months,C,OWN,debt_consolidation,77166.0,15.86,830.0,Fully Paid
2016-08-01,11426,5.0, 36 months,A,OWN,small_business,88573.0,21.99,792.0,Charged Off
2016-08-01,6684,5.0, 60 months,A,RENT,debt_consolidation,102886.0,8.88,680.0,Fully Paid
2016-08-01,3106,12.03, 60 months,C,MORTGAGE,debt_consolidation,71465.0,27.24,,Fully Paid
2016-08-01,9490,5.0, 36 months,A,RENT,debt_consolidation,,20.26,,Fully Paid
2016-08-01,28420,5.0, 36 months,A,RENT,debt_consolidation,73930.0,17.11,749.0,Fully Paid
2016-08-01,17000,6.19, 60 months,B,RENT,debt_consolidation,87754.0,14.95,801.0,Fully Paid
2016-08-01,26706,18.69, 36 months,F,OWN,small_business,78485.0,14.45,760.0,Fully Paid
2016-08-01,14966,5.93, 36 months,B,RENT,small_business,116547.0,0.0,798.0,Fully Paid
2016-08-01,2775,5.0, 36 months,A,OWN,debt_consolidation,68159.0,21.74,793.0,Fully Paid
2016-08-01,10001,13.35, 60 months,C,MORTGAGE,debt_consolidation,79566.0,18.3,671.0,Charged Off
2016-08-01,32231,25.8, 36 months,G,OWN,credit_card,71504.0,27.63,671.0,Fully Paid
2016-08-01,11236,15.96, 36 months,E,OWN,debt_consolidation,68996.0,13.71,700.0,Charged Off
2016-08-01,33071,5.0, 36 months,A,MORTGAGE,home_improvement,101661.0,3.48,806.0,Fully Paid
2016-08-01,32604,19.45, 36 months,F,RENT,credit_card,95993.0,20.89,660.0,Fully Paid
2016-08-01,33795,10.93, 60 months,C,RENT,small_business,15000.0,10.82,752.0,Fully Paid
2016-08-01,6584,12.07, 60 months,C,MORTGAGE,small_business,70846.0,30.0,736.0,Charged Off
2016-08-01,2496,6.52, 60 months,B,MORTGAGE,credit_card,129421.0,16.75,716.0,Fully Paid
2016-08-01,1956,15.57, 36 months,D,MORTGAGE,small_business,93155.0,14.99,666.0,Fully Paid
2016-08-01,15403,12.25, 36 months,C,MORTGAGE,debt_consolidation,106124.0,13.68,636.0,Fully Paid
2016-08-01,29000,16.72, 36 months,E,MORTGAGE,small_business,54514.0,24.14,722.0,Fully Paid
2016-08-01,5183,8.45, 36 months,B,RENT,debt_consolidation,53990.0,0.0,648.0,Fully Paid
2016-08-01,21812,14.22, 36 months,C,MORTGAGE,small_business,94905.0,,634.0,Fully Paid
2016-09-01,24293,5.0, 36 months,A,MORTGAGE,credit_card,99472.0,,769.0,Fully Paid
2016-09-01,21391,19.31, 60 months,E,RENT,debt_consolidation,84926.0,9.38,635.0,Fully Paid
2016-09-01,20221,25.07, 36 months,G,RENT,debt_consolidation,71457.0,17.78,708.0,Fully Paid
2016-09-01,6935,12.57, 36 months,C,OWN,credit_card,94624.0,2.83,,Fully Paid
2016-09-01,12390,5.0, 36 months,A,MORTGAGE,home_improvement,75161.0,23.37,807.0,Fully Paid
2016-09-01,25560,13.23, 36 months,C,MORTGAGE,credit_card,75646.0,25.17,659.0,Charged Off
2016-09-01,11806,5.0, 36 months,A,RENT,other,103169.0,31.13,789.0,Fully Paid
2016-09-01,34238,5.0, 60 months,A,MORTGAGE,debt_consolidation,64702.0,6.62,702.0,Fully Paid
2016-09-01,14349,13.77, 36 months,D,RENT,small_business,99763.0,11.1,724.0,Fully Paid
2016-09-01,20939,16.24, 60 months,D,MORTGAGE,debt_consolidation,77565.0,20.45,604.0,Fully Paid
2016-09-01,16518,16.21, 36 months,D,OWN,debt_consolidation,86040.0,14.98,613.0,Charged Off
2016-09-01,2030,9.97, 36 months,C,OWN,debt_consolidation,78957.0,0.0,847.0,Fully Paid
2016-09-01,24860,5.93, 36 months,B,RENT,other,102519.0,22.19,839.0,Fully Paid
2016-09-01,12243,8.6, 36 months,B,MORTGAGE,credit_card,25957.0,24.69,634.0,Charged Off
2016-09-01,4517,5.0, 60 months,A,OWN,debt_consolidation,65043.0,15.26,685.0,Fully Paid
2016-09-01,2108,5.0, 36 months,A,MORTGAGE,debt_consolidation,72453.0,12.77,604.0,Fully Paid
2016-09-01,4553,5.0, 36 months,A,MORTGAGE,debt_consolidation,86839.0,22.31,835.0,Fully Paid
2016-09-01,4354,13.9, 36 months,D,OWN,credit_card,91334.0,11.68,756.0,Fully Paid
2016-09-01,17577,13.03, 60 months,C,MORTGAGE,debt_consolidation,104667.0,20.24,688.0,Fully Paid
2016-09-01,8076,8.53, 36 months,B,RENT,other,92190.0,0.0,698.0,Fully Paid
2016-09-01,33207,17.3, 36 months,E,RENT,home_improvement,105437.0,3.82,691.0,Charged Off
2016-09-01,5313,5.84, 36 months,B,RENT,home_improvement,58913.0,32.05,782.0,Fully Paid
2016-09-01,21190,11.0, 36 months,C,RENT,debt_consolidation,15000.0,11.34,765.0,Fully Paid
2016-09-01,32575,9.38, 36 months,B,RENT,debt_consolidation,55143.0,12.63,657.0,Fully Paid
2016-09-01,17684,11.59, 36 months,C,MORTGAGE,debt_consolidation,50515.0,11.82,780.0,Fully Paid
2016-09-01,26849,26.47, 36 months,G,OWN,debt_consolidation,84455.0,24.7,638.0,Charged Off
2016-09-01,4145,12.67, 36 months,C,MORTGAGE,other,108558.0,12.61,647.0,Fully Paid
2016-09-01,11066,6.28, 36 months,B,OWN,credit_card,94906.0,22.52,690.0,Fully Paid
2016-09-01,11316,20.28, 60 months,F,OWN,debt_consolidation,77337.0,24.35,666.0,Fully Paid
2016-09-01,11444,11.65, 36 months,C,MORTGAGE,debt_consolidation,132906.0,0.0,758.0,Fully Paid
2016-09-01,26209,13.19, 36 months,D,RENT,home_improvement,95648.0,8.28,786.0,Fully Paid
2016-09-01,6529,15.29, 60 months,D,MORTGAGE,credit_card,28049.0,4.55,674.0,Fully Paid
2016-09-01,5810,7.44, 36 months,B,RENT,home_improvement,96674.0,11.17,706.0,Fully Paid
2016-09-01,28510,6.59, 36 months,B,RENT,debt_consolidation,84894.0,11.02,769.0,Fully Paid
2016-09-01,20867,8.61, 36 months,B,MORTGAGE,home_improvement,62149.0,20.47,625.0,Fully Paid
2016-09-01,13414,24.41, 36 months,G,MORTGAGE,small_business,38940.0,12.5,620.0,Fully Paid
2016-10-01,32869,12.83, 36 months,C,RENT,debt_consolidation,75245.0,17.36,701.0,Charged Off
2016-10-01,29272,6.83, 60 months,B,OWN,credit_card,69660.0,15.52,824.0,Fully Paid
2016-10-01,9532,7.45, 36 months,B,MORTGAGE,home_improvement,,12.56,686.0,Fully Paid
2016-10-01,30800,17.23, 60 months,E,MORTGAGE,home_improvement,84527.0,4.11,705.0,Fully Paid
2016-10-01,2037,18.56, 36 months,E,OWN,debt_consolidation,81848.0,20.74,633.0,Fully Paid
2016-10-01,7483,5.0, 36 months,A,OWN,small_business,81001.0,9.32,672.0,Charged Off
2016-10-01,23130,24.96, 36 months,G,RENT,debt_consolidation,62238.0,18.04,751.0,Fully Paid
2016-10-01,33380,5.0, 60 months,B,,credit_card,87064.0,8.76,793.0,Fully Paid
2016-10-01,15129,11.39, 36 months,C,RENT,debt_consolidation,74988.0,17.84,819.0,Fully Paid
2016-10-01,13233,7.35, 36 months,B,RENT,debt_consolidation,93893.0,18.19,743.0,Fully Paid
2016-10-01,16695,8.13, 36 months,B,MORTGAGE,debt_consolidation,48241.0,7.81,763.0,Fully Paid
2016-10-01,24203,11.17, 60 months,C,OWN,credit_card,102797.0,12.23,796.0,Fully Paid
2016-10-01,17573,10.27, 36 months,C,MORTGAGE,debt_consolidation,109344.0,18.41,795.0,Fully Paid
2016-10-01,30323,5.78, 60 months,B,RENT,debt_consolidation,,3.48,798.0,Fully Paid
2016-10-01,28034,5.0, 60 months,A,MORTGAGE,other,66222.0,16.1,835.0,Fully Paid
2016-10-01,14845,11.32, 36 months,C,MORTGAGE,small_business,49023.0,12.56,782.0,Fully Paid
2016-10-01,27844,14.25, 60 months,D,RENT,other,102937.0,12.03,731.0,Fully Paid
2016-10-01,21006,5.0, 36 months,A,RENT,credit_card,77134.0,1.23,749.0,Fully Paid
2016-10-01,4075,6.2, 60 months,B,OWN,credit_card,80936.0,26.79,794.0,Fully Paid
2016-10-01,15496,18.67, 60 months,F,RENT,debt_consolidation,119618.0,18.1,772.0,Fully Paid
2016-10-01,22027,15.73, 36 months,E,MORTGAGE,credit_card,,6.28,842.0,Fully Paid
2016-10-01,23763,7.37, 36 months,B,RENT,home_improvement,54204.0,22.29,779.0,Charged Off
2016-10-01,29213,15.47, 36 months,E,MORTGAGE,home_improvement,54756.0,25.79,748.0,Fully Paid
2016-10-01,12274,5.0, 60 months,A,RENT,home_improvement,48933.0,1.9,779.0,Fully Paid
2016-10-01,11793,5.0, 36 months,A,RENT,home_improvement,101825.0,7.78,848.0,Fully Paid
2016-10-01,13148,5.0, 36 months,A,MORTGAGE,debt_consolidation,64781.0,20.46,640.0,Fully Paid
2016-10-01,11370,7.48, 36 months,B,,credit_card,71559.0,26.12,694.0,Fully Paid
2016-10-01,8325,15.23, 36 months,E,RENT,debt_consolidation,65775.0,9.16,761.0,Fully Paid
2016-10-01,24384,24.78, 36 months,G,RENT,debt_consolidation,84455.0,11.82,631.0,Charged Off
2016-10-01,32110,17.24, 36 months,E,MORTGAGE,home_improvement,69698.0,2.39,795.0,Fully Paid
2016-10-01,29924,6.28, 60 months,B,OWN,credit_card,92189.0,9.47,793.0,Fully Paid
2016-10-01,10290,7.57, 36 months,B,RENT,credit_card,82734.0,0.0,658.0,Charged Off
2016-10-01,11885,7.89, 36 months,B,OWN,home_improvement,,13.89,699.0,Fully Paid
2016-10-01,16937,8.54, 36 months,B,RENT,debt_consolidation,68229.0,17.13,623.0,Fully Paid
2016-10-01,6309,10.76, 36 months,C,OWN,credit_card,39888.0,11.34,737.0,Fully Paid
2016-10-01,16581,12.56, 36 months,C,MORTGAGE,debt_consolidation,42253.0,16.32,670.0,Fully Paid
2016-10-01,15671,5.0, 36 months,A,RENT,debt_consolidation,114332.0,24.97,691.0,Fully Paid
2016-10-01,31382,7.83, 36 months,B,RENT,credit_card,60154.0,20.7,650.0,Fully Paid
2016-10-01,18863,5.0, 36 months,A,RENT,credit_card,91524.0,21.62,719.0,Fully Paid
2016-10-01,1921,5.0, 36 months,A,MORTGAGE,debt_consolidation,51821.0,17.47,610.0,Fully Paid
2016-10-01,22300,9.21, 36 months,B,MORTGAGE,debt_consolidation,31213.0,0.0,666.0,Fully Paid
2016-11-01,10092,5.0, 36 months,A,RENT,debt_consolidation,89287.0,19.31,740.0,Fully Paid
2016-11-01,10439,11.6, 36 months,C,MORTGAGE,credit_card,115129.0,5.28,761.0,Charged Off
2016-11-01,9219,8.18, 36 months,B,MORTGAGE,home_improvement,89416.0,25.18,643.0,Charged Off
2016-11-01,11942,5.15, 36 months,B,OWN,home_improvement,68309.0,15.82,785.0,Fully Paid
2016-11-01,27237,5.0, 36 months,A,MORTGAGE,debt_consolidation,93453.0,27.84,690.0,Fully Paid
2016-11-01,18697,15.33, 36 months,D,RENT,debt_consolidation,67117.0,21.76,745.0,Charged Off
2016-11-01,33749,5.28, 36 months,B,MORTGAGE,debt_consolidation,91767.0,15.35,771.0,Fully Paid
2016-11-01,21878,5.42, 36 months,B,MORTGAGE,other,91794.0,7.46,845.0,Fully Paid
2016-11-01,15145,14.87, 36 months,D,RENT,debt_consolidation,91108.0,17.81,730.0,Charged Off
2016-11-01,24506,11.29, 36 months,C,RENT,home_improvement,85384.0,24.78,815.0,Fully Paid
2016-11-01,1517,6.89, 36 months,B,MORTGAGE,debt_consolidation,88687.0,22.73,721.0,Fully Paid
2016-11-01,11765,10.98, 36 months,C,RENT,debt_consolidation,57393.0,9.14,831.0,Fully Paid
2016-11-01,18214,15.44, 36 months,D,MORTGAGE,home_improvement,135810.0,0.0,710.0,Fully Paid
2016-11-01,15663,5.0, 60 months,A,MORTGAGE,debt_consolidation,68659.0,9.91,617.0,Fully Paid
2016-11-01,7677,12.39, 60 months,C,RENT,debt_consolidation,60732.0,26.52,701.0,Fully Paid
2016-11-01,17185,5.0, 36 months,A,MORTGAGE,home_improvement,31422.0,25.49,825.0,Fully Paid
2016-11-01,15798,11.19, 36 months,C,MORTGAGE,home_improvement,,19.38,738.0,Fully Paid
2016-11-01,9730,13.98, 36 months,D,RENT,debt_consolidation,49895.0,24.39,810.0,Fully Paid
2016-11-01,29377,18.22, 36 months,E,RENT,credit_card,72794.0,11.23,619.0,Fully Paid
2016-11-01,18579,13.9, 60 months,D,OWN,debt_consolidation,138460.0,8.45,718.0,Fully Paid
2016-11-01,34984,13.43, 36 months,C,MORTGAGE,debt_consolidation,50941.0,12.69,644.0,Fully Paid
2016-11-01,3457,13.49, 36 months,C,MORTGAGE,debt_consolidation,123175.0,21.23,661.0,Fully Paid
2016-11-01,9261,17.93, 36 months,F,RENT,debt_consolidation,62266.0,19.1,811.0,Fully Paid
2016-11-01,9604,8.58, 36 months,B,MORTGAGE,other,93106.0,21.63,696.0,Fully Paid
2016-11-01,32993,14.0, 36 months,D,RENT,small_business,40844.0,20.98,766.0,Fully Paid
2016-11-01,33602,23.23, 36 months,G,RENT,debt_consolidation,66239.0,16.21,801.0,Fully Paid
2016-11-01,34223,5.0, 60 months,A,RENT,debt_consolidation,92884.0,11.88,720.0,Fully Paid
2016-11-01,26656,5.0, 36 months,A,OWN,debt_consolidation,96012.0,,758.0,Fully Paid
2016-11-01,9656,5.0, 36 months,A,RENT,credit_card,19660.0,18.86,774.0,Fully Paid
2016-11-01,27847,18.62, 60 months,F,MORTGAGE,credit_card,111069.0,25.9,776.0,Fully Paid
2016-11-01,29221,5.0, 36 months,A,OWN,credit_card,82598.0,18.1,750.0,Fully Paid
2016-11-01,23762,5.0, 36 months,A,MORTGAGE,debt_consolidation,54105.0,6.6,665.0,Fully Paid
2016-11-01,9103,5.0, 36 months,A,MORTGAGE,debt_consolidation,111155.0,18.13,828.0,Fully Paid
2016-11-01,2289,8.56, 36 months,B,RENT,debt_consolidation,57441.0,26.11,643.0,Fully Paid
2016-11-01,13485,15.3, 36 months,D,RENT,debt_consolidation,99393.0,15.21,722.0,Fully Paid
2016-11-01,14502,8.56, 36 months,B,MORTGAGE,credit_card,88689.0,8.94,690.0,Fully Paid
2016-11-01,13196,9.23, 36 months,C,RENT,small_business,100045.0,,849.0,Fully Paid
2016-11-01,11719,8.85, 36 months,C,MORTGAGE,credit_card,106169.0,25.72,813.0,Charged Off
2016-11-01,1937,14.54, 36 months,D,OWN,credit_card,100148.0,22.88,761.0,Fully Paid
2016-11-01,23161,6.99, 36 months,B,OWN,debt_consolidation,74888.0,14.71,756.0,Fully Paid
2016-11-01,29855,5.0, 36 months,A,RENT,debt_consolidation,25999.0,9.61,649.0,Fully Paid
2016-12-01,31796,22.08, 36 months,F,MORTGAGE,debt_consolidation,81876.0,19.56,,Fully Paid
2016-12-01,17964,7.65, 60 months,B,MORTGAGE,credit_card,21786.0,11.27,710.0,Charged Off
2016-12-01,12020,16.29, 36 months,E,MORTGAGE,other,65303.0,27.32,806.0,Fully Paid
2016-12-01,34080,8.12, 60 months,B,RENT,credit_card,51141.0,19.82,620.0,Fully Paid
2016-12-01,31519,9.94, 36 months,C,RENT,debt_consolidation,86211.0,13.95,800.0,Fully Paid
2016-12-01,8297,5.0, 36 months,A,OWN,debt_consolidation,71387.0,29.12,609.0,Fully Paid
2016-12-01,22632,7.32, 36 months,B,RENT,home_improvement,69749.0,14.66,815.0,Fully Paid
2016-12-01,1890,5.0, 36 months,A,RENT,debt_consolidation,53509.0,17.09,609.0,Fully Paid
2016-12-01,9833,16.94, 36 months,E,OWN,credit_card,105101.0,29.75,775.0,Fully Paid
2016-12-01,12687,17.98, 36 months,E,OWN,debt_consolidation,49673.0,12.36,635.0,Charged Off
2016-12-01,21639,7.93, 36 months,B,RENT,credit_card,65192.0,9.93,658.0,Fully Paid
2016-12-01,7430,9.26, 36 months,B,RENT,debt_consolidation,104578.0,12.24,621.0,Fully Paid
2016-12-01,21498,5.0, 36 months,A,OWN,small_business,58649.0,13.21,733.0,Fully Paid
2016-12-01,24138,12.81, 36 months,C,RENT,other,83159.0,13.52,602.0,Charged Off
2016-12-01,10602,5.0, 36 months,A,RENT,other,60649.0,13.3,672.0,Fully Paid
2016-12-01,13092,14.08, 36 months,D,OWN,debt_consolidation,15000.0,12.06,774.0,Fully Paid
2016-12-01,32395,6.88, 36 months,B,MORTGAGE,small_business,76413.0,27.81,723.0,Fully Paid
2016-12-01,10205,5.0, 60 months,A,RENT,debt_consolidation,91165.0,6.89,670.0,Fully Paid
2016-12-01,16172,5.0, 60 months,A,MORTGAGE,debt_consolidation,27676.0,11.82,706.0,Fully Paid
2016-12-01,8115,5.0, 36 months,B,RENT,debt_consolidation,65026.0,35.11,847.0,Fully Paid
2016-12-01,5254,25.04, 36 months,G,MORTGAGE,other,64526.0,8.69,694.0,Charged Off
2016-12-01,15640,11.73, 36 months,C,,home_improvement,81741.0,11.67,789.0,Fully Paid
2016-12-01,11769,12.96, 60 months,C,RENT,small_business,89040.0,21.26,736.0,Fully Paid
2016-12-01,13848,5.0, 36 months,A,OWN,debt_consolidation,77361.0,31.62,669.0,Fully Paid
2016-12-01,32815,8.42, 60 months,B,RENT,debt_consolidation,34431.0,26.31,758.0,Charged Off
2016-12-01,32003,10.96, 36 months,C,MORTGAGE,other,71471.0,27.18,835.0,Fully Paid
2016-12-01,14963,5.0, 36 months,A,RENT,debt_consolidation,46476.0,20.1,611.0,Fully Paid
2016-12-01,5564,7.12, 36 months,B,RENT,debt_consolidation,,19.23,723.0,Fully Paid
2016-12-01,15179,11.11, 36 months,C,MORTGAGE,credit_card,78033.0,7.77,823.0,Fully Paid
2016-12-01,15331,5.0, 60 months,A,RENT,home_improvement,65076.0,16.28,624.0,Fully Paid
2016-12-01,13735,5.0, 36 months,A,MORTGAGE,credit_card,66863.0,8.91,817.0,Fully Paid
2016-12-01,14932,5.0, 36 months,A,RENT,debt_consolidation,44943.0,3.21,766.0,Fully Paid
2016-12-01,15790,13.94, 36 months,D,RENT,other,120537.0,29.93,806.0,Fully Paid
2016-12-01,21814,5.05, 60 months,A,RENT,other,47016.0,9.31,601.0,Fully Paid
2016-12-01,12142,21.18, 36 months,F,RENT,home_improvement,64821.0,0.0,617.0,Fully Paid
2016-12-01,7899,25.18, 36 months,G,OWN,other,89025.0,38.32,737.0,Fully Paid
2016-12-01,15295,15.05, 36 months,E,MORTGAGE,credit_card,76698.0,19.94,822.0,Fully Paid
2016-12-01,14691,5.0, 36 months,A,RENT,debt_consolidation,39103.0,17.34,810.0,Fully Paid
2016-12-01,34642,18.71, 60 months,F,RENT,debt_consolidation,59058.0,20.39,749.0,Fully Paid
2016-12-01,7650,11.85, 36 months,C,MORTGAGE,small_business,79188.0,9.5,714.0,Fully Paid
2016-12-01,15367,5.0, 36 months,A,RENT,small_business,27761.0,9.71,660.0,Charged Off
2017-01-01,29683,19.19, 60 months,E,OWN,debt_consolidation,58298.0,1.5,626.0,Fully Paid
2017-01-01,1659,5.0, 36 months,A,RENT,debt_consolidation,20763.0,8.28,676.0,Fully Paid
2017-01-01,29267,12.04, 36 months,C,MORTGAGE,debt_consolidation,52721.0,21.01,692.0,Fully Paid
2017-01-01,23150,12.1, 36 months,C,MORTGAGE,debt_consolidation,66589.0,5.91,699.0,Fully Paid
2017-01-01,16686,13.86, 36 months,D,MORTGAGE,credit_card,61960.0,15.83,716.0,Fully Paid
2017-01-01,14965,8.1, 60 months,B,RENT,debt_consolidation,103087.0,9.93,697.0,Fully Paid
2017-01-01,28325,16.39, 36 months,D,MORTGAGE,debt_consolidation,52492.0,12.19,677.0,Fully Paid
2017-01-01,15567,5.0, 36 months,B,RENT,credit_card,72130.0,23.59,837.0,Fully Paid
2017-01-01,19776,10.21, 36 months,C,RENT,debt_consolidation,80106.0,12.78,842.0,Fully Paid
2017-01-01,28142,6.53, 36 months,B,MORTGAGE,debt_consolidation,82586.0,11.66,762.0,Fully Paid
2017-01-01,18013,12.94, 36 months,C,OWN,debt_consolidation,59627.0,7.98,728.0,Fully Paid
2017-01-01,21659,15.93, 36 months,E,MORTGAGE,debt_consolidation,102620.0,6.37,756.0,Fully Paid
2017-01-01,19828,5.0, 36 months,A,MORTGAGE,credit_card,100069.0,31.88,827.0,Fully Paid
2017-01-01,19235,14.8, 36 months,D,RENT,small_business,71285.0,8.55,794.0,Fully Paid
2017-01-01,21857,5.0, 60 months,A,MORTGAGE,debt_consolidation,39617.0,19.92,721.0,Fully Paid
2017-01-01,20514,5.0, 36 months,A,MORTGAGE,debt_consolidation,94095.0,22.14,621.0,Fully Paid
2017-01-01,8511,5.0, 36 months,A,OWN,credit_card,78010.0,14.45,645.0,Fully Paid
2017-01-01,3276,14.52, 36 months,D,RENT,debt_consolidation,39647.0,32.34,700.0,Fully Paid
2017-01-01,9350,13.25, 36 months,C,MORTGAGE,other,66289.0,18.12,600.0,Charged Off
2017-01-01,18610,12.81, 36 months,D,MORTGAGE,small_business,68748.0,12.8,,Fully Paid
2017-01-01,14111,12.52, 36 months,C,OWN,credit_card,76208.0,3.78,722.0,Fully Paid
2017-01-01,27702,18.97, 36 months,E,MORTGAGE,home_improvement,54170.0,13.54,622.0,Charged Off
2017-01-01,18591,12.14, 36 months,C,OWN,small_business,78435.0,16.27,695.0,Fully Paid
2017-01-01,30342,13.84, 36 months,D,RENT,home_improvement,82958.0,22.15,749.0,Fully Paid
2017-01-01,16683,5.0, 36 months,A,RENT,credit_card,,9.54,668.0,Fully Paid
2017-01-01,24941,15.96, 36 months,E,RENT,debt_consolidation,70825.0,21.57,815.0,Fully Paid
2017-01-01,18323,17.26, 36 months,F,MORTGAGE,other,68011.0,12.77,763.0,Fully Paid
2017-01-01,17831,17.92, 36 months,F,OWN,home_improvement,34008.0,9.09,816.0,Fully Paid
2017-01-01,11739,5.0, 36 months,A,MORTGAGE,credit_card,93602.0,13.07,823.0,Fully Paid
2017-01-01,20003,15.1, 36 months,E,RENT,home_improvement,47446.0,5.49,823.0,Fully Paid
2017-01-01,34982,12.8, 36 months,D,OWN,other,72996.0,33.67,812.0,Fully Paid
2017-01-01,7257,5.0, 36 months,A,MORTGAGE,debt_consolidation,86879.0,18.63,747.0,Fully Paid
2017-01-01,7415,12.13, 36 months,C,RENT,debt_consolidation,107746.0,9.88,673.0,Charged Off
2017-01-01,17255,5.0, 36 months,A,MORTGAGE,debt_consolidation,57617.0,21.98,630.0,Fully Paid
2017-01-01,25193,19.42, 36 months,E,OWN,debt_consolidation,63699.0,2.44,615.0,Fully Paid
2017-01-01,24595,5.0, 36 months,B,RENT,debt_consolidation,62252.0,22.06,837.0,Fully Paid
2017-01-01,22926,13.41, 36 months,C,MORTGAGE,small_business,64474.0,16.46,631.0,Fully Paid
2017-01-01,16214,24.13, 60 months,G,MORTGAGE,debt_consolidation,63374.0,6.88,791.0,Fully Paid
2017-01-01,24680,25.38, 36 months,G,RENT,debt_consolidation,118946.0,36.15,726.0,Charged Off
2017-01-01,16686,13.59, 36 months,C,RENT,debt_consolidation,15000.0,17.92,665.0,Fully Paid
2017-01-01,17501,18.07, 36 months,E,OWN,home_improvement,91303.0,20.13,637.0,Fully Paid
2017-02-01,34836,15.77, 36 months,E,MORTGAGE,home_improvement,82423.0,5.51,810.0,Fully Paid
2017-02-01,26850,5.0, 36 months,B,OWN,other,82430.0,12.56,,Fully Paid
2017-02-01,7879,5.0, 36 months,A,MORTGAGE,credit_card,161555.0,24.44,698.0,Fully Paid
2017-02-01,5411,5.0, 36 months,A,RENT,debt_consolidation,,14.14,766.0,Fully Paid
2017-02-01,32470,11.12, 36 months,C,RENT,credit_card,120067.0,18.49,761.0,Fully Paid
2017-02-01,27002,8.58, 36 months,B,MORTGAGE,small_business,118725.0,18.58,624.0,Charged Off
2017-02-01,1320,5.0, 36 months,A,MORTGAGE,small_business,79441.0,18.53,763.0,Fully Paid
2017-02-01,22095,14.31, 36 months,C,RENT,debt_consolidation,99983.0,37.53,606.0,Fully Paid
2017-02-01,30056,21.22, 36 months,F,MORTGAGE,home_improvement,,18.17,613.0,Charged Off
2017-02-01,8400,10.13, 36 months,C,MORTGAGE,debt_consolidation,86621.0,18.13,830.0,Fully Paid
2017-02-01,22064,15.48, 36 months,D,OWN,credit_card,109514.0,23.78,626.0,Fully Paid
2017-02-01,4432,5.0, 36 months,A,RENT,other,104169.0,11.84,817.0,Fully Paid
2017-02-01,21010,5.0, 60 months,A,OWN,debt_consolidation,54522.0,12.1,787.0,Fully Paid
2017-02-01,30483,5.0, 36 months,A,MORTGAGE,debt_consolidation,44290.0,6.72,700.0,Fully Paid
2017-02-01,25658,5.0, 36 months,A,MORTGAGE,debt_consolidation,51465.0,11.14,788.0,Fully Paid
2017-02-01,4664,6.13, 60 months,B,RENT,other,75201.0,0.0,773.0,Fully Paid
2017-02-01,15148,5.0, 60 months,A,RENT,home_improvement,57981.0,32.35,796.0,Fully Paid
2017-02-01,31018,8.61, 36 months,B,OWN,home_improvement,77796.0,15.68,,Fully Paid
2017-02-01,16781,18.63, 36 months,F,RENT,debt_consolidation,92329.0,16.57,842.0,Charged Off
2017-02-01,22651,11.42, 36 months,C,RENT,debt_consolidation,,17.05,709.0,Fully Paid
2017-02-01,2660,5.0, 36 months,A,MORTGAGE,debt_consolidation,84392.0,17.55,718.0,Fully Paid
2017-02-01,12018,15.08, 36 months,D,MORTGAGE,debt_consolidation,119457.0,5.4,681.0,Fully Paid
2017-02-01,15706,14.72, 60 months,D,RENT,credit_card,60501.0,24.06,615.0,Charged Off
2017-02-01,25153,5.0, 60 months,A,MORTGAGE,debt_consolidation,74999.0,2.73,607.0,Fully Paid
2017-02-01,34640,7.89, 36 months,B,MORTGAGE,debt_consolidation,92756.0,16.14,721.0,Charged Off
2017-02-01,5600,8.42, 36 months,B,MORTGAGE,debt_consolidation,122844.0,24.29,615.0,Fully Paid
2017-02-01,1729,5.0, 60 months,A,RENT,debt_consolidation,80629.0,21.98,751.0,Fully Paid
2017-02-01,13664,19.31, 60 months,F,RENT,debt_consolidation,123149.0,17.21,746.0,Charged Off
2017-02-01,4855,5.0, 60 months,B,MORTGAGE,credit_card,74968.0,9.03,841.0,Fully Paid
2017-02-01,11017,7.23, 60 months,B,MORTGAGE,debt_consolidation,121331.0,12.62,656.0,Fully Paid
2017-02-01,27845,6.42, 60 months,B,MORTGAGE,credit_card,80255.0,18.0,747.0,Fully Paid
2017-02-01,24965,5.0, 36 months,A,OWN,debt_consolidation,77726.0,23.61,681.0,Charged Off
2017-02-01,21873,5.0, 36 months,A,OWN,credit_card,53670.0,28.52,703.0,Fully Paid
2017-02-01,33867,14.85, 36 months,E,MORTGAGE,other,46017.0,15.51,849.0,Fully Paid
2017-02-01,4648,8.02, 36 months,B,MORTGAGE,other,40920.0,11.55,672.0,Fully Paid
2017-02-01,1282,15.98, 60 months,D,MORTGAGE,home_improvement,91481.0,12.33,630.0,Fully Paid
2017-02-01,9802,14.28, 36 months,D,RENT,credit_card,43352.0,5.01,771.0,Fully Paid
2017-02-01,20907,5.0, 60 months,A,MORTGAGE,home_improvement,59836.0,10.78,650.0,Fully Paid
2017-02-01,9942,5.0, 36 months,A,MORTGAGE,debt_consolidation,68764.0,0.0,602.0,Fully Paid
2017-02-01,22945,16.21, 36 months,D,RENT,debt_consolidation,61613.0,7.13,645.0,Charged Off
2017-02-01,24350,5.0, 36 months,A,MORTGAGE,debt_consolidation,79823.0,7.82,735.0,Charged Off
2017-02-01,32433,16.14, 36 months,D,MORTGAGE,debt_consolidation,,5.49,604.0,Charged Off
2017-02-01,32754,9.71, 36 months,B,RENT,other,76479.0,13.19,643.0,Fully Paid
2017-02-01,23468,5.0, 36 months,A,MORTGAGE,credit_card,80165.0,11.78,782.0,Fully Paid
2017-02-01,16308,12.84, 36 months,D,RENT,small_business,107684.0,8.73,817.0,Fully Paid
2017-02-01,26903,5.0, 36 months,A,MORTGAGE,credit_card,74964.0,20.79,616.0,Fully Paid
2017-03-01,22804,5.0, 36 months,A,RENT,debt_consolidation,95802.0,6.54,608.0,Charged Off
2017-03-01,20841,5.0, 36 months,A,RENT,debt_consolidation,83811.0,6.7,610.0,Fully Paid
2017-03-01,5692,11.99, 36 months,C,MORTGAGE,home_improvement,,24.5,732.0,Charged Off
2017-03-01,4818,11.83, 36 months,C,RENT,home_improvement,112639.0,18.88,,Fully Paid
2017-03-01,7368,6.85, 36 months,B,MORTGAGE,debt_consolidation,65181.0,8.0,681.0,Fully Paid
2017-03-01,12730,26.41, 36 months,G,MORTGAGE,small_business,80607.0,14.6,720.0,Charged Off
2017-03-01,8772,5.0, 60 months,A,RENT,debt_consolidation,86708.0,3.88,742.0,Fully Paid
2017-03-01,12110,6.42, 36 months,B,RENT,credit_card,,0.0,726.0,Fully Paid
2017-03-01,33393,6.14, 36 months,B,RENT,credit_card,131034.0,1.03,721.0,Fully Paid
2017-03-01,16228,5.0, 36 months,A,OWN,debt_consolidation,79383.0,4.38,627.0,Fully Paid
2017-03-01,19452,5.89, 36 months,B,MORTGAGE,small_business,69826.0,22.02,786.0,Fully Paid
2017-03-01,13091,6.9, 60 months,B,RENT,debt_consolidation,69397.0,6.61,783.0,Fully Paid
2017-03-01,15142,5.0, 36 months,A,OWN,credit_card,15712.0,10.06,841.0,Fully Paid
2017-03-01,21962,24.5, 36 months,G,MORTGAGE,credit_card,91578.0,19.84,765.0,Charged Off
2017-03-01,23854,5.0, 36 months,B,RENT,credit_card,62526.0,13.82,849.0,Fully Paid
2017-03-01,31887,25.3, 36 months,G,MORTGAGE,debt_consolidation,122794.0,5.41,746.0,Fully Paid
2017-03-01,19070,14.09, 36 months,D,RENT,debt_consolidation,,9.84,786.0,Fully Paid
2017-03-01,12389,6.43, 36 months,B,MORTGAGE,debt_consolidation,71821.0,25.59,710.0,Charged Off
2017-03-01,18255,5.56, 36 months,A,RENT,home_improvement,52199.0,13.62,720.0,Fully Paid
2017-03-01,7312,5.0, 60 months,A,MORTGAGE,debt_consolidation,,8.02,773.0,Fully Paid
2017-03-01,29038,18.29, 36 months,E,MORTGAGE,credit_card,93481.0,12.5,668.0,Fully Paid
2017-03-01,2943,5.0, 36 months,A,MORTGAGE,debt_consolidation,105333.0,18.52,830.0,Fully Paid
2017-03-01,17661,5.0, 36 months,A,RENT,debt_consolidation,93208.0,18.03,760.0,Fully Paid
2017-03-01,12519,18.1, 36 months,D,OWN,debt_consolidation,100715.0,8.89,605.0,Fully Paid
2017-03-01,18149,7.91, 36 months,B,OWN,debt_consolidation,123881.0,27.91,722.0,Fully Paid
2017-03-01,25424,13.11, 36 months,D,RENT,home_improvement,93520.0,12.93,799.0,Fully Paid
2017-03-01,27670,13.77, 36 months,C,RENT,credit_card,69617.0,16.51,698.0,Fully Paid
2017-03-01,10551,13.54, 36 months,C,RENT,home_improvement,69955.0,7.26,668.0,Fully Paid
2017-03-01,28460,7.1, 36 months,B,OWN,debt_consolidation,85323.0,14.23,722.0,Fully Paid
2017-03-01,14657,5.0, 36 months,A,RENT,debt_consolidation,15000.0,16.26,776.0,Fully Paid
2017-03-01,5019,12.59, 36 months,C,MORTGAGE,debt_consolidation,43541.0,16.91,653.0,Charged Off
2017-03-01,2055,17.4, 60 months,E,RENT,debt_consolidation,,7.81,661.0,Fully Paid
2017-03-01,31432,8.24, 36 months,B,RENT,debt_consolidation,67367.0,13.71,657.0,Fully Paid
2017-03-01,29207,5.61, 36 months,B,OWN,debt_consolidation,108504.0,11.75,834.0,Fully Paid
2017-03-01,26024,17.35, 36 months,E,OWN,debt_consolidation,69423.0,2.35,709.0,Fully Paid
2017-03-01,16138,17.03, 36 months,E,OWN,other,67880.0,15.16,652.0,Fully Paid
2017-03-01,20545,25.06, 36 months,G,MORTGAGE,debt_consolidation,,29.33,705.0,Charged Off
2017-03-01,31745,12.39, 36 months,D,OWN,credit_card,22801.0,22.62,832.0,Fully Paid
2017-03-01,13257,5.0, 36 months,A,OWN,debt_consolidation,85580.0,6.52,716.0,Fully Paid
2017-03-01,13532,24.77, 36 months,G,MORTGAGE,other,94031.0,2.15,758.0,Fully Paid
2017-03-01,22177,13.18, 36 months,C,RENT,small_business,34975.0,21.83,699.0,Fully Paid
2017-03-01,16629,15.82, 60 months,E,OWN,debt_consolidation,99088.0,13.56,844.0,Fully Paid
2017-03-01,15016,5.8, 60 months,B,MORTGAGE,home_improvement,48648.0,4.97,810.0,Fully Paid
2017-03-01,22384,5.0, 36 months,A,MORTGAGE,debt_consolidation,95524.0,17.68,685.0,Charged Off
2017-03-01,25197,5.0, 36 months,A,RENT,debt_consolidation,111957.0,14.31,754.0,Fully Paid
2017-03-01,9021,18.99, 36 months,F,MORTGAGE,credit_card,100788.0,7.39,811.0,Fully Paid
2017-04-01,21112,6.55, 36 months,B,MORTGAGE,debt_consolidation,,2.38,809.0,Fully Paid
2017-04-01,11092,8.05, 36 months,B,RENT,home_improvement,100213.0,12.02,715.0,Fully Paid
2017-04-01,22632,16.85, 60 months,E,MORTGAGE,debt_consolidation,50035.0,15.32,755.0,Fully Paid
2017-04-01,3543,5.0, 36 months,A,RENT,debt_consolidation,58593.0,0.0,779.0,Fully Paid
2017-04-01,10542,11.26, 36 months,C,RENT,small_business,,3.33,818.0,Fully Paid
2017-04-01,7150,21.95, 60 months,F,RENT,debt_consolidation,111905.0,19.12,618.0,Charged Off
2017-04-01,23382,5.0, 36 months,A,RENT,debt_consolidation,52992.0,32.4,700.0,Fully Paid
2017-04-01,32911,10.74, 36 months,C,MORTGAGE,other,50931.0,6.74,816.0,Fully Paid
2017-04-01,15134,5.0, 36 months,A,MORTGAGE,credit_card,53011.0,21.67,815.0,Fully Paid
2017-04-01,9402,12.88, 36 months,C,OWN,debt_consolidation,48566.0,30.79,713.0,Fully Paid
2017-04-01,24374,9.84, 60 months,C,MORTGAGE,small_business,55009.0,18.89,813.0,Fully Paid
2017-04-01,17658,18.91, 36 months,F,MORTGAGE,home_improvement,83181.0,15.49,794.0,Fully Paid
2017-04-01,16219,15.65, 60 months,E,RENT,debt_consolidation,77815.0,20.05,789.0,Charged Off
2017-04-01,33212,13.85, 36 months,C,RENT,debt_consolidation,62535.0,12.78,654.0,Fully Paid
2017-04-01,34062,19.47, 36 months,F,OWN,debt_consolidation,51657.0,30.27,813.0,Fully Paid
2017-04-01,7211,10.33, 36 months,C,OWN,credit_card,85629.0,17.63,829.0,Fully Paid
2017-04-01,6043,16.3, 36 months,E,MORTGAGE,other,90856.0,18.25,737.0,Fully Paid
2017-04-01,25659,13.63, 60 months,C,OWN,debt_consolidation,54542.0,12.24,728.0,Fully Paid
2017-04-01,29622,6.72, 36 months,B,RENT,other,135708.0,3.56,788.0,Fully Paid
2017-04-01,18909,13.63, 36 months,D,OWN,credit_card,95192.0,6.96,777.0,Fully Paid
2017-04-01,5427,23.71, 36 months,G,RENT,debt_consolidation,56077.0,14.8,727.0,Fully Paid
2017-04-01,2386,5.0, 36 months,A,MORTGAGE,credit_card,86367.0,21.0,625.0,Fully Paid
2017-04-01,8576,5.0, 60 months,A,RENT,small_business,81837.0,19.76,701.0,Fully Paid
2017-04-01,11584,25.5, 36 months,G,OWN,debt_consolidation,70917.0,13.93,656.0,Charged Off
2017-04-01,10737,5.0, 36 months,A,RENT,other,67787.0,7.38,665.0,Fully Paid
2017-04-01,29922,17.88, 36 months,D,RENT,debt_consolidation,,9.54,610.0,Fully Paid
2017-04-01,8515,5.0, 36 months,A,RENT,debt_consolidation,60193.0,28.74,779.0,Fully Paid
2017-04-01,3943,8.19, 36 months,B,MORTGAGE,other,74725.0,25.19,670.0,Fully Paid
2017-04-01,8284,8.36, 60 months,B,RENT,small_business,89752.0,6.79,668.0,Fully Paid
2017-04-01,2547,5.0, 36 months,A,RENT,debt_consolidation,92932.0,10.4,703.0,Fully Paid
2017-04-01,33062,13.5, 36 months,D,RENT,debt_consolidation,69207.0,9.56,728.0,Fully Paid
2017-04-01,29925,10.11, 36 months,C,RENT,other,64316.0,5.45,809.0,Fully Paid
2017-04-01,20760,12.88, 36 months,C,MORTGAGE,credit_card,72917.0,16.83,660.0,Fully Paid
2017-04-01,16908,5.0, 36 months,A,MORTGAGE,debt_consolidation,76555.0,17.87,784.0,Fully Paid
2017-04-01,9432,5.0, 36 months,A,RENT,debt_consolidation,75435.0,14.14,674.0,Fully Paid
2017-04-01,34237,8.09, 36 months,B,OWN,debt_consolidation,76045.0,16.89,719.0,Fully Paid
2017-04-01,1113,11.67, 36 months,C,MORTGAGE,debt_consolidation,66131.0,29.1,681.0,Charged Off
2017-04-01,33783,6.05, 60 months,B,MORTGAGE,debt_consolidation,51785.0,12.44,827.0,Charged Off
2017-04-01,3405,5.0, 60 months,A,RENT,home_improvement,51403.0,11.68,748.0,Fully Paid
2017-05-01,20138,12.95, 60 months,C,MORTGAGE,small_business,72766.0,1.17,603.0,Fully Paid
2017-05-01,15115,13.91, 36 months,D,MORTGAGE,small_business,32670.0,16.58,803.0,Fully Paid
2017-05-01,5999,19.18, 60 months,F,RENT,debt_consolidation,77443.0,20.95,755.0,Charged Off
2017-05-01,2658,23.43, 36 months,G,MORTGAGE,credit_card,51620.0,28.69,809.0,Fully Paid
2017-05-01,13651,12.91, 36 months,C,RENT,other,32625.0,16.27,689.0,Fully Paid
2017-05-01,2851,11.58, 36 months,C,MORTGAGE,debt_consolidation,54203.0,11.5,774.0,Fully Paid
2017-05-01,14892,25.88, 36 months,G,MORTGAGE,other,76958.0,14.72,692.0,Charged Off
2017-05-01,21601,12.85, 60 months,C,RENT,other,109534.0,16.13,799.0,Fully Paid
2017-05-01,5414,8.67, 60 months,B,MORTGAGE,debt_consolidation,15000.0,21.99,623.0,Fully Paid
2017-05-01,26760,7.18, 36 months,B,MORTGAGE,debt_consolidation,42727.0,11.22,720.0,Fully Paid
2017-05-01,25096,8.08, 36 months,B,RENT,debt_consolidation,79197.0,3.74,625.0,Charged Off
2017-05-01,33676,11.72, 36 months,C,RENT,other,96849.0,15.22,751.0,Fully Paid
2017-05-01,14157,13.6, 36 months,C,RENT,credit_card,104169.0,28.21,714.0,Fully Paid
2017-05-01,22492,5.0, 36 months,A,MORTGAGE,debt_consolidation,77557.0,3.08,651.0,Fully Paid
2017-05-01,17902,20.55, 36 months,F,MORTGAGE,other,109462.0,14.54,655.0,Fully Paid
2017-05-01,6928,5.61, 60 months,B,RENT,debt_consolidation,93319.0,13.0,764.0,Fully Paid
2017-05-01,27430,18.94, 60 months,F,MORTGAGE,credit_card,98852.0,28.11,767.0,Fully Paid
2017-05-01,15783,18.71, 36 months,E,MORTGAGE,debt_consolidation,96044.0,11.97,609.0,Charged Off
2017-05-01,16118,16.74, 36 months,E,RENT,debt_consolidation,56039.0,23.71,783.0,Fully Paid
2017-05-01,22609,16.97, 36 months,E,MORTGAGE,other,70931.0,16.08,831.0,Charged Off
2017-05-01,28520,25.1, 60 months,G,RENT,debt_consolidation,80764.0,19.45,735.0,Charged Off
2017-05-01,1030,9.18, 60 months,B,MORTGAGE,debt_consolidation,46700.0,15.31,624.0,Charged Off
2017-05-01,10477,5.0, 36 months,A,RENT,debt_consolidation,93422.0,19.17,627.0,Charged Off
2017-05-01,1563,5.0, 36 months,A,MORTGAGE,credit_card,119167.0,11.36,702.0,Fully Paid
2017-05-01,12239,22.48, 60 months,F,MORTGAGE,small_business,43772.0,19.59,613.0,Charged Off
2017-05-01,30865,13.41, 36 months,D,MORTGAGE,other,100441.0,11.68,826.0,Fully Paid
2017-05-01,17291,16.56, 60 months,E,RENT,credit_card,68725.0,27.17,753.0,Fully Paid
2017-05-01,25251,5.0, 36 months,B,RENT,debt_consolidation,92661.0,15.56,805.0,Fully Paid
2017-05-01,29200,6.52, 36 months,B,RENT,credit_card,66943.0,6.23,782.0,Fully Paid
2017-05-01,8170,18.06, 60 months,F,OWN,debt_consolidation,57517.0,12.59,783.0,Fully Paid
2017-05-01,19493,17.04, 36 months,F,RENT,credit_card,109443.0,19.09,791.0,Fully Paid
2017-05-01,27777,5.0, 36 months,A,OWN,credit_card,55033.0,20.44,837.0,Fully Paid
2017-05-01,13384,14.45, 60 months,D,RENT,debt_consolidation,55095.0,10.65,805.0,Fully Paid
2017-05-01,16636,13.56, 36 months,C,RENT,debt_consolidation,17590.0,14.39,620.0,Fully Paid
2017-05-01,9690,8.35, 36 months,B,MORTGAGE,home_improvement,68750.0,20.15,746.0,Fully Paid
2017-05-01,14997,5.0, 36 months,A,MORTGAGE,debt_consolidation,105236.0,2.46,745.0,Fully Paid
2017-05-01,19032,14.96, 36 months,D,RENT,debt_consolidation,74434.0,21.49,700.0,Fully Paid
2017-06-01,17654,5.0, 36 months,A,RENT,other,,14.43,747.0,Fully Paid
2017-06-01,27943,16.96, 36 months,E,OWN,debt_consolidation,134862.0,19.07,711.0,Fully Paid
2017-06-01,7607,12.71, 36 months,C,MORTGAGE,debt_consolidation,75975.0,0.0,776.0,Fully Paid
2017-06-01,8947,5.0, 36 months,A,RENT,debt_consolidation,17043.0,13.05,841.0,Fully Paid
2017-06-01,31917,16.89, 60 months,E,RENT,debt_consolidation,101161.0,12.9,687.0,Charged Off
2017-06-01,10422,5.0, 36 months,A,OWN,debt_consolidation,54492.0,4.94,630.0,Fully Paid
2017-06-01,23324,5.0, 36 months,A,RENT,debt_consolidation,71051.0,16.36,758.0,Fully Paid
2017-06-01,16304,11.29, 36 months,C,RENT,debt_consolidation,64139.0,12.58,828.0,Fully Paid
2017-06-01,12696,12.82, 36 months,C,RENT,debt_consolidation,66035.0,9.06,744.0,Fully Paid
2017-06-01,26628,19.88, 36 months,F,MORTGAGE,small_business,,11.48,636.0,Charged Off
2017-06-01,32553,14.31, 36 months,D,OWN,small_business,99200.0,1.28,708.0,Fully Paid
2017-06-01,18426,7.12, 60 months,B,RENT,credit_card,41671.0,14.34,786.0,Fully Paid
2017-06-01,18288,10.38, 36 months,C,MORTGAGE,small_business,,15.57,792.0,Fully Paid
2017-06-01,16433,15.67, 36 months,E,MORTGAGE,debt_consolidation,102472.0,19.71,,Charged Off
2017-06-01,4634,10.78, 36 months,C,RENT,other,43011.0,0.0,807.0,Fully Paid
2017-06-01,9399,9.41, 36 months,B,MORTGAGE,small_business,88382.0,4.07,628.0,Fully Paid
2017-06-01,9217,12.22, 60 months,C,RENT,credit_card,77277.0,23.21,756.0,Fully Paid
2017-06-01,34609,8.11, 36 months,B,OWN,debt_consolidation,66792.0,26.83,641.0,Fully Paid
2017-06-01,1286,16.94, 36 months,F,MORTGAGE,debt_consolidation,,9.06,849.0,Fully Paid
2017-06-01,28876,24.42, 36 months,G,,debt_consolidation,102393.0,0.0,714.0,Fully Paid
2017-06-01,27220,5.0, 36 months,A,RENT,debt_consolidation,64311.0,13.72,781.0,Fully Paid
2017-06-01,16694,13.7, 36 months,D,RENT,debt_consolidation,63067.0,18.16,826.0,Fully Paid
2017-06-01,31359,5.0, 36 months,A,MORTGAGE,credit_card,61414.0,23.54,816.0,Fully Paid
2017-06-01,5113,12.92, 36 months,C,MORTGAGE,debt_consolidation,,16.54,713.0,Fully Paid
2017-06-01,9353,10.56, 60 months,C,RENT,home_improvement,64845.0,,741.0,Fully Paid
2017-06-01,24710,14.72, 36 months,D,RENT,debt_consolidation,36442.0,26.46,722.0,Fully Paid
2017-06-01,17344,5.0, 36 months,A,MORTGAGE,debt_consolidation,119074.0,0.0,709.0,Fully Paid
2017-06-01,6215,15.52, 60 months,D,OWN,debt_consolidation,69054.0,20.72,673.0,Charged Off
2017-06-01,32135,13.4, 36 months,D,RENT,debt_consolidation,52979.0,25.9,792.0,Fully Paid
2017-06-01,20794,16.04, 60 months,E,MORTGAGE,credit_card,75327.0,20.66,724.0,Fully Paid
2017-06-01,33905,5.0, 36 months,A,,debt_consolidation,78004.0,22.54,805.0,Fully Paid
2017-06-01,33525,10.18, 36 months,C,MORTGAGE,credit_card,84340.0,9.9,831.0,Fully Paid
2017-06-01,8242,13.87, 36 months,D,MORTGAGE,credit_card,93284.0,16.16,787.0,Charged Off
2017-06-01,3842,15.67, 36 months,E,OWN,debt_consolidation,97120.0,7.8,792.0,Charged Off
2017-06-01,31562,13.32, 36 months,D,RENT,small_business,124329.0,15.68,790.0,Fully Paid
2017-06-01,6493,5.0, 36 months,A,RENT,debt_consolidation,122097.0,27.98,789.0,Fully Paid
2017-06-01,9994,17.53, 60 months,E,RENT,other,82481.0,5.94,646.0,Fully Paid
2017-06-01,26686,10.59, 36 months,C,RENT,debt_consolidation,73388.0,21.52,837.0,Fully Paid
2017-06-01,17646,6.83, 36 months,B,OWN,home_improvement,87548.0,1.51,800.0,Fully Paid
2017-06-01,31144,18.19, 36 months,E,RENT,debt_consolidation,78820.0,18.49,723.0,Charged Off
2017-07-01,11889,16.79, 36 months,E,RENT,small_business,89960.0,12.12,719.0,Fully Paid
2017-07-01,26294,17.32, 60 months,E,RENT,credit_card,96741.0,11.06,644.0,Charged Off
2017-07-01,34247,11.49, 36 months,C,RENT,debt_consolidation,66973.0,18.24,647.0,Fully Paid
2017-07-01,28919,6.25, 36 months,B,RENT,credit_card,44365.0,24.68,778.0,Fully Paid
2017-07-01,1331,6.79, 36 months,B,MORTGAGE,debt_consolidation,86962.0,5.66,,Fully Paid
2017-07-01,3802,23.22, 36 months,G,MORTGAGE,other,88688.0,21.84,834.0,Charged Off
2017-07-01,24526,11.12, 36 months,C,RENT,small_business,89279.0,18.01,786.0,Fully Paid
2017-07-01,29852,5.0, 60 months,B,RENT,debt_consolidation,45289.0,12.66,830.0,Fully Paid
2017-07-01,2381,17.09, 36 months,E,OWN,small_business,77071.0,29.28,741.0,Charged Off
2017-07-01,30873,6.33, 36 months,B,RENT,debt_consolidation,101734.0,19.77,839.0,Fully Paid
2017-07-01,26892,5.0, 60 months,A,MORTGAGE,debt_consolidation,68336.0,11.98,751.0,Fully Paid
2017-07-01,30794,11.76, 36 months,D,RENT,debt_consolidation,98621.0,21.41,838.0,Fully Paid
2017-07-01,10762,16.72, 60 months,D,OWN,debt_consolidation,98746.0,16.26,696.0,Fully Paid
2017-07-01,13760,7.12, 36 months,B,OWN,debt_consolidation,101590.0,15.0,682.0,Fully Paid
2017-07-01,16746,7.82, 60 months,B,OWN,credit_card,23550.0,18.02,701.0,Fully Paid
2017-07-01,16981,17.2, 36 months,D,MORTGAGE,debt_consolidation,27856.0,11.31,625.0,Fully Paid
2017-07-01,16311,15.15, 36 months,D,RENT,home_improvement,83326.0,13.08,728.0,Fully Paid
2017-07-01,6628,5.57, 36 months,B,OWN,debt_consolidation,64788.0,7.0,798.0,Fully Paid
2017-07-01,13815,19.75, 36 months,F,MORTGAGE,debt_consolidation,54623.0,3.92,711.0,Fully Paid
2017-07-01,20578,5.0, 36 months,A,MORTGAGE,credit_card,95493.0,18.43,619.0,Fully Paid
2017-07-01,19733,5.0, 60 months,A,MORTGAGE,credit_card,76792.0,7.72,822.0,Fully Paid
2017-07-01,27763,13.83, 36 months,C,OWN,debt_consolidation,95873.0,16.89,617.0,Charged Off
2017-07-01,29472,12.49, 60 months,C,RENT,other,63579.0,20.63,765.0,Fully Paid
2017-07-01,32169,5.0, 36 months,B,RENT,credit_card,89644.0,11.36,833.0,Fully Paid
2017-07-01,15411,23.11, 36 months,G,RENT,debt_consolidation,74646.0,22.56,818.0,Fully Paid
2017-07-01,7148,17.93, 36 months,F,MORTGAGE,debt_consolidation,96573.0,0.0,795.0,Fully Paid
2017-07-01,6840,17.54, 36 months,E,OWN,credit_card,89099.0,16.4,656.0,Fully Paid
2017-07-01,8447,8.02, 36 months,B,OWN,credit_card,98998.0,11.89,616.0,Fully Paid
2017-07-01,3859,14.86, 36 months,C,RENT,debt_consolidation,42745.0,10.4,631.0,Fully Paid
2017-07-01,8464,5.0, 36 months,A,MORTGAGE,small_business,96204.0,21.57,685.0,Fully Paid
2017-07-01,8910,7.62, 36 months,B,MORTGAGE,credit_card,70301.0,17.35,691.0,Fully Paid
2017-07-01,3908,7.13, 36 months,B,RENT,debt_consolidation,57409.0,13.54,682.0,Fully Paid
2017-07-01,5127,5.0, 36 months,A,OWN,debt_consolidation,56640.0,20.86,671.0,Charged Off
2017-07-01,11216,11.81, 36 months,C,MORTGAGE,home_improvement,32418.0,12.45,739.0,Fully Paid
2017-07-01,24180,5.0, 36 months,A,MORTGAGE,debt_consolidation,85096.0,30.15,764.0,Fully Paid
2017-07-01,25796,7.43, 36 months,B,MORTGAGE,credit_card,56223.0,15.46,642.0,Fully Paid
2017-07-01,26598,5.0, 36 months,A,OWN,small_business,64439.0,12.03,827.0,Fully Paid
2017-07-01,9827,10.28, 36 months,C,MORTGAGE,debt_consolidation,63601.0,19.79,807.0,Fully Paid
2017-07-01,14639,5.0, 36 months,A,RENT,home_improvement,93144.0,16.51,629.0,Fully Paid
2017-07-01,7823,5.0, 36 months,A,RENT,debt_consolidation,108918.0,2.74,847.0,Fully Paid
2017-07-01,17292,5.0, 36 months,A,RENT,debt_consolidation,56816.0,23.73,620.0,Fully Paid
2017-07-01,13608,5.0, 36 months,A,OWN,small_business,38639.0,8.82,828.0,Fully Paid
2017-07-01,20997,11.47, 36 months,C,RENT,debt_consolidation,65877.0,14.15,760.0,Fully Paid
2017-07-01,23193,24.35, 60 months,G,RENT,debt_consolidation,95647.0,16.35,781.0,Charged Off
2017-07-01,13694,21.01, 36 months,F,RENT,other,95231.0,11.45,622.0,Fully Paid
2017-07-01,4411,5.0, 36 months,A,MORTGAGE,small_business,92396.0,11.87,712.0,Fully Paid
2017-07-01,12798,11.04, 36 months,C,RENT,credit_card,,3.2,762.0,Fully Paid
2017-08-01,17714,17.91, 36 months,E,MORTGAGE,debt_consolidation,19872.0,34.11,660.0,Fully Paid
2017-08-01,16294,6.85, 60 months,B,RENT,debt_consolidation,84045.0,18.94,745.0,Fully Paid
2017-08-01,4766,15.62, 36 months,D,MORTGAGE,debt_consolidation,65508.0,8.56,644.0,Fully Paid
2017-08-01,14199,5.0, 60 months,A,MORTGAGE,debt_consolidation,82996.0,0.0,649.0,Fully Paid
2017-08-01,22433,25.26, 36 months,G,OWN,debt_consolidation,98553.0,10.68,691.0,Charged Off
2017-08-01,3187,8.31, 60 months,B,MORTGAGE,debt_consolidation,90222.0,16.49,662.0,Fully Paid
2017-08-01,21993,5.0, 36 months,A,MORTGAGE,debt_consolidation,86668.0,19.77,738.0,Fully Paid
2017-08-01,26291,9.74, 36 months,C,MORTGAGE,debt_consolidation,80665.0,20.9,824.0,Fully Paid
2017-08-01,16137,5.0, 36 months,A,OWN,credit_card,92754.0,4.97,677.0,Fully Paid
2017-08-01,16872,5.5, 36 months,B,MORTGAGE,home_improvement,86742.0,0.0,843.0,Fully Paid
2017-08-01,20041,5.0, 36 months,A,OWN,home_improvement,104841.0,22.23,711.0,Fully Paid
2017-08-01,15016,11.49, 36 months,C,MORTGAGE,credit_card,97788.0,13.9,714.0,Charged Off
2017-08-01,19222,17.86, 36 months,E,RENT,debt_consolidation,59698.0,11.01,681.0,Fully Paid
2017-08-01,11347,7.58, 36 months,B,OWN,debt_consolidation,65461.0,13.97,746.0,Fully Paid
2017-08-01,18201,8.77, 60 months,B,MORTGAGE,debt_consolidation,99458.0,22.6,726.0,Fully Paid
2017-08-01,29286,17.44, 36 months,E,RENT,credit_card,89454.0,11.2,663.0,Fully Paid
2017-08-01,24357,5.0, 36 months,A,MORTGAGE,credit_card,117910.0,11.01,832.0,Fully Paid
2017-08-01,31387,5.0, 60 months,A,MORTGAGE,debt_consolidation,37725.0,16.1,792.0,Fully Paid
2017-08-01,5837,5.0, 60 months,A,RENT,debt_consolidation,25724.0,16.11,710.0,Fully Paid
2017-08-01,18835,15.51, 36 months,D,MORTGAGE,other,88735.0,17.23,710.0,Fully Paid
2017-08-01,29591,25.5, 36 months,G,OWN,credit_card,100178.0,12.4,693.0,Charged Off
2017-08-01,19582,13.06, 60 months,D,MORTGAGE,debt_consolidation,58470.0,25.03,800.0,Fully Paid
2017-08-01,17411,10.08, 36 months,C,OWN,home_improvement,109194.0,8.34,818.0,Fully Paid
2017-08-01,16094,9.12, 36 months,B,RENT,credit_card,86538.0,7.91,734.0,Fully Paid
2017-08-01,23369,14.71, 36 months,D,RENT,other,74329.0,3.52,,Fully Paid
2017-08-01,1539,5.0, 36 months,A,RENT,debt_consolidation,27715.0,15.83,795.0,Fully Paid
2017-08-01,7220,25.92, 36 months,G,RENT,credit_card,,9.43,643.0,Fully Paid
2017-08-01,4906,5.0, 60 months,A,OWN,credit_card,89791.0,30.07,731.0,Fully Paid
2017-08-01,7854,11.34, 60 months,C,OWN,credit_card,81231.0,9.04,795.0,Fully Paid
2017-08-01,18240,14.63, 36 months,D,,debt_consolidation,67194.0,16.3,753.0,Fully Paid
2017-08-01,5213,13.79, 60 months,D,RENT,debt_consolidation,56173.0,14.53,722.0,Charged Off
2017-08-01,18653,5.0, 60 months,A,RENT,credit_card,95816.0,11.04,639.0,Fully Paid
2017-08-01,3701,15.8, 36 months,D,MORTGAGE,debt_consolidation,32753.0,0.48,643.0,Fully Paid
2017-08-01,12563,27.94, 60 months,G,RENT,debt_consolidation,19542.0,23.02,604.0,Charged Off
2017-08-01,6031,9.32, 36 months,B,MORTGAGE,other,83508.0,14.58,609.0,Charged Off
2017-08-01,23973,13.05, 36 months,C,RENT,debt_consolidation,69660.0,17.58,695.0,Fully Paid
2017-08-01,16171,5.0, 36 months,A,RENT,debt_consolidation,54521.0,17.65,772.0,Fully Paid
2017-08-01,19121,5.0, 36 months,A,MORTGAGE,small_business,22608.0,28.1,709.0,Fully Paid
2017-08-01,1739,19.12, 36 months,F,OWN,debt_consolidation,74169.0,17.07,690.0,Charged Off
2017-08-01,20518,15.32, 36 months,D,MORTGAGE,debt_consolidation,84594.0,13.6,646.0,Fully Paid
2017-08-01,18993,5.0, 36 months,A,OWN,debt_consolidation,67742.0,13.75,809.0,Fully Paid
2017-08-01,10421,7.38, 36 months,B,MORTGAGE,home_improvement,64961.0,12.81,767.0,Fully Paid
2017-08-01,22223,16.15, 36 months,E,MORTGAGE,debt_consolidation,,19.66,769.0,Charged Off
2017-08-01,6757,5.0, 36 months,A,OWN,credit_card,85573.0,8.0,833.0,Fully Paid
2017-09-01,12820,14.0, 36 months,D,MORTGAGE,debt_consolidation,78062.0,17.48,764.0,Fully Paid
2017-09-01,33059,6.33, 36 months,B,MORTGAGE,home_improvement,,25.91,697.0,Fully Paid
2017-09-01,1115,15.47, 36 months,D,MORTGAGE,debt_consolidation,48426.0,15.99,672.0,Fully Paid
2017-09-01,12648,7.49, 36 months,B,RENT,debt_consolidation,124865.0,16.01,712.0,Fully Paid
2017-09-01,20559,22.36, 60 months,G,MORTGAGE,debt_consolidation,,24.15,833.0,Fully Paid
2017-09-01,21074,5.0, 36 months,A,OWN,debt_consolidation,61972.0,16.33,675.0,Fully Paid
2017-09-01,7004,5.0, 36 months,A,MORTGAGE,small_business,43642.0,22.21,629.0,Fully Paid
2017-09-01,16362,11.15, 60 months,C,RENT,home_improvement,71101.0,10.25,753.0,Fully Paid
2017-09-01,20319,11.83, 36 months,C,OWN,credit_card,68077.0,24.91,745.0,Fully Paid
2017-09-01,27992,22.14, 36 months,F,OWN,credit_card,40327.0,25.38,605.0,Charged Off
2017-09-01,29912,12.69, 36 months,D,RENT,debt_consolidation,48379.0,15.22,788.0,Fully Paid
2017-09-01,23102,12.06, 60 months,C,RENT,debt_consolidation,68558.0,23.36,786.0,Fully Paid
2017-09-01,14133,11.96, 36 months,C,MORTGAGE,credit_card,69967.0,10.27,761.0,Fully Paid
2017-09-01,27212,5.0, 36 months,A,RENT,debt_consolidation,78048.0,19.01,759.0,Fully Paid
2017-09-01,15725,20.35, 36 months,F,RENT,debt_consolidation,104122.0,26.94,684.0,Fully Paid
2017-09-01,4676,8.55, 36 months,B,RENT,debt_consolidation,114584.0,8.29,636.0,Fully Paid
2017-09-01,17696,12.55, 36 months,C,MORTGAGE,debt_consolidation,93331.0,2.81,766.0,Fully Paid
2017-09-01,22128,16.93, 36 months,E,OWN,credit_card,20616.0,19.06,764.0,Fully Paid
2017-09-01,9237,9.07, 36 months,B,RENT,debt_consolidation,133697.0,20.17,617.0,Fully Paid
2017-09-01,8111,7.72, 36 months,B,RENT,small_business,35447.0,14.9,637.0,Charged Off
2017-09-01,18606,7.99, 60 months,B,OWN,small_business,71273.0,33.32,636.0,Charged Off
2017-09-01,33152,18.65, 36 months,F,MORTGAGE,debt_consolidation,60598.0,1.14,799.0,Fully Paid
2017-09-01,20121,15.78, 36 months,E,,other,,3.24,732.0,Fully Paid
2017-09-01,10164,16.15, 36 months,E,RENT,credit_card,72011.0,7.19,703.0,Fully Paid
2017-09-01,25533,16.99, 36 months,E,OWN,small_business,53538.0,8.48,718.0,Fully Paid
2017-09-01,6400,20.2, 60 months,F,RENT,credit_card,39279.0,13.55,766.0,Fully Paid
2017-09-01,2223,14.96, 36 months,D,MORTGAGE,debt_consolidation,40784.0,10.25,692.0,Fully Paid
2017-09-01,19739,20.41, 36 months,F,MORTGAGE,debt_consolidation,96493.0,13.94,685.0,Fully Paid
2017-09-01,22318,13.88, 36 months,D,MORTGAGE,debt_consolidation,76661.0,34.56,718.0,Fully Paid
2017-09-01,30815,16.66, 60 months,D,OWN,credit_card,77576.0,14.89,670.0,Fully Paid
2017-09-01,23634,8.6, 36 months,B,OWN,credit_card,67608.0,4.73,666.0,Fully Paid
2017-09-01,3879,5.0, 36 months,A,OWN,debt_consolidation,53612.0,16.95,785.0,Fully Paid
2017-09-01,22520,14.92, 60 months,D,RENT,small_business,23859.0,13.74,735.0,Fully Paid
2017-09-01,29353,5.0, 36 months,A,MORTGAGE,home_improvement,57478.0,19.4,667.0,Fully Paid
2017-09-01,1264,7.37, 36 months,B,MORTGAGE,other,86388.0,22.57,716.0,Fully Paid
2017-09-01,5577,5.17, 36 months,A,RENT,credit_card,81021.0,11.81,603.0,Fully Paid
2017-09-01,7629,15.49, 60 months,C,RENT,debt_consolidation,63598.0,8.84,606.0,Fully Paid
2017-09-01,14573,14.36, 60 months,D,MORTGAGE,credit_card,28585.0,18.16,612.0,Charged Off
2017-09-01,21561,15.94, 36 months,D,MORTGAGE,debt_consolidation,71001.0,15.78,677.0,Fully Paid
2017-09-01,11767,5.0, 36 months,A,MORTGAGE,credit_card,106269.0,18.57,707.0,Fully Paid
2017-09-01,13558,5.0, 36 months,A,RENT,other,120044.0,14.57,727.0,Fully Paid
2017-10-01,20998,14.13, 36 months,C,OWN,debt_consolidation,,11.76,609.0,Charged Off
2017-10-01,15540,17.98, 36 months,F,MORTGAGE,small_business,72335.0,,771.0,Fully Paid
2017-10-01,5185,5.0, 36 months,A,MORTGAGE,debt_consolidation,63915.0,19.51,676.0,Fully Paid
2017-10-01,27471,7.99, 36 months,B,OWN,other,54599.0,24.74,714.0,Fully Paid
2017-10-01,28858,26.32, 36 months,G,MORTGAGE,debt_consolidation,67051.0,31.74,610.0,Charged Off
2017-10-01,34371,16.22, 36 months,E,RENT,credit_card,72761.0,10.88,770.0,Fully Paid
2017-10-01,8687,9.81, 60 months,C,RENT,debt_consolidation,115662.0,33.56,836.0,Fully Paid
2017-10-01,18348,13.1, 60 months,C,OWN,home_improvement,76791.0,13.39,654.0,Fully Paid
2017-10-01,12787,15.08, 60 months,D,RENT,home_improvement,118270.0,7.69,707.0,Fully Paid
2017-10-01,20585,5.88, 60 months,B,RENT,debt_consolidation,70072.0,,744.0,Fully Paid
2017-10-01,32162,13.75, 36 months,D,MORTGAGE,home_improvement,87007.0,12.4,761.0,Fully Paid
2017-10-01,24639,17.8, 60 months,E,MORTGAGE,credit_card,78141.0,32.57,665.0,Charged Off
2017-10-01,25531,12.19, 36 months,C,MORTGAGE,debt_consolidation,103826.0,6.8,746.0,Fully Paid
2017-10-01,26509,5.21, 36 months,B,RENT,debt_consolidation,71493.0,13.95,817.0,Fully Paid
2017-10-01,17107,12.75, 60 months,C,RENT,credit_card,,10.67,630.0,Charged Off
2017-10-01,2808,14.98, 60 months,D,OWN,other,79292.0,17.08,712.0,Fully Paid
2017-10-01,34250,12.71, 36 months,D,RENT,debt_consolidation,72201.0,20.23,787.0,Fully Paid
2017-10-01,33033,13.94, 60 months,D,MORTGAGE,debt_consolidation,66739.0,18.71,743.0,Fully Paid
2017-10-01,15054,14.15, 36 months,D,RENT,home_improvement,145204.0,10.89,699.0,Fully Paid
2017-10-01,30672,14.93, 36 months,D,RENT,other,101338.0,18.56,677.0,Fully Paid
2017-10-01,20773,20.17, 36 months,F,OWN,credit_card,63228.0,6.47,724.0,Charged Off
2017-10-01,34355,5.0, 36 months,B,MORTGAGE,small_business,79298.0,0.0,845.0,Fully Paid
2017-10-01,29188,13.94, 36 months,D,MORTGAGE,small_business,76624.0,22.24,822.0,Fully Paid
2017-10-01,11446,11.63, 36 months,C,OWN,credit_card,77524.0,17.99,717.0,Fully Paid
2017-10-01,5270,18.17, 36 months,E,RENT,debt_consolidation,70392.0,25.92,687.0,Fully Paid
2017-10-01,21582,13.61, 36 months,C,MORTGAGE,credit_card,94664.0,13.78,677.0,Fully Paid
2017-10-01,31624,5.0, 36 months,A,OWN,debt_consolidation,48363.0,12.74,777.0,Fully Paid
2017-10-01,1188,17.92, 60 months,E,OWN,debt_consolidation,91637.0,11.4,668.0,Fully Paid
2017-10-01,6557,5.1, 36 months,B,MORTGAGE,credit_card,98910.0,5.15,783.0,Fully Paid
2017-10-01,3430,5.0, 36 months,A,OWN,debt_consolidation,60243.0,29.8,639.0,Fully Paid
2017-10-01,13107,11.62, 36 months,C,MORTGAGE,debt_consolidation,106544.0,16.02,784.0,Fully Paid
2017-10-01,13742,13.96, 60 months,D,MORTGAGE,debt_consolidation,60736.0,29.19,730.0,Fully Paid
2017-10-01,23594,21.07, 36 months,F,OWN,debt_consolidation,71994.0,0.0,621.0,Fully Paid
2017-10-01,21787,5.8, 36 months,B,MORTGAGE,debt_consolidation,,7.4,817.0,Fully Paid
2017-10-01,11234,13.68, 36 months,C,MORTGAGE,debt_consolidation,110722.0,5.36,633.0,Fully Paid
2017-10-01,24099,5.0, 36 months,A,MORTGAGE,debt_consolidation,102444.0,17.84,642.0,Fully Paid
2017-10-01,21246,13.37, 36 months,C,RENT,home_improvement,55851.0,21.21,641.0,Fully Paid
2017-10-01,28758,10.39, 36 months,C,RENT,debt_consolidation,41307.0,19.82,839.0,Fully Paid
2017-11-01,32001,14.06, 36 months,D,MORTGAGE,debt_consolidation,90071.0,7.9,810.0,Fully Paid
2017-11-01,16157,15.12, 36 months,D,OWN,credit_card,113275.0,28.59,646.0,Fully Paid
2017-11-01,6109,26.17, 36 months,G,MORTGAGE,debt_consolidation,49625.0,18.23,649.0,Charged Off
2017-11-01,2305,5.0, 60 months,A,MORTGAGE,debt_consolidation,,9.46,782.0,Fully Paid
2017-11-01,2814,15.75, 36 months,E,OWN,debt_consolidation,39596.0,11.72,726.0,Charged Off
2017-11-01,11008,18.31, 36 months,E,RENT,debt_consolidation,83112.0,14.29,637.0,Charged Off
2017-11-01,15960,5.0, 36 months,A,RENT,debt_consolidation,78787.0,13.9,809.0,Fully Paid
2017-11-01,23406,5.0, 36 months,A,MORTGAGE,debt_consolidation,64256.0,9.29,639.0,Fully Paid
2017-11-01,29178,8.98, 36 months,C,RENT,other,35198.0,23.77,840.0,Fully Paid
2017-11-01,6037,10.52, 60 months,C,RENT,other,48369.0,14.12,833.0,Fully Paid
2017-11-01,20708,11.42, 36 months,C,RENT,debt_consolidation,79787.0,8.92,746.0,Fully Paid
2017-11-01,34370,17.53, 36 months,E,OWN,debt_consolidation,70941.0,20.2,738.0,Charged Off
2017-11-01,1551,6.98, 36 months,B,MORTGAGE,small_business,84256.0,30.2,662.0,Fully Paid
2017-11-01,29956,10.95, 36 months,C,MORTGAGE,debt_consolidation,92333.0,9.02,795.0,Fully Paid
2017-11-01,2643,15.75, 36 months,D,MORTGAGE,debt_consolidation,82581.0,19.62,731.0,Charged Off
2017-11-01,22581,21.03, 36 months,F,RENT,debt_consolidation,88276.0,19.52,683.0,Fully Paid
2017-11-01,3584,17.53, 36 months,E,MORTGAGE,credit_card,76440.0,17.6,715.0,Fully Paid
2017-11-01,18443,5.16, 36 months,B,RENT,debt_consolidation,81807.0,2.07,807.0,Fully Paid
2017-11-01,29990,5.5, 36 months,B,OWN,debt_consolidation,66149.0,8.44,806.0,Fully Paid
2017-11-01,9315,15.57, 60 months,D,MORTGAGE,debt_consolidation,89595.0,23.95,704.0,Fully Paid
2017-11-01,30373,6.47, 36 months,B,RENT,debt_consolidation,47234.0,14.81,774.0,Fully Paid
2017-11-01,30829,26.11, 60 months,G,RENT,debt_consolidation,86278.0,9.84,671.0,Fully Paid
2017-11-01,11219,13.98, 36 months,D,MORTGAGE,small_business,57847.0,12.93,707.0,Fully Paid
2017-11-01,14786,11.2, 36 months,C,MORTGAGE,credit_card,80396.0,15.36,738.0,Fully Paid
2017-11-01,24945,11.6, 36 months,C,RENT,debt_consolidation,83563.0,14.04,784.0,Fully Paid
2017-11-01,17329,20.67, 36 months,F,RENT,other,78792.0,21.05,765.0,Fully Paid
2017-11-01,16094,15.05, 36 months,D,RENT,other,43721.0,0.0,749.0,Fully Paid
2017-11-01,26903,5.0, 60 months,A,RENT,small_business,84510.0,6.6,743.0,Fully Paid
2017-11-01,32152,5.0, 60 months,A,OWN,debt_consolidation,60856.0,18.58,,Fully Paid
2017-11-01,2879,17.61, 36 months,E,RENT,small_business,62210.0,0.2,737.0,Fully Paid
2017-11-01,25909,10.7, 60 months,C,RENT,debt_consolidation,88181.0,11.56,801.0,Fully Paid
2017-11-01,24780,5.0, 36 months,A,RENT,debt_consolidation,86218.0,26.65,698.0,Fully Paid
2017-11-01,3793,13.93, 60 months,D,MORTGAGE,debt_consolidation,97759.0,20.75,820.0,Fully Paid
2017-11-01,33757,16.18, 36 months,D,MORTGAGE,debt_consolidation,81475.0,20.41,683.0,Fully Paid
2017-11-01,5804,16.83, 36 months,D,OWN,home_improvement,57223.0,6.71,669.0,Fully Paid
2017-11-01,34030,16.32, 36 months,E,OWN,debt_consolidation,78932.0,22.85,675.0,Fully Paid
2017-11-01,30484,5.0, 36 months,A,RENT,home_improvement,75655.0,12.1,670.0,Fully Paid
2017-11-01,8677,19.34, 36 months,E,OWN,debt_consolidation,24286.0,27.71,647.0,Charged Off
2017-11-01,27582,7.9, 36 months,B,,debt_consolidation,70414.0,18.05,618.0,Fully Paid
2017-12-01,23038,14.44, 60 months,C,RENT,debt_consolidation,,23.45,604.0,Charged Off
2017-12-01,3370,8.25, 60 months,B,RENT,credit_card,73380.0,14.69,633.0,Charged Off
2017-12-01,20261,12.46, 36 months,D,RENT,debt_consolidation,70969.0,26.82,818.0,Fully Paid
2017-12-01,30677,24.0, 36 months,G,RENT,credit_card,52694.0,14.15,715.0,Fully Paid
2017-12-01,14232,17.99, 36 months,E,MORTGAGE,other,121419.0,12.53,680.0,Fully Paid
2017-12-01,28417,13.5, 36 months,C,RENT,debt_consolidation,68636.0,24.84,636.0,Charged Off
2017-12-01,27510,16.07, 36 months,D,MORTGAGE,debt_consolidation,106374.0,8.39,640.0,Fully Paid
2017-12-01,2394,19.93, 36 months,F,RENT,other,57842.0,,685.0,Charged Off
2017-12-01,24344,10.34, 36 months,C,RENT,credit_card,136287.0,21.93,824.0,Fully Paid
2017-12-01,27649,14.13, 36 months,D,MORTGAGE,other,,0.0,635.0,Fully Paid
2017-12-01,31345,24.23, 36 months,G,MORTGAGE,debt_consolidation,84429.0,22.4,774.0,Charged Off
2017-12-01,23263,15.42, 36 months,D,MORTGAGE,debt_consolidation,87443.0,13.35,682.0,Fully Paid
2017-12-01,7107,8.75, 36 months,B,RENT,debt_consolidation,45240.0,9.26,658.0,Fully Paid
2017-12-01,31303,5.0, 60 months,A,RENT,credit_card,98459.0,17.99,686.0,Fully Paid
2017-12-01,5397,19.39, 36 months,F,MORTGAGE,small_business,76808.0,14.55,756.0,Fully Paid
2017-12-01,23445,16.98, 36 months,E,MORTGAGE,other,53707.0,16.53,766.0,Fully Paid
2017-12-01,24670,12.33, 36 months,D,RENT,debt_consolidation,69529.0,12.12,842.0,Fully Paid
2017-12-01,11944,7.11, 36 months,B,MORTGAGE,credit_card,80928.0,11.94,785.0,Fully Paid
2017-12-01,1195,16.4, 36 months,D,RENT,debt_consolidation,92502.0,15.71,600.0,Fully Paid
2017-12-01,10134,10.16, 60 months,C,MORTGAGE,debt_consolidation,119286.0,14.56,734.0,Fully Paid
2017-12-01,11634,5.0, 36 months,B,MORTGAGE,credit_card,17761.0,18.26,833.0,Fully Paid
2017-12-01,25121,15.49, 36 months,D,,debt_consolidation,69080.0,13.91,664.0,Fully Paid
2017-12-01,23391,13.1, 36 months,C,RENT,debt_consolidation,58917.0,32.71,669.0,Fully Paid
2017-12-01,20951,25.01, 36 months,G,OWN,debt_consolidation,46657.0,15.69,675.0,Fully Paid
2017-12-01,7984,25.87, 36 months,G,MORTGAGE,home_improvement,92305.0,6.41,645.0,Fully Paid
2017-12-01,21336,13.4, 36 months,D,OWN,debt_consolidation,129095.0,17.49,803.0,Fully Paid
2017-12-01,6915,15.05, 36 months,D,RENT,debt_consolidation,64294.0,17.84,676.0,Fully Paid
2017-12-01,24720,15.74, 36 months,D,OWN,home_improvement,,23.62,629.0,Fully Paid
2017-12-01,7447,11.23, 60 months,C,MORTGAGE,small_business,86895.0,15.45,778.0,Fully Paid
2017-12-01,25358,11.85, 36 months,C,RENT,debt_consolidation,116140.0,16.35,780.0,Fully Paid
2017-12-01,20862,14.64, 36 months,C,RENT,credit_card,120540.0,20.15,602.0,Fully Paid
2017-12-01,22665,5.0, 36 months,A,OWN,debt_consolidation,59485.0,,705.0,Fully Paid
2017-12-01,19306,17.26, 36 months,D,RENT,debt_consolidation,136670.0,24.24,610.0,Fully Paid
2017-12-01,7952,26.05, 60 months,G,MORTGAGE,debt_consolidation,26430.0,28.4,608.0,Charged Off
2017-12-01,4763,5.0, 36 months,A,MORTGAGE,other,73645.0,21.69,804.0,Fully Paid
2017-12-01,5072,5.0, 36 months,A,RENT,debt_consolidation,48330.0,15.7,771.0,Fully Paid
2017-12-01,18093,16.74, 60 months,D,OWN,credit_card,93008.0,27.93,600.0,Charged Off
2017-12-01,10498,5.0, 36 months,A,MORTGAGE,debt_consolidation,,12.35,725.0,Fully Paid
2017-12-01,24311,8.89, 36 months,B,MORTGAGE,home_improvement,52253.0,16.24,626.0,Fully Paid
2017-12-01,18795,11.41, 36 months,C,OWN,debt_consolidation,99203.0,11.71,785.0,Fully Paid
2017-12-01,23415,5.0, 60 months,A,RENT,debt_consolidation,62839.0,16.63,784.0,Fully Paid
2017-12-01,32935,13.74, 36 months,C,OWN,debt_consolidation,115529.0,,604.0,Charged Off
2017-12-01,14048,21.87, 36 months,G,RENT,credit_card,52121.0,23.29,844.0,Fully Paid
2017-12-01,7656,16.16, 36 months,E,MORTGAGE,debt_consolidation,72325.0,19.15,764.0,Fully Paid
2017-12-01,9913,5.0, 36 months,A,MORTGAGE,debt_consolidation,104142.0,16.04,831.0,Fully Paid
2017-12-01,22495,5.0, 36 months,A,MORTGAGE,debt_consolidation,42927.0,23.04,796.0,Fully Paid
2017-12-01,32207,8.26, 36 months,B,MORTGAGE,debt_consolidation,83845.0,5.71,701.0,Fully Paid
2018-01-01,9612,12.06, 60 months,C,MORTGAGE,credit_card,103270.0,21.63,704.0,Fully Paid
2018-01-01,9365,16.65, 36 months,E,MORTGAGE,debt_consolidation,51090.0,12.73,695.0,Fully Paid
2018-01-01,24720,16.94, 36 months,E,RENT,small_business,78797.0,24.5,725.0,Fully Paid
2018-01-01,8076,5.0, 36 months,A,MORTGAGE,other,93570.0,0.0,804.0,Fully Paid
2018-01-01,20761,19.56, 36 months,F,OWN,other,189660.0,17.92,781.0,Charged Off
2018-01-01,23863,12.23, 36 months,C,RENT,small_business,77534.0,9.45,653.0,Charged Off
2018-01-01,18530,16.21, 36 months,D,RENT,credit_card,107344.0,11.38,653.0,Fully Paid
2018-01-01,27119,15.85, 36 months,E,RENT,small_business,110276.0,8.09,828.0,Fully Paid
2018-01-01,19666,15.18, 60 months,D,MORTGAGE,other,84914.0,13.35,667.0,Fully Paid
2018-01-01,17364,11.8, 36 months,C,OWN,other,87045.0,20.99,833.0,Fully Paid
2018-01-01,9500,16.75, 60 months,D,RENT,small_business,105688.0,3.12,636.0,Fully Paid
2018-01-01,4594,5.37, 36 months,B,MORTGAGE,debt_consolidation,55343.0,12.9,797.0,Fully Paid
2018-01-01,32737,20.62, 36 months,F,MORTGAGE,debt_consolidation,68208.0,3.92,687.0,Fully Paid
2018-01-01,14121,23.64, 36 months,G,OWN,debt_consolidation,18067.0,19.83,773.0,Fully Paid
2018-01-01,30279,6.94, 36 months,B,RENT,debt_consolidation,59752.0,5.93,812.0,Fully Paid
2018-01-01,16741,13.28, 36 months,C,RENT,debt_consolidation,69504.0,20.97,669.0,Fully Paid
2018-01-01,25767,13.53, 36 months,C,MORTGAGE,debt_consolidation,64804.0,6.53,652.0,Fully Paid
2018-01-01,12957,15.08, 36 months,D,RENT,other,60913.0,11.53,780.0,Fully Paid
2018-01-01,32695,14.87, 36 months,D,RENT,debt_consolidation,73004.0,,668.0,Fully Paid
2018-01-01,20596,5.0, 36 months,A,OWN,debt_consolidation,117930.0,8.51,759.0,Fully Paid
2018-01-01,3443,5.0, 36 months,A,OWN,debt_consolidation,46134.0,24.17,812.0,Fully Paid
2018-01-01,32376,13.69, 36 months,D,RENT,debt_consolidation,52012.0,25.02,829.0,Fully Paid
2018-01-01,17333,18.58, 60 months,F,RENT,credit_card,90292.0,15.56,809.0,Charged Off
2018-01-01,6190,11.12, 36 months,C,RENT,debt_consolidation,75030.0,0.0,841.0,Fully Paid
2018-01-01,14391,18.06, 36 months,F,MORTGAGE,home_improvement,32321.0,17.62,757.0,Charged Off
2018-01-01,26114,20.27, 60 months,F,RENT,credit_card,85967.0,38.28,736.0,Fully Paid
2018-01-01,29062,5.0, 60 months,A,RENT,small_business,95667.0,19.2,779.0,Fully Paid
2018-01-01,27889,15.58, 36 months,E,OWN,debt_consolidation,79368.0,17.4,690.0,Fully Paid
2018-01-01,20449,13.21, 36 months,C,MORTGAGE,debt_consolidation,77775.0,10.28,618.0,Fully Paid
2018-01-01,3723,16.64, 60 months,D,RENT,debt_consolidation,58010.0,1.62,662.0,Fully Paid
2018-01-01,8527,7.23, 36 months,B,RENT,other,71277.0,9.96,644.0,Fully Paid
2018-01-01,30291,9.33, 36 months,B,MORTGAGE,debt_consolidation,95155.0,21.5,603.0,Charged Off
2018-01-01,9715,6.25, 36 months,B,MORTGAGE,other,106689.0,,812.0,Fully Paid
2018-01-01,1232,26.79, 36 months,G,RENT,credit_card,71388.0,9.26,618.0,Charged Off
2018-01-01,18308,8.69, 36 months,C,RENT,debt_consolidation,61430.0,14.24,815.0,Charged Off
2018-01-01,4396,8.37, 60 months,B,OWN,credit_card,79154.0,25.26,660.0,Fully Paid
2018-01-01,28678,12.04, 36 months,C,OWN,debt_consolidation,43584.0,10.03,669.0,Charged Off
2018-01-01,1773,19.05, 60 months,F,RENT,debt_consolidation,107823.0,4.29,770.0,Charged Off
2018-01-01,4480,5.76, 36 months,B,OWN,other,120549.0,21.08,848.0,Fully Paid
2018-01-01,14266,5.42, 60 months,B,MORTGAGE,debt_consolidation,91984.0,20.48,809.0,Fully Paid
2018-01-01,8818,14.04, 36 months,D,OWN,debt_consolidation,36445.0,22.69,759.0,Fully Paid
2018-01-01,2787,14.14, 36 months,D,MORTGAGE,small_business,131367.0,19.24,707.0,Fully Paid
2018-01-01,22110,6.3, 36 months,B,RENT,home_improvement,62504.0,5.74,820.0,Fully Paid
2018-01-01,13284,22.72, 60 months,G,OWN,debt_consolidation,56607.0,2.34,825.0,Charged Off
2018-01-01,2681,5.0, 36 months,A,OWN,debt_consolidation,44218.0,19.96,758.0,Fully Paid
2018-01-01,32131,7.33, 60 months,B,,home_improvement,84046.0,8.18,694.0,Fully Paid
2018-01-01,15442,8.05, 60 months,B,MORTGAGE,other,,18.11,637.0,Fully Paid
2018-01-01,14664,15.78, 36 months,D,MORTGAGE,home_improvement,99822.0,16.19,632.0,Fully Paid
2018-02-01,24579,5.0, 36 months,A,MORTGAGE,small_business,69566.0,13.3,762.0,Fully Paid
2018-02-01,8634,5.0, 60 months,A,MORTGAGE,credit_card,85746.0,4.79,849.0,Fully Paid
2018-02-01,26281,12.77, 36 months,C,OWN,debt_consolidation,71449.0,14.1,660.0,Fully Paid
2018-02-01,22062,15.71, 36 months,E,RENT,debt_consolidation,,30.34,817.0,Fully Paid
2018-02-01,15675,5.0, 36 months,A,OWN,debt_consolidation,44024.0,21.68,777.0,Fully Paid
2018-02-01,21708,5.0, 36 months,A,RENT,credit_card,16203.0,20.51,746.0,Fully Paid
2018-02-01,11588,6.87, 36 months,B,RENT,debt_consolidation,70373.0,13.04,689.0,Fully Paid
2018-02-01,21397,15.7, 36 months,D,OWN,debt_consolidation,81191.0,18.66,648.0,Charged Off
2018-02-01,23252,5.0, 36 months,A,RENT,credit_card,40864.0,18.17,780.0,Fully Paid
2018-02-01,2441,7.81, 36 months,B,OWN,debt_consolidation,79340.0,17.76,684.0,Charged Off
2018-02-01,9736,13.54, 36 months,D,RENT,debt_consolidation,77336.0,29.9,700.0,Charged Off
2018-02-01,11424,19.12, 60 months,E,RENT,credit_card,97437.0,4.25,609.0,Fully Paid
2018-02-01,5508,15.27, 60 months,D,MORTGAGE,home_improvement,15000.0,11.56,746.0,Fully Paid
2018-02-01,14332,13.03, 36 months,C,MORTGAGE,home_improvement,53468.0,31.67,671.0,Fully Paid
2018-02-01,13211,9.94, 60 months,C,RENT,credit_card,101443.0,3.54,770.0,Fully Paid
2018-02-01,1713,10.96, 60 months,C,MORTGAGE,debt_consolidation,62897.0,8.19,818.0,Fully Paid
2018-02-01,6489,18.75, 36 months,F,RENT,debt_consolidation,,15.47,692.0,Fully Paid
2018-02-01,4695,5.12, 36 months,B,OWN,home_improvement,49187.0,13.87,836.0,Fully Paid
2018-02-01,34676,5.0, 36 months,A,RENT,debt_consolidation,73941.0,16.2,,Fully Paid
2018-02-01,14636,26.57, 36 months,G,MORTGAGE,debt_consolidation,42717.0,17.11,633.0,Charged Off
2018-02-01,5168,6.85, 60 months,B,MORTGAGE,credit_card,65136.0,0.0,801.0,Fully Paid
2018-02-01,15159,10.05, 36 months,C,MORTGAGE,credit_card,75369.0,17.08,817.0,Fully Paid
2018-02-01,23049,15.71, 36 months,E,OWN,credit_card,39147.0,10.3,772.0,Fully Paid
2018-02-01,26725,5.0, 60 months,A,OWN,credit_card,36364.0,21.49,700.0,Fully Paid
2018-02-01,14585,20.65, 36 months,F,MORTGAGE,debt_consolidation,48554.0,18.58,684.0,Charged Off
2018-02-01,33358,17.8, 60 months,E,MORTGAGE,debt_consolidation,99736.0,11.88,679.0,Charged Off
2018-02-01,20900,16.15, 36 months,E,MORTGAGE,home_improvement,89623.0,0.99,723.0,Fully Paid
2018-02-01,3718,7.02, 36 months,B,OWN,debt_consolidation,87591.0,20.1,662.0,Fully Paid
2018-02-01,27340,10.88, 36 months,C,MORTGAGE,credit_card,107481.0,8.56,752.0,Fully Paid
2018-02-01,8914,15.05, 36 months,D,RENT,debt_consolidation,84179.0,16.16,712.0,Fully Paid
2018-02-01,13627,15.89, 36 months,D,OWN,debt_consolidation,93304.0,14.05,645.0,Fully Paid
2018-02-01,24260,14.54, 36 months,C,RENT,debt_consolidation,99761.0,21.13,611.0,Fully Paid
2018-02-01,13514,16.67, 60 months,D,MORTGAGE,debt_consolidation,102450.0,25.82,606.0,Charged Off
2018-02-01,5156,16.64, 60 months,D,MORTGAGE,small_business,101278.0,5.21,629.0,Fully Paid
2018-03-01,32747,5.0, 60 months,A,RENT,debt_consolidation,84107.0,21.68,834.0,Fully Paid
2018-03-01,5610,12.76, 36 months,D,RENT,other,64628.0,34.71,832.0,Fully Paid
2018-03-01,27770,5.0, 60 months,A,RENT,debt_consolidation,95926.0,9.0,717.0,Fully Paid
2018-03-01,10650,7.06, 60 months,B,MORTGAGE,debt_consolidation,72284.0,11.92,750.0,Fully Paid
2018-03-01,29087,16.81, 36 months,D,MORTGAGE,credit_card,70794.0,10.25,602.0,Charged Off
2018-03-01,30861,5.0, 36 months,A,OWN,debt_consolidation,55065.0,24.32,696.0,Charged Off
2018-03-01,27141,14.58, 36 months,D,OWN,other,97202.0,22.34,683.0,Fully Paid
2018-03-01,9510,5.0, 36 months,A,RENT,credit_card,131826.0,20.95,703.0,Fully Paid
2018-03-01,23487,5.0, 36 months,A,MORTGAGE,debt_consolidation,95616.0,6.8,709.0,Fully Paid
2018-03-01,4193,5.0, 60 months,A,RENT,other,65457.0,3.96,603.0,Charged Off
2018-03-01,13713,5.0, 60 months,A,RENT,debt_consolidation,104980.0,14.41,748.0,Fully Paid
2018-03-01,13416,10.4, 60 months,C,MORTGAGE,debt_consolidation,99223.0,14.0,777.0,Fully Paid
2018-03-01,14010,15.43, 36 months,D,MORTGAGE,debt_consolidation,46270.0,4.59,650.0,Fully Paid
2018-03-01,34166,5.0, 36 months,A,RENT,debt_consolidation,93196.0,6.73,776.0,Fully Paid
2018-03-01,28693,15.44, 60 months,E,OWN,credit_card,89382.0,4.59,806.0,Fully Paid
2018-03-01,6077,5.0, 60 months,A,MORTGAGE,home_improvement,107819.0,27.23,636.0,Fully Paid
2018-03-01,34407,6.51, 36 months,B,MORTGAGE,debt_consolidation,113393.0,7.2,800.0,Fully Paid
2018-03-01,13661,5.0, 36 months,A,RENT,debt_consolidation,50555.0,15.39,790.0,Fully Paid
2018-03-01,9540,5.0, 60 months,A,MORTGAGE,debt_consolidation,66840.0,0.0,650.0,Fully Paid
2018-03-01,16702,14.72, 36 months,D,RENT,debt_consolidation,69867.0,17.65,770.0,Fully Paid
2018-03-01,14918,5.0, 36 months,A,MORTGAGE,credit_card,89051.0,12.54,654.0,Fully Paid
2018-03-01,21935,18.26, 36 months,E,RENT,home_improvement,57410.0,4.22,638.0,Fully Paid
2018-03-01,32887,11.89, 36 months,C,MORTGAGE,debt_consolidation,78263.0,18.38,747.0,Fully Paid
2018-03-01,6631,5.0, 60 months,A,OWN,debt_consolidation,63885.0,8.07,700.0,Fully Paid
2018-03-01,24626,11.17, 36 months,C,RENT,other,97398.0,2.22,818.0,Fully Paid
2018-03-01,22968,6.42, 36 months,B,MORTGAGE,debt_consolidation,62780.0,11.31,772.0,Fully Paid
2018-03-01,13906,7.91, 36 months,B,RENT,small_business,81556.0,11.21,643.0,Fully Paid
2018-03-01,14731,5.0, 36 months,A,RENT,credit_card,,16.49,799.0,Fully Paid
2018-03-01,26339,5.0, 36 months,A,RENT,debt_consolidation,99457.0,0.0,663.0,Fully Paid
2018-03-01,24813,16.7, 36 months,D,MORTGAGE,credit_card,86263.0,19.6,694.0,Fully Paid
2018-03-01,31331,5.67, 36 months,B,OWN,other,104356.0,23.02,765.0,Fully Paid
2018-03-01,25927,18.61, 36 months,E,OWN,debt_consolidation,69646.0,19.89,622.0,Charged Off
2018-03-01,32819,7.17, 36 months,B,MORTGAGE,debt_consolidation,87491.0,0.0,786.0,Fully Paid
2018-03-01,16987,5.0, 36 months,A,MORTGAGE,debt_consolidation,77974.0,9.35,846.0,Fully Paid
2018-03-01,3036,5.51, 36 months,B,MORTGAGE,small_business,102804.0,25.28,815.0,Fully Paid
2018-03-01,34357,8.92, 36 months,B,MORTGAGE,debt_consolidation,20539.0,14.77,607.0,Fully Paid
2018-03-01,9456,5.0, 36 months,A,MORTGAGE,debt_consolidation,35624.0,7.98,810.0,Fully Paid
2018-03-01,6373,13.82, 36 months,D,MORTGAGE,credit_card,15933.0,16.59,754.0,Fully Paid
2018-03-01,21928,21.73, 36 months,F,MORTGAGE,debt_consolidation,75500.0,22.78,644.0,Fully Paid
2018-03-01,7355,10.6, 36 months,C,RENT,debt_consolidation,84815.0,5.96,816.0,Fully Paid
2018-03-01,30606,13.92, 60 months,D,RENT,debt_consolidation,73923.0,7.9,797.0,Fully Paid
2018-03-01,9640,12.25, 36 months,D,RENT,other,50219.0,24.84,843.0,Fully Paid
2018-03-01,23197,13.91, 36 months,C,RENT,credit_card,15000.0,6.46,632.0,Charged Off
2018-03-01,18886,8.26, 36 months,B,RENT,small_business,,18.66,635.0,Fully Paid
2018-03-01,16594,16.54, 36 months,D,RENT,debt_consolidation,51863.0,2.07,614.0,Fully Paid
2018-03-01,31909,27.17, 60 months,G,MORTGAGE,home_improvement,67645.0,11.95,602.0,Fully Paid
2018-03-01,32342,5.0, 60 months,A,OWN,home_improvement,87566.0,3.52,737.0,Fully Paid
2018-03-01,7149,5.0, 36 months,A,OWN,home_improvement,76616.0,12.76,832.0,Fully Paid
2018-03-01,21404,7.9, 36 months,B,MORTGAGE,debt_consolidation,48518.0,17.48,724.0,Fully Paid
2018-04-01,5163,24.19, 60 months,G,MORTGAGE,debt_consolidation,105357.0,18.62,740.0,Charged Off
2018-04-01,2935,5.0, 36 months,A,MORTGAGE,credit_card,77628.0,15.22,628.0,Fully Paid
2018-04-01,3297,6.09, 36 months,B,MORTGAGE,other,111307.0,30.84,844.0,Fully Paid
2018-04-01,24449,5.0, 60 months,A,MORTGAGE,other,56010.0,29.9,704.0,Fully Paid
2018-04-01,6560,14.4, 36 months,D,RENT,debt_consolidation,,1.44,787.0,Fully Paid
2018-04-01,32915,12.97, 60 months,D,OWN,other,89832.0,18.95,843.0,Fully Paid
2018-04-01,3748,5.92, 36 months,B,RENT,small_business,48220.0,3.08,841.0,Fully Paid
2018-04-01,18753,5.0, 36 months,A,MORTGAGE,other,99307.0,0.0,604.0,Fully Paid
2018-04-01,11484,8.64, 36 months,B,RENT,credit_card,27411.0,0.0,676.0,Fully Paid
2018-04-01,30248,23.66, 60 months,G,RENT,debt_consolidation,63096.0,25.81,738.0,Charged Off
2018-04-01,17905,5.86, 36 months,B,OWN,small_business,97121.0,4.54,827.0,Fully Paid
2018-04-01,21078,5.0, 36 months,A,MORTGAGE,credit_card,148253.0,,695.0,Fully Paid
2018-04-01,7375,17.72, 36 months,E,RENT,credit_card,61151.0,0.39,709.0,Fully Paid
2018-04-01,11511,5.0, 36 months,A,RENT,debt_consolidation,,3.31,793.0,Fully Paid
2018-04-01,5161,14.41, 36 months,D,MORTGAGE,debt_consolidation,110839.0,4.99,740.0,Fully Paid
2018-04-01,25480,14.22, 60 months,D,MORTGAGE,home_improvement,92847.0,17.83,721.0,Fully Paid
2018-04-01,18871,19.51, 36 months,F,RENT,debt_consolidation,54633.0,15.02,719.0,Fully Paid
2018-04-01,16215,5.0, 60 months,A,RENT,credit_card,59735.0,24.74,692.0,Fully Paid
2018-04-01,26514,7.65, 60 months,B,RENT,credit_card,101522.0,24.65,,Fully Paid
2018-04-01,4786,12.04, 36 months,C,MORTGAGE,debt_consolidation,67662.0,21.98,689.0,Fully Paid
2018-04-01,3266,15.53, 36 months,D,RENT,home_improvement,69113.0,16.65,616.0,Charged Off
2018-04-01,11353,5.75, 36 months,B,MORTGAGE,debt_consolidation,148188.0,14.22,833.0,Fully Paid
2018-04-01,25544,5.76, 60 months,B,RENT,home_improvement,69212.0,16.74,,Fully Paid
2018-04-01,34101,5.0, 36 months,A,MORTGAGE,debt_consolidation,53260.0,0.0,691.0,Fully Paid
2018-04-01,33854,5.0, 60 months,A,MORTGAGE,home_improvement,147740.0,12.15,635.0,Fully Paid
2018-04-01,30546,5.0, 60 months,B,RENT,credit_card,91137.0,22.6,847.0,Fully Paid
2018-04-01,8357,7.51, 60 months,B,RENT,small_business,61274.0,10.16,715.0,Charged Off
2018-04-01,33057,5.0, 36 months,B,MORTGAGE,home_improvement,45643.0,13.81,834.0,Fully Paid
2018-04-01,27340,12.87, 36 months,C,RENT,debt_consolidation,61827.0,15.94,731.0,Fully Paid
2018-04-01,22533,5.88, 60 months,B,RENT,small_business,67514.0,23.48,832.0,Fully Paid
2018-04-01,8532,12.76, 36 months,D,RENT,debt_consolidation,91826.0,10.11,799.0,Fully Paid
2018-04-01,31033,23.62, 36 months,G,MORTGAGE,small_business,15000.0,1.31,803.0,Fully Paid
2018-04-01,9846,14.28, 36 months,D,RENT,credit_card,71228.0,3.97,763.0,Fully Paid
2018-04-01,2636,9.88, 36 months,C,MORTGAGE,small_business,,16.52,807.0,Fully Paid
2018-04-01,9895,15.97, 36 months,E,OWN,debt_consolidation,16843.0,17.69,725.0,Fully Paid
2018-04-01,13859,5.0, 60 months,A,RENT,small_business,89782.0,15.83,632.0,Fully Paid
2018-04-01,9799,5.0, 36 months,A,MORTGAGE,credit_card,110492.0,10.07,710.0,Fully Paid
2018-04-01,8916,13.57, 36 months,D,RENT,debt_consolidation,74645.0,31.42,827.0,Fully Paid
2018-04-01,18887,7.29, 60 months,B,RENT,debt_consolidation,59725.0,1.81,804.0,Fully Paid
2018-04-01,15579,11.89, 36 months,C,OWN,small_business,84733.0,16.98,733.0,Fully Paid
2018-04-01,25812,5.0, 36 months,A,MORTGAGE,debt_consolidation,18911.0,11.1,753.0,Fully Paid
2018-04-01,13880,12.01, 60 months,D,MORTGAGE,debt_consolidation,47176.0,20.88,832.0,Fully Paid
2018-04-01,28411,5.0, 36 months,A,RENT,debt_consolidation,68973.0,21.41,816.0,Fully Paid
2018-04-01,27578,5.0, 60 months,A,MORTGAGE,home_improvement,63687.0,11.99,706.0,Fully Paid
2018-04-01,11929,21.39, 36 months,F,OWN,credit_card,93198.0,22.25,666.0,Charged Off
2018-04-01,31107,23.41, 60 months,G,OWN,small_business,43547.0,26.23,756.0,Fully Paid
2018-04-01,16070,15.45, 36 months,D,RENT,credit_card,87056.0,21.31,716.0,Fully Paid
2018-05-01,24336,5.0, 36 months,A,MORTGAGE,debt_consolidation,47751.0,14.86,733.0,Fully Paid
2018-05-01,31678,15.58, 36 months,D,RENT,debt_consolidation,37219.0,15.99,640.0,Charged Off
2018-05-01,33760,7.32, 36 months,B,RENT,debt_consolidation,78226.0,13.02,751.0,Fully Paid
2018-05-01,3771,5.0, 36 months,A,MORTGAGE,debt_consolidation,75894.0,1.32,751.0,Fully Paid
2018-05-01,26059,5.0, 60 months,A,MORTGAGE,small_business,51109.0,8.88,814.0,Fully Paid
2018-05-01,31102,5.19, 36 months,B,RENT,credit_card,105940.0,10.04,802.0,Fully Paid
2018-05-01,18813,22.11, 36 months,G,RENT,small_business,101714.0,12.33,842.0,Fully Paid
2018-05-01,9463,15.63, 36 months,E,RENT,home_improvement,91314.0,25.77,804.0,Charged Off
2018-05-01,6268,13.19, 60 months,C,MORTGAGE,debt_consolidation,115346.0,8.54,628.0,Fully Paid
2018-05-01,25067,5.0, 36 months,A,RENT,debt_consolidation,93238.0,18.71,770.0,Fully Paid
2018-05-01,18721,14.09, 36 months,D,RENT,credit_card,81801.0,15.89,793.0,Fully Paid
2018-05-01,20113,10.03, 36 months,C,RENT,debt_consolidation,61027.0,14.59,752.0,Fully Paid
2018-05-01,13421,5.0, 36 months,A,RENT,credit_card,53440.0,25.59,634.0,Fully Paid
2018-05-01,9050,15.94, 36 months,E,MORTGAGE,credit_card,128295.0,1.18,808.0,Fully Paid
2018-05-01,12264,8.45, 60 months,B,OWN,credit_card,78884.0,9.28,679.0,Charged Off
2018-05-01,1708,5.0, 36 months,A,RENT,credit_card,56937.0,13.13,845.0,Fully Paid
2018-05-01,17012,6.21, 36 months,B,RENT,debt_consolidation,117910.0,5.03,794.0,Fully Paid
2018-05-01,13254,5.0, 36 months,A,RENT,debt_consolidation,80557.0,1.59,710.0,Fully Paid
2018-05-01,27230,5.42, 36 months,B,MORTGAGE,debt_consolidation,63067.0,11.47,843.0,Fully Paid
2018-05-01,4194,12.64, 36 months,C,RENT,debt_consolidation,37689.0,,622.0,Charged Off
2018-05-01,32644,12.79, 36 months,C,RENT,debt_consolidation,49619.0,10.86,747.0,Fully Paid
2018-05-01,15606,18.76, 36 months,E,OWN,debt_consolidation,76691.0,23.03,688.0,Fully Paid
2018-05-01,6791,5.0, 36 months,A,MORTGAGE,debt_consolidation,121097.0,22.13,805.0,Fully Paid
2018-05-01,19462,5.93, 60 months,B,MORTGAGE,home_improvement,30774.0,20.32,745.0,Fully Paid
2018-05-01,28514,5.0, 36 months,A,RENT,credit_card,86125.0,13.7,696.0,Fully Paid
2018-05-01,18679,10.75, 36 months,C,MORTGAGE,debt_consolidation,73129.0,17.27,802.0,Fully Paid
2018-05-01,13863,5.0, 60 months,A,MORTGAGE,small_business,94982.0,8.82,786.0,Fully Paid
2018-05-01,26831,5.0, 36 months,A,RENT,home_improvement,31241.0,15.4,832.0,Fully Paid
2018-05-01,29108,8.05, 36 months,B,MORTGAGE,small_business,94623.0,16.37,689.0,Fully Paid
2018-05-01,6879,12.13, 60 months,C,MORTGAGE,debt_consolidation,62276.0,21.43,740.0,Fully Paid
2018-05-01,16511,14.64, 36 months,D,MORTGAGE,credit_card,116865.0,0.0,640.0,Charged Off
2018-05-01,2030,8.43, 36 months,B,MORTGAGE,credit_card,101056.0,0.0,622.0,Fully Paid
2018-05-01,2519,5.0, 36 months,A,RENT,debt_consolidation,70351.0,11.35,764.0,Fully Paid
2018-05-01,22979,15.64, 60 months,E,OWN,debt_consolidation,89781.0,0.0,832.0,Fully Paid
2018-06-01,15398,5.0, 36 months,A,MORTGAGE,home_improvement,83456.0,8.9,640.0,Fully Paid
2018-06-01,16249,7.9, 36 months,B,RENT,small_business,,3.69,610.0,Fully Paid
2018-06-01,12286,13.3, 36 months,C,RENT,small_business,,12.12,602.0,Fully Paid
2018-06-01,5966,5.75, 36 months,B,OWN,debt_consolidation,72135.0,23.73,813.0,Charged Off
2018-06-01,19455,5.0, 36 months,A,MORTGAGE,credit_card,97891.0,13.66,795.0,Fully Paid
2018-06-01,26821,5.0, 36 months,A,MORTGAGE,debt_consolidation,114275.0,26.72,762.0,Fully Paid
2018-06-01,23515,11.14, 60 months,C,OWN,debt_consolidation,96111.0,9.4,782.0,Fully Paid
2018-06-01,13152,13.06, 36 months,C,MORTGAGE,debt_consolidation,72182.0,6.24,675.0,Fully Paid
2018-06-01,23231,12.48, 60 months,C,OWN,debt_consolidation,116372.0,14.92,714.0,Fully Paid
2018-06-01,11898,7.58, 36 months,B,OWN,debt_consolidation,91961.0,12.52,660.0,Fully Paid
2018-06-01,2880,14.12, 36 months,D,RENT,credit_card,66235.0,20.19,756.0,Fully Paid
2018-06-01,30823,10.16, 36 months,C,OWN,credit_card,66316.0,19.99,,Fully Paid
2018-06-01,18215,15.02, 36 months,D,MORTGAGE,debt_consolidation,72795.0,11.77,768.0,Fully Paid
2018-06-01,13430,13.27, 36 months,C,RENT,credit_card,97981.0,16.01,639.0,Fully Paid
2018-06-01,6423,14.11, 36 months,D,RENT,other,110264.0,4.79,798.0,Fully Paid
2018-06-01,3876,5.0, 60 months,A,MORTGAGE,debt_consolidation,51245.0,15.95,769.0,Fully Paid
2018-06-01,24103,12.4, 60 months,C,RENT,debt_consolidation,46995.0,17.77,722.0,Fully Paid
2018-06-01,9905,18.29, 36 months,F,,credit_card,126965.0,3.46,814.0,Fully Paid
2018-06-01,18042,5.0, 36 months,A,RENT,other,108741.0,12.45,679.0,Fully Paid
2018-06-01,32969,5.0, 36 months,A,MORTGAGE,other,42905.0,11.52,681.0,Fully Paid
2018-06-01,34968,13.18, 36 months,C,RENT,credit_card,58325.0,22.41,741.0,Fully Paid
2018-06-01,33092,6.38, 60 months,B,RENT,other,52604.0,17.87,756.0,Fully Paid
2018-06-01,12259,13.53, 60 months,D,MORTGAGE,debt_consolidation,87166.0,12.02,744.0,Fully Paid
2018-06-01,4991,14.11, 60 months,D,MORTGAGE,debt_consolidation,52396.0,9.6,603.0,Fully Paid
2018-06-01,26283,7.94, 60 months,B,MORTGAGE,debt_consolidation,63032.0,14.59,632.0,Fully Paid
2018-06-01,25165,9.12, 36 months,B,OWN,home_improvement,74513.0,18.25,629.0,Charged Off
2018-06-01,26523,11.99, 60 months,C,OWN,debt_consolidation,91778.0,28.4,685.0,Fully Paid
2018-06-01,23341,8.05, 36 months,B,RENT,debt_consolidation,49871.0,10.38,641.0,Fully Paid
2018-06-01,21292,5.0, 36 months,A,RENT,small_business,37104.0,32.64,798.0,Fully Paid
2018-06-01,2760,16.48, 60 months,D,RENT,debt_consolidation,77099.0,10.98,647.0,Charged Off
2018-06-01,1824,26.08, 36 months,G,MORTGAGE,home_improvement,68341.0,18.17,623.0,Charged Off
2018-06-01,15635,15.76, 36 months,D,RENT,debt_consolidation,81045.0,10.17,666.0,Charged Off
2018-06-01,6504,8.44, 36 months,B,MORTGAGE,credit_card,81978.0,5.54,650.0,Fully Paid
2018-06-01,10755,18.08, 36 months,F,MORTGAGE,other,85286.0,8.85,804.0,Fully Paid
2018-06-01,6797,5.0, 60 months,A,RENT,small_business,58280.0,13.19,770.0,Fully Paid
2018-06-01,25590,11.5, 36 months,C,OWN,debt_consolidation,70825.0,21.68,697.0,Fully Paid
2018-06-01,32646,11.94, 60 months,C,MORTGAGE,debt_consolidation,23425.0,1.62,725.0,Fully Paid
2018-06-01,30900,17.95, 36 months,E,RENT,home_improvement,114057.0,16.17,670.0,Fully Paid
2018-06-01,21199,7.17, 36 months,B,RENT,credit_card,75629.0,17.35,663.0,Charged Off
2018-07-01,5585,5.0, 36 months,A,RENT,debt_consolidation,73523.0,1.2,702.0,Fully Paid
2018-07-01,22012,5.0, 60 months,A,OWN,small_business,108899.0,32.05,834.0,Fully Paid
2018-07-01,15053,11.6, 36 months,C,RENT,debt_consolidation,102538.0,29.67,724.0,Charged Off
2018-07-01,19975,11.83, 60 months,C,RENT,debt_consolidation,87487.0,5.74,765.0,Fully Paid
2018-07-01,31696,12.56, 36 months,D,OWN,debt_consolidation,112603.0,10.95,812.0,Fully Paid
2018-07-01,7621,19.71, 60 months,E,MORTGAGE,debt_consolidation,,15.78,665.0,Charged Off
2018-07-01,6107,6.52, 60 months,B,MORTGAGE,debt_consolidation,66931.0,3.73,805.0,Fully Paid
2018-07-01,33771,14.73, 60 months,C,MORTGAGE,credit_card,70185.0,20.18,603.0,Fully Paid
2018-07-01,7866,24.1, 60 months,G,OWN,debt_consolidation,114470.0,15.71,686.0,Charged Off
2018-07-01,7921,15.38, 36 months,E,MORTGAGE,debt_consolidation,80413.0,7.63,754.0,Fully Paid
2018-07-01,12817,5.0, 60 months,A,MORTGAGE,debt_consolidation,28344.0,10.52,737.0,Fully Paid
2018-07-01,17495,19.13, 60 months,F,OWN,credit_card,77181.0,8.47,754.0,Fully Paid
2018-07-01,18326,22.29, 36 months,F,MORTGAGE,debt_consolidation,92996.0,14.3,651.0,Charged Off
2018-07-01,3186,5.0, 60 months,A,MORTGAGE,home_improvement,57605.0,4.11,668.0,Fully Paid
2018-07-01,4394,24.33, 36 months,G,OWN,credit_card,105620.0,19.96,796.0,Charged Off
2018-07-01,14803,5.0, 36 months,A,MORTGAGE,credit_card,79027.0,14.7,839.0,Fully Paid
2018-07-01,7207,7.1, 36 months,B,MORTGAGE,home_improvement,45257.0,,788.0,Fully Paid
2018-07-01,22259,25.39, 36 months,G,OWN,home_improvement,71719.0,18.39,684.0,Fully Paid
2018-07-01,19907,6.95, 36 months,B,RENT,other,100891.0,16.91,631.0,Fully Paid
2018-07-01,13092,14.54, 36 months,D,MORTGAGE,other,104040.0,1.6,644.0,Fully Paid
2018-07-01,26585,15.35, 36 months,E,RENT,other,78588.0,10.51,798.0,Fully Paid
2018-07-01,11684,10.93, 36 months,C,OWN,debt_consolidation,51012.0,24.23,788.0,Fully Paid
2018-07-01,9365,15.04, 36 months,E,RENT,credit_card,82205.0,1.93,820.0,Fully Paid
2018-07-01,16347,8.61, 36 months,B,MORTGAGE,debt_consolidation,100384.0,9.8,657.0,Fully Paid
2018-07-01,25360,13.93, 36 months,C,OWN,other,85679.0,23.54,601.0,Charged Off
2018-07-01,6021,5.0, 60 months,A,OWN,debt_consolidation,81565.0,18.8,703.0,Fully Paid
2018-07-01,19086,5.0, 36 months,A,MORTGAGE,debt_consolidation,81621.0,25.44,748.0,Fully Paid
2018-07-01,19576,18.31, 36 months,E,OWN,debt_consolidation,90181.0,14.86,632.0,Charged Off
2018-07-01,24478,14.72, 60 months,E,MORTGAGE,home_improvement,128536.0,23.71,836.0,Fully Paid
2018-07-01,9393,13.39, 36 months,D,RENT,debt_consolidation,43934.0,0.7,808.0,Fully Paid
2018-07-01,9645,5.0, 60 months,A,RENT,debt_consolidation,90956.0,13.0,652.0,Charged Off
2018-07-01,8820,10.97, 36 months,C,RENT,debt_consolidation,57195.0,5.43,790.0,Fully Paid
2018-07-01,20759,12.41, 36 months,C,RENT,home_improvement,55973.0,11.17,691.0,Charged Off
2018-07-01,7531,6.32, 36 months,B,MORTGAGE,debt_consolidation,27804.0,23.64,789.0,Fully Paid
2018-07-01,6884,5.0, 60 months,A,MORTGAGE,debt_consolidation,71948.0,15.12,764.0,Fully Paid
2018-07-01,3231,20.58, 36 months,E,MORTGAGE,credit_card,60578.0,17.85,642.0,Fully Paid
2018-07-01,15099,15.07, 60 months,D,OWN,other,95500.0,6.06,701.0,Charged Off
2018-07-01,2559,15.08, 36 months,D,RENT,debt_consolidation,75447.0,20.5,623.0,Charged Off
2018-07-01,34543,10.4, 60 months,C,RENT,debt_consolidation,66233.0,5.78,840.0,Fully Paid
2018-07-01,17896,13.16, 36 months,C,RENT,other,122793.0,6.7,659.0,Fully Paid
2018-08-01,8778,7.28, 60 months,B,,debt_consolidation,61905.0,16.12,719.0,Fully Paid
2018-08-01,21644,16.15, 36 months,D,RENT,small_business,62384.0,23.78,614.0,Fully Paid
2018-08-01,6566,5.0, 36 months,A,OWN,other,92073.0,17.36,679.0,Fully Paid
2018-08-01,26622,13.85, 36 months,D,RENT,small_business,90048.0,24.25,803.0,Fully Paid
2018-08-01,18818,11.48, 36 months,C,RENT,debt_consolidation,90904.0,17.12,733.0,Fully Paid
2018-08-01,13307,6.96, 36 months,B,RENT,credit_card,49637.0,24.42,700.0,Fully Paid
2018-08-01,10981,16.55, 36 months,D,MORTGAGE,debt_consolidation,99392.0,18.11,626.0,Fully Paid
2018-08-01,4216,5.0, 36 months,A,RENT,credit_card,50242.0,20.31,678.0,Fully Paid
2018-08-01,25990,13.36, 60 months,C,RENT,debt_consolidation,83482.0,11.68,621.0,Charged Off
2018-08-01,33791,5.0, 36 months,A,MORTGAGE,credit_card,100253.0,8.28,843.0,Fully Paid
2018-08-01,12545,16.33, 36 months,D,OWN,credit_card,47536.0,25.8,715.0,Fully Paid
2018-08-01,23894,6.99, 36 months,B,RENT,debt_consolidation,72221.0,4.86,702.0,Fully Paid
2018-08-01,27122,12.4, 60 months,C,RENT,debt_consolidation,88763.0,20.29,,Charged Off
2018-08-01,23871,5.0, 36 months,A,RENT,debt_consolidation,42958.0,5.66,720.0,Fully Paid
2018-08-01,6641,8.44, 36 months,B,RENT,home_improvement,88272.0,0.59,672.0,Charged Off
2018-08-01,29346,16.02, 36 months,D,OWN,credit_card,74004.0,3.62,644.0,Fully Paid
2018-08-01,26474,5.0, 60 months,A,OWN,debt_consolidation,92501.0,18.44,683.0,Fully Paid
2018-08-01,25000,5.0, 36 months,A,MORTGAGE,debt_consolidation,86886.0,0.0,622.0,Fully Paid
2018-08-01,18526,5.0, 36 months,A,RENT,credit_card,56994.0,7.12,601.0,Fully Paid
2018-08-01,1961,12.2, 36 months,C,MORTGAGE,small_business,87800.0,7.0,764.0,Fully Paid
2018-08-01,19331,8.58, 36 months,B,,debt_consolidation,44060.0,30.51,605.0,Fully Paid
2018-08-01,17528,7.03, 36 months,B,,credit_card,47447.0,13.89,704.0,Fully Paid
2018-08-01,9752,13.19, 36 months,C,MORTGAGE,debt_consolidation,101661.0,24.3,700.0,Fully Paid
2018-08-01,10134,12.11, 36 months,D,OWN,debt_consolidation,78817.0,16.53,788.0,Fully Paid
2018-08-01,29732,5.0, 36 months,A,RENT,debt_consolidation,95198.0,18.65,746.0,Fully Paid
2018-08-01,31416,5.0, 36 months,A,RENT,credit_card,109624.0,20.25,690.0,Fully Paid
2018-08-01,26538,14.26, 60 months,C,RENT,debt_consolidation,103551.0,27.94,637.0,Fully Paid
2018-08-01,19009,14.49, 36 months,C,OWN,credit_card,89606.0,19.67,613.0,Fully Paid
2018-08-01,18494,26.78, 36 months,G,RENT,debt_consolidation,115451.0,17.91,656.0,Charged Off
2018-08-01,13128,15.48, 36 months,E,RENT,credit_card,83671.0,17.4,810.0,Charged Off
2018-08-01,10573,5.29, 60 months,A,RENT,debt_consolidation,98377.0,19.38,603.0,Fully Paid
2018-08-01,16220,5.0, 60 months,A,MORTGAGE,other,75424.0,9.64,733.0,Fully Paid
2018-08-01,26849,5.0, 36 months,A,MORTGAGE,home_improvement,101102.0,7.9,779.0,Fully Paid
2018-08-01,7324,13.67, 36 months,D,RENT,credit_card,106889.0,5.14,817.0,Fully Paid
2018-08-01,16362,5.0, 36 months,A,MORTGAGE,debt_consolidation,78719.0,14.39,614.0,Fully Paid
2018-08-01,18316,5.35, 36 months,B,OWN,credit_card,49538.0,19.88,787.0,Fully Paid
2018-08-01,10938,5.0, 36 months,A,RENT,credit_card,57116.0,17.83,803.0,Fully Paid
2018-08-01,27306,5.0, 36 months,A,MORTGAGE,credit_card,47441.0,13.84,819.0,Fully Paid
2018-08-01,30659,17.22, 36 months,E,MORTGAGE,small_business,79367.0,9.33,718.0,Fully Paid
2018-08-01,22866,5.0, 36 months,A,RENT,debt_consolidation,111998.0,5.97,844.0,Fully Paid
2018-08-01,25099,6.09, 36 months,B,RENT,debt_consolidation,95424.0,19.8,773.0,Fully Paid
2018-09-01,30020,18.91, 36 months,E,OWN,debt_consolidation,88018.0,30.03,610.0,Charged Off
2018-09-01,33170,13.57, 36 months,D,RENT,debt_consolidation,83052.0,28.19,817.0,Fully Paid
2018-09-01,18299,5.0, 60 months,A,RENT,debt_consolidation,97213.0,19.51,677.0,Charged Off
2018-09-01,11918,10.68, 36 months,C,RENT,debt_consolidation,63493.0,15.19,823.0,Fully Paid
2018-09-01,24928,13.01, 36 months,D,RENT,debt_consolidation,42798.0,19.64,785.0,Fully Paid
2018-09-01,17852,17.49, 36 months,E,RENT,home_improvement,99159.0,19.99,733.0,Fully Paid
2018-09-01,19865,7.21, 36 months,B,OWN,debt_consolidation,108288.0,,746.0,Fully Paid
2018-09-01,32637,13.53, 60 months,C,MORTGAGE,debt_consolidation,83653.0,11.83,647.0,Fully Paid
2018-09-01,20269,16.48, 36 months,E,RENT,debt_consolidation,79466.0,4.48,737.0,Fully Paid
2018-09-01,11501,13.75, 36 months,D,MORTGAGE,credit_card,72761.0,4.38,750.0,Fully Paid
2018-09-01,32791,5.0, 36 months,A,MORTGAGE,debt_consolidation,98203.0,34.04,638.0,Fully Paid
2018-09-01,22217,11.85, 36 months,C,MORTGAGE,other,94388.0,5.58,751.0,Fully Paid
2018-09-01,23625,12.82, 36 months,D,MORTGAGE,credit_card,79619.0,8.19,841.0,Fully Paid
2018-09-01,10247,15.91, 36 months,D,MORTGAGE,home_improvement,55664.0,17.8,658.0,Fully Paid
2018-09-01,18013,8.75, 60 months,B,MORTGAGE,debt_consolidation,97302.0,7.72,612.0,Charged Off
2018-09-01,7164,11.71, 60 months,D,OWN,debt_consolidation,44658.0,13.19,823.0,Fully Paid
2018-09-01,16109,14.56, 36 months,D,MORTGAGE,debt_consolidation,66195.0,,717.0,Charged Off
2018-09-01,5339,5.0, 36 months,A,RENT,credit_card,97453.0,14.87,821.0,Fully Paid
2018-09-01,13816,16.81, 36 months,E,MORTGAGE,credit_card,81090.0,23.12,812.0,Fully Paid
2018-09-01,9763,13.3, 60 months,C,MORTGAGE,debt_consolidation,67084.0,0.0,679.0,Fully Paid
2018-09-01,26518,5.38, 36 months,B,RENT,debt_consolidation,105126.0,9.35,760.0,Fully Paid
2018-09-01,26148,14.46, 60 months,D,RENT,credit_card,87160.0,22.05,709.0,Fully Paid
2018-09-01,5708,7.83, 36 months,B,RENT,debt_consolidation,95242.0,13.99,705.0,Fully Paid
2018-09-01,23041,9.97, 60 months,C,MORTGAGE,other,101268.0,24.58,849.0,Fully Paid
2018-09-01,2704,8.22, 36 months,B,MORTGAGE,home_improvement,72153.0,17.95,687.0,Fully Paid
2018-09-01,15303,5.66, 36 months,B,,credit_card,35054.0,6.16,771.0,Fully Paid
2018-09-01,26658,9.49, 60 months,B,MORTGAGE,debt_consolidation,33918.0,4.42,646.0,Fully Paid
2018-09-01,22259,10.32, 36 months,C,RENT,debt_consolidation,43468.0,17.2,768.0,Fully Paid
2018-09-01,6610,5.0, 36 months,B,,debt_consolidation,100058.0,3.26,768.0,Fully Paid
2018-09-01,2812,9.3, 36 months,B,RENT,debt_consolidation,72027.0,20.05,614.0,Charged Off
2018-09-01,24592,15.19, 36 months,D,MORTGAGE,home_improvement,84349.0,21.8,711.0,Fully Paid
2018-09-01,25761,5.15, 36 months,B,RENT,other,48195.0,2.21,840.0,Fully Paid
2018-09-01,33928,5.0, 60 months,A,MORTGAGE,credit_card,59575.0,19.46,718.0,Fully Paid
2018-09-01,4610,5.0, 36 months,A,RENT,home_improvement,54370.0,25.46,651.0,Fully Paid
2018-09-01,18283,5.0, 60 months,A,RENT,credit_card,57577.0,19.76,798.0,Fully Paid
2018-09-01,25943,6.75, 36 months,B,RENT,small_business,77548.0,7.32,771.0,Fully Paid
2018-09-01,24122,17.21, 36 months,E,MORTGAGE,small_business,74070.0,10.85,802.0,Fully Paid
2018-09-01,7030,15.5, 60 months,D,RENT,credit_card,79168.0,,633.0,Charged Off
2018-09-01,33247,14.56, 60 months,D,RENT,credit_card,85272.0,9.51,705.0,Fully Paid
2018-09-01,32382,5.0, 60 months,A,RENT,small_business,51062.0,12.92,816.0,Fully Paid
2018-09-01,21960,14.26, 36 months,D,MORTGAGE,other,87209.0,11.43,776.0,Fully Paid
2018-09-01,17497,6.93, 36 months,B,MORTGAGE,debt_consolidation,99033.0,20.86,765.0,Fully Paid
2018-09-01,30686,5.53, 36 months,B,MORTGAGE,other,90039.0,16.63,829.0,Fully Paid
2018-09-01,4687,15.26, 60 months,E,MORTGAGE,debt_consolidation,,17.45,804.0,Charged Off
2018-09-01,12622,13.4, 36 months,C,MORTGAGE,credit_card,73381.0,32.26,663.0,Fully Paid
2018-09-01,11985,13.06, 36 months,C,RENT,debt_consolidation,80171.0,24.18,703.0,Charged Off
2018-09-01,29968,14.42, 60 months,C,,debt_consolidation,,13.34,659.0,Charged Off
2018-09-01,22462,5.0, 36 months,B,MORTGAGE,debt_consolidation,95695.0,17.68,833.0,Fully Paid
2018-09-01,13572,15.69, 36 months,E,MORTGAGE,home_improvement,47724.0,5.42,757.0,Charged Off
2018-10-01,9513,12.0, 36 months,D,MORTGAGE,small_business,104930.0,14.51,810.0,Fully Paid
2018-10-01,16312,5.0, 36 months,A,RENT,debt_consolidation,102361.0,20.39,621.0,Fully Paid
2018-10-01,30222,9.4, 36 months,C,OWN,home_improvement,104200.0,20.25,834.0,Fully Paid
2018-10-01,32420,5.0, 36 months,A,RENT,debt_consolidation,71890.0,10.07,629.0,Fully Paid
2018-10-01,11608,15.38, 60 months,D,MORTGAGE,debt_consolidation,49592.0,14.61,744.0,Charged Off
2018-10-01,14280,12.4, 36 months,C,OWN,credit_card,,9.42,780.0,Fully Paid
2018-10-01,23952,18.7, 36 months,E,OWN,home_improvement,123813.0,16.54,636.0,Fully Paid
2018-10-01,20640,10.54, 60 months,C,MORTGAGE,debt_consolidation,36520.0,19.05,803.0,Fully Paid
2018-10-01,26870,7.73, 60 months,B,OWN,home_improvement,96725.0,1.47,655.0,Charged Off
2018-10-01,24386,5.0, 36 months,A,MORTGAGE,home_improvement,86836.0,25.58,690.0,Fully Paid
2018-10-01,15142,5.0, 60 months,A,OWN,debt_consolidation,98369.0,26.78,,Charged Off
2018-10-01,16163,12.87, 36 months,C,MORTGAGE,other,111231.0,33.14,663.0,Charged Off
2018-10-01,20395,5.0, 36 months,A,OWN,debt_consolidation,87145.0,2.21,767.0,Fully Paid
2018-10-01,19393,16.18, 60 months,D,MORTGAGE,other,116669.0,0.0,652.0,Charged Off
2018-10-01,17322,19.13, 36 months,F,OWN,debt_consolidation,92922.0,2.85,745.0,Fully Paid
2018-10-01,13592,13.49, 36 months,D,RENT,small_business,61341.0,8.12,775.0,Fully Paid
2018-10-01,14225,20.74, 36 months,F,RENT,debt_consolidation,99919.0,19.49,680.0,Fully Paid
2018-10-01,17594,10.97, 36 months,C,RENT,debt_consolidation,80258.0,8.78,807.0,Fully Paid
2018-10-01,13071,5.0, 36 months,A,RENT,other,96142.0,21.94,790.0,Fully Paid
2018-10-01,11704,17.07, 60 months,D,MORTGAGE,debt_consolidation,64527.0,23.61,608.0,Fully Paid
2018-10-01,12744,7.33, 36 months,B,OWN,debt_consolidation,80276.0,6.16,787.0,Fully Paid
2018-10-01,28085,15.16, 36 months,D,RENT,credit_card,118068.0,20.67,687.0,Fully Paid
2018-10-01,18547,6.86, 60 months,B,OWN,debt_consolidation,97537.0,21.87,683.0,Charged Off
2018-10-01,7019,11.16, 36 months,C,RENT,debt_consolidation,47142.0,4.43,781.0,Fully Paid
2018-10-01,18772,5.0, 36 months,A,RENT,small_business,76156.0,27.01,669.0,Charged Off
2018-10-01,27627,15.47, 36 months,D,OWN,other,85690.0,9.51,674.0,Fully Paid
2018-10-01,1954,5.83, 60 months,B,MORTGAGE,debt_consolidation,68542.0,17.58,815.0,Fully Paid
2018-10-01,9048,5.0, 36 months,A,OWN,small_business,57908.0,33.48,646.0,Charged Off
2018-10-01,29894,27.82, 36 months,G,OWN,small_business,98393.0,,622.0,Charged Off
2018-10-01,14137,14.21, 36 months,C,RENT,other,69775.0,0.0,688.0,Fully Paid
2018-10-01,32023,16.28, 60 months,D,RENT,debt_consolidation,111686.0,12.44,664.0,Fully Paid
2018-10-01,15347,5.0, 36 months,A,MORTGAGE,debt_consolidation,45934.0,10.78,638.0,Fully Paid
2018-10-01,3126,21.03, 60 months,F,OWN,credit_card,96983.0,2.15,693.0,Charged Off
2018-10-01,28336,19.22, 36 months,E,MORTGAGE,debt_consolidation,96148.0,3.78,647.0,Fully Paid
2018-10-01,23323,5.0, 36 months,A,RENT,debt_consolidation,54693.0,18.02,722.0,Fully Paid
2018-10-01,25161,7.0, 60 months,B,RENT,home_improvement,63314.0,21.74,735.0,Fully Paid
2018-10-01,33086,13.41, 36 months,D,MORTGAGE,other,,21.63,689.0,Fully Paid
2018-10-01,3436,13.72, 36 months,D,RENT,home_improvement,75641.0,15.96,780.0,Fully Paid
2018-10-01,20861,5.0, 36 months,A,OWN,credit_card,91559.0,17.15,687.0,Fully Paid
2018-10-01,23712,5.0, 60 months,A,MORTGAGE,debt_consolidation,74262.0,20.93,769.0,Fully Paid
2018-10-01,8174,5.0, 36 months,A,MORTGAGE,other,86952.0,18.77,669.0,Fully Paid
2018-10-01,29577,18.83, 60 months,E,RENT,other,74860.0,15.91,644.0,Charged Off
2018-10-01,31673,12.37, 60 months,C,OWN,credit_card,34688.0,7.93,,Fully Paid
2018-11-01,3675,13.24, 60 months,D,,debt_consolidation,101276.0,20.6,804.0,Fully Paid
2018-11-01,1613,20.71, 36 months,F,RENT,debt_consolidation,28575.0,12.12,698.0,Charged Off
2018-11-01,5209,16.04, 60 months,D,MORTGAGE,debt_consolidation,57932.0,2.98,667.0,Charged Off
2018-11-01,21511,6.59, 36 months,B,MORTGAGE,debt_consolidation,80086.0,18.13,746.0,Fully Paid
2018-11-01,21447,12.98, 36 months,C,MORTGAGE,debt_consolidation,73700.0,19.56,693.0,Fully Paid
2018-11-01,5178,6.67, 36 months,B,RENT,credit_card,89628.0,12.54,726.0,Fully Paid
2018-11-01,26740,5.0, 36 months,A,RENT,home_improvement,59965.0,21.91,631.0,Fully Paid
2018-11-01,19256,21.69, 36 months,F,OWN,other,94332.0,17.03,671.0,Fully Paid
2018-11-01,16443,5.57, 36 months,B,RENT,debt_consolidation,122744.0,5.56,,Fully Paid
2018-11-01,31588,5.0, 60 months,A,OWN,debt_consolidation,96965.0,16.86,633.0,Charged Off
2018-11-01,26457,12.19, 36 months,C,MORTGAGE,debt_consolidation,92246.0,20.84,730.0,Fully Paid
2018-11-01,26558,21.97, 36 months,F,RENT,debt_consolidation,58274.0,17.92,619.0,Charged Off
2018-11-01,20056,15.46, 36 months,C,RENT,debt_consolidation,69880.0,13.34,607.0,Fully Paid
2018-11-01,17024,17.0, 60 months,E,MORTGAGE,debt_consolidation,70449.0,6.35,798.0,Fully Paid
2018-11-01,11010,10.48, 36 months,C,RENT,debt_consolidation,56831.0,14.95,812.0,Fully Paid
2018-11-01,8634,17.12, 60 months,E,MORTGAGE,debt_consolidation,114431.0,18.13,689.0,Charged Off
2018-11-01,2667,5.0, 36 months,A,MORTGAGE,debt_consolidation,90231.0,21.82,653.0,Fully Paid
2018-11-01,14717,5.0, 36 months,A,RENT,debt_consolidation,66878.0,17.4,703.0,Fully Paid
2018-11-01,14631,8.16, 60 months,B,MORTGAGE,credit_card,51914.0,16.27,728.0,Fully Paid
2018-11-01,15940,17.83, 36 months,E,MORTGAGE,debt_consolidation,,12.92,687.0,Fully Paid
2018-11-01,22794,8.67, 36 months,B,MORTGAGE,debt_consolidation,71037.0,3.27,673.0,Charged Off
2018-11-01,26822,7.18, 36 months,B,MORTGAGE,credit_card,70591.0,17.89,662.0,Fully Paid
2018-11-01,25126,7.81, 36 months,B,MORTGAGE,small_business,,0.0,667.0,Fully Paid
2018-11-01,8714,5.0, 36 months,A,RENT,small_business,42513.0,6.89,841.0,Fully Paid
2018-11-01,24993,19.92, 36 months,F,,other,51303.0,27.35,643.0,Fully Paid
2018-11-01,20358,8.79, 36 months,B,OWN,debt_consolidation,105926.0,10.93,629.0,Fully Paid
2018-11-01,12284,18.28, 60 months,E,MORTGAGE,debt_consolidation,94757.0,23.28,667.0,Charged Off
2018-11-01,9748,19.36, 36 months,E,,debt_consolidation,92016.0,0.31,628.0,Fully Paid
2018-11-01,5113,5.0, 36 months,A,OWN,credit_card,80455.0,24.36,722.0,Fully Paid
2018-11-01,25665,5.0, 36 months,A,OWN,debt_consolidation,96726.0,28.92,659.0,Fully Paid
2018-11-01,25940,10.06, 36 months,C,MORTGAGE,other,44481.0,20.48,838.0,Fully Paid
2018-11-01,6251,10.67, 36 months,C,MORTGAGE,credit_card,99315.0,0.83,702.0,Fully Paid
2018-11-01,14875,6.23, 36 months,B,RENT,other,91802.0,28.06,834.0,Fully Paid
2018-12-01,2124,13.67, 36 months,C,MORTGAGE,home_improvement,93156.0,12.1,783.0,Fully Paid
2018-12-01,2834,9.7, 36 months,C,MORTGAGE,debt_consolidation,,13.53,785.0,Fully Paid
2018-12-01,31899,19.01, 36 months,E,OWN,debt_consolidation,73081.0,11.35,640.0,Charged Off
2018-12-01,26707,6.72, 36 months,B,RENT,debt_consolidation,70840.0,29.11,808.0,Fully Paid
2018-12-01,31606,11.2, 36 months,C,RENT,home_improvement,123191.0,19.11,784.0,Fully Paid
2018-12-01,21400,17.63, 36 months,E,MORTGAGE,home_improvement,51242.0,15.61,685.0,Fully Paid
2018-12-01,11051,24.38, 36 months,G,MORTGAGE,debt_consolidation,43233.0,13.83,687.0,Charged Off
2018-12-01,16791,16.03, 36 months,E,RENT,credit_card,95090.0,,764.0,Fully Paid
2018-12-01,25265,12.93, 60 months,D,OWN,debt_consolidation,106007.0,19.21,810.0,Fully Paid
2018-12-01,30193,7.55, 36 months,B,RENT,debt_consolidation,52887.0,3.25,674.0,Fully Paid
2018-12-01,29545,19.29, 36 months,E,RENT,credit_card,,19.49,606.0,Charged Off
2018-12-01,1791,12.09, 60 months,C,RENT,debt_consolidation,71133.0,11.21,683.0,Fully Paid
2018-12-01,19556,5.08, 60 months,B,RENT,debt_consolidation,124995.0,18.37,823.0,Fully Paid
2018-12-01,34287,7.46, 36 months,B,RENT,small_business,93629.0,25.68,708.0,Fully Paid
2018-12-01,34177,15.9, 36 months,D,RENT,debt_consolidation,80564.0,12.73,679.0,Fully Paid
2018-12-01,25404,12.48, 36 months,C,OWN,debt_consolidation,92954.0,0.13,703.0,Fully Paid
2018-12-01,7459,5.0, 36 months,A,OWN,debt_consolidation,48507.0,33.69,761.0,Charged Off
2018-12-01,29226,5.0, 36 months,A,,debt_consolidation,29027.0,14.83,814.0,Fully Paid
2018-12-01,14462,16.4, 36 months,F,OWN,small_business,125978.0,20.67,825.0,Charged Off
2018-12-01,19962,5.0, 60 months,A,RENT,other,48434.0,21.67,747.0,Charged Off
2018-12-01,9728,13.24, 36 months,C,OWN,home_improvement,67280.0,14.57,638.0,Fully Paid
2018-12-01,34727,11.33, 36 months,C,RENT,credit_card,92686.0,19.86,,Fully Paid
2018-12-01,11936,12.03, 60 months,D,RENT,debt_consolidation,54640.0,7.7,807.0,Charged Off
2018-12-01,12718,14.69, 36 months,D,MORTGAGE,debt_consolidation,,10.57,693.0,Fully Paid
2018-12-01,31278,25.33, 36 months,G,,debt_consolidation,87651.0,,630.0,Charged Off
2018-12-01,13989,5.0, 60 months,A,MORTGAGE,debt_consolidation,32150.0,3.95,609.0,Fully Paid
2018-12-01,29615,8.71, 36 months,B,MORTGAGE,debt_consolidation,70393.0,,616.0,Fully Paid
2018-12-01,6397,7.91, 60 months,B,MORTGAGE,home_improvement,98009.0,7.66,627.0,Charged Off
2018-12-01,21406,10.96, 36 months,C,RENT,home_improvement,89452.0,17.64,,Fully Paid
2018-12-01,10513,15.0, 36 months,D,MORTGAGE,debt_consolidation,80964.0,17.23,762.0,Fully Paid
2018-12-01,22061,5.0, 60 months,A,MORTGAGE,debt_consolidation,45374.0,17.14,823.0,Fully Paid
2018-12-01,25024,6.74, 36 months,B,RENT,debt_consolidation,56206.0,23.97,743.0,Charged Off
2018-12-01,12441,12.19, 60 months,C,MORTGAGE,home_improvement,84688.0,17.78,674.0,Fully Paid
2018-12-01,29547,13.7, 36 months,D,OWN,debt_consolidation,76332.0,7.9,768.0,Fully Paid
2018-12-01,33260,5.0, 60 months,A,OWN,home_improvement,104095.0,23.11,745.0,Fully Paid
2018-12-01,2798,12.37, 36 months,C,MORTGAGE,debt_consolidation,98422.0,21.14,698.0,Fully Paid
2018-12-01,23687,5.0, 60 months,A,OWN,debt_consolidation,117733.0,18.78,675.0,Fully Paid
2018-12-01,8732,8.02, 36 months,B,RENT,debt_consolidation,53024.0,17.74,652.0,Fully Paid
2018-12-01,18003,18.35, 36 months,E,OWN,debt_consolidation,93458.0,7.19,645.0,Fully Paid
2018-12-01,27669,13.51, 36 months,D,OWN,debt_consolidation,103199.0,13.81,791.0,Fully Paid
2018-12-01,31092,5.0, 36 months,B,MORTGAGE,debt_consolidation,68723.0,9.2,823.0,Fully Paid
2018-12-01,17739,8.21, 60 months,B,RENT,debt_consolidation,30288.0,20.51,678.0,Fully Paid
2018-12-01,26683,5.0, 60 months,A,RENT,debt_consolidation,60893.0,13.21,772.0,Fully Paid
2018-12-01,1035,7.72, 36 months,B,OWN,debt_consolidation,95785.0,19.59,656.0,Fully Paid
2018-12-01,13204,5.0, 60 months,A,MORTGAGE,credit_card,82302.0,41.29,818.0,Fully Paid
2018-12-01,4684,13.16, 60 months,D,MORTGAGE,debt_consolidation,66930.0,0.0,808.0,Fully Paid
2018-12-01,21906,6.04, 36 months,B,MORTGAGE,credit_card,73391.0,8.17,847.0,Fully Paid
2018-12-01,23114,5.64, 36 months,B,RENT,small_business,84215.0,5.67,788.0,Fully Paid
2018-12-01,30692,10.21, 60 months,C,MORTGAGE,debt_consolidation,98587.0,21.45,708.0,Fully Paid
2019-01-01,18114,5.0, 36 months,A,RENT,debt_consolidation,93884.0,26.15,795.0,Fully Paid
2019-01-01,27718,5.0, 36 months,A,RENT,credit_card,58786.0,3.66,,Fully Paid
2019-01-01,33102,12.28, 36 months,C,RENT,home_improvement,83183.0,19.55,721.0,Charged Off
2019-01-01,7172,13.43, 36 months,C,OWN,small_business,30256.0,10.83,705.0,Fully Paid
2019-01-01,20127,15.38, 36 months,E,OWN,debt_consolidation,,22.0,798.0,Fully Paid
2019-01-01,7919,5.0, 36 months,A,RENT,credit_card,123085.0,12.1,845.0,Fully Paid
2019-01-01,31611,6.0, 36 months,B,MORTGAGE,debt_consolidation,90983.0,2.39,817.0,Fully Paid
2019-01-01,18355,5.0, 60 months,A,MORTGAGE,home_improvement,89264.0,,795.0,Fully Paid
2019-01-01,4695,14.28, 36 months,D,OWN,debt_consolidation,107669.0,,812.0,Fully Paid
2019-01-01,29446,8.3, 60 months,B,RENT,small_business,109109.0,27.06,746.0,Fully Paid
2019-01-01,3385,5.0, 36 months,A,RENT,credit_card,87034.0,24.71,808.0,Fully Paid
2019-01-01,7229,7.35, 36 months,B,MORTGAGE,debt_consolidation,37547.0,17.7,650.0,Fully Paid
2019-01-01,27590,12.33, 60 months,C,RENT,debt_consolidation,51496.0,24.43,681.0,Charged Off
2019-01-01,25605,9.83, 36 months,C,MORTGAGE,home_improvement,83688.0,14.71,845.0,Fully Paid
2019-01-01,34973,5.0, 36 months,A,RENT,credit_card,31155.0,9.71,753.0,Fully Paid
2019-01-01,18544,5.0, 36 months,A,RENT,debt_consolidation,78052.0,16.05,845.0,Fully Paid
2019-01-01,25410,5.67, 60 months,B,MORTGAGE,other,60258.0,4.51,760.0,Fully Paid
2019-01-01,15268,14.32, 36 months,C,OWN,debt_consolidation,79332.0,18.48,619.0,Fully Paid
2019-01-01,27221,5.11, 36 months,B,RENT,debt_consolidation,95072.0,6.99,777.0,Fully Paid
2019-01-01,2602,7.71, 36 months,B,RENT,credit_card,68796.0,31.84,801.0,Fully Paid
2019-01-01,16532,5.31, 36 months,B,MORTGAGE,small_business,92591.0,17.74,822.0,Fully Paid
2019-01-01,31640,15.1, 36 months,D,RENT,small_business,58340.0,16.01,686.0,Fully Paid
2019-01-01,6839,12.22, 36 months,C,OWN,debt_consolidation,66917.0,31.5,709.0,Fully Paid
2019-01-01,12122,14.66, 36 months,C,RENT,other,57884.0,20.59,611.0,Charged Off
2019-01-01,3385,5.0, 36 months,A,MORTGAGE,debt_consolidation,15000.0,4.32,795.0,Fully Paid
2019-01-01,26479,13.08, 36 months,C,RENT,debt_consolidation,83877.0,21.61,609.0,Fully Paid
2019-01-01,7508,9.86, 36 months,B,MORTGAGE,credit_card,39284.0,17.85,600.0,Charged Off
2019-01-01,21868,5.0, 36 months,A,OWN,credit_card,54240.0,18.01,782.0,Fully Paid
2019-01-01,25353,15.76, 36 months,D,OWN,credit_card,73656.0,20.55,661.0,Fully Paid
2019-01-01,29639,14.46, 36 months,E,RENT,debt_consolidation,26927.0,26.87,813.0,Fully Paid
2019-01-01,27955,5.0, 36 months,A,OWN,debt_consolidation,79041.0,14.67,797.0,Fully Paid
2019-01-01,32026,12.73, 36 months,C,OWN,credit_card,59463.0,17.72,692.0,Fully Paid
2019-01-01,33569,9.26, 60 months,B,MORTGAGE,credit_card,21975.0,13.68,650.0,Fully Paid
2019-01-01,18561,13.39, 36 months,D,RENT,other,19452.0,14.97,835.0,Fully Paid
2019-01-01,18967,6.39, 36 months,B,RENT,debt_consolidation,75304.0,21.23,729.0,Fully Paid
2019-01-01,12851,5.0, 36 months,A,RENT,debt_consolidation,75706.0,12.42,770.0,Fully Paid
2019-01-01,5327,12.76, 60 months,D,OWN,debt_consolidation,62862.0,20.79,784.0,Fully Paid
2019-01-01,32901,5.0, 36 months,A,OWN,other,98871.0,15.98,638.0,Fully Paid
2019-01-01,26306,13.64, 36 months,C,MORTGAGE,debt_consolidation,,8.48,647.0,Fully Paid
2019-01-01,12858,14.88, 36 months,D,RENT,debt_consolidation,112809.0,20.64,736.0,Fully Paid
2019-01-01,1089,5.0, 60 months,A,RENT,credit_card,57416.0,5.46,845.0,Fully Paid
2019-01-01,15638,5.0, 60 months,A,MORTGAGE,debt_consolidation,68352.0,20.47,690.0,Fully Paid
2019-01-01,17060,5.0, 36 months,A,RENT,debt_consolidation,37901.0,10.28,789.0,Fully Paid
2019-01-01,25806,5.0, 60 months,A,OWN,debt_consolidation,66137.0,28.06,762.0,Fully Paid
2019-01-01,16207,15.56, 36 months,E,OWN,credit_card,31141.0,,811.0,Fully Paid
2019-01-01,24866,15.51, 36 months,D,MORTGAGE,debt_consolidation,79710.0,11.25,642.0,Charged Off
2019-02-01,22565,7.93, 36 months,B,MORTGAGE,debt_consolidation,100988.0,9.02,607.0,Charged Off
2019-02-01,27684,20.12, 60 months,F,MORTGAGE,other,105315.0,32.91,679.0,Fully Paid
2019-02-01,33534,5.0, 60 months,A,MORTGAGE,credit_card,73080.0,8.74,762.0,Fully Paid
2019-02-01,16981,10.36, 36 months,C,OWN,other,70901.0,17.03,801.0,Fully Paid
2019-02-01,4341,14.46, 60 months,D,OWN,debt_consolidation,109888.0,11.11,775.0,Fully Paid
2019-02-01,27981,5.0, 36 months,A,,debt_consolidation,56552.0,23.02,739.0,Fully Paid
2019-02-01,3047,14.02, 36 months,D,MORTGAGE,home_improvement,,17.79,818.0,Fully Paid
2019-02-01,19317,12.5, 36 months,C,RENT,debt_consolidation,37629.0,,752.0,Fully Paid
2019-02-01,16414,7.39, 36 months,B,MORTGAGE,home_improvement,98414.0,,751.0,Fully Paid
2019-02-01,16320,17.18, 36 months,E,OWN,credit_card,19277.0,28.18,651.0,Fully Paid
2019-02-01,7739,5.0, 60 months,A,RENT,home_improvement,120128.0,38.4,772.0,Fully Paid
2019-02-01,25124,9.71, 36 months,C,MORTGAGE,debt_consolidation,96755.0,11.22,848.0,Fully Paid
2019-02-01,22340,6.13, 36 months,B,MORTGAGE,other,126196.0,18.26,777.0,Charged Off
2019-02-01,3948,5.0, 36 months,A,RENT,other,89531.0,7.56,674.0,Fully Paid
2019-02-01,26843,5.0, 36 months,A,RENT,home_improvement,20745.0,1.86,705.0,Fully Paid
2019-02-01,6018,5.0, 36 months,B,RENT,debt_consolidation,61567.0,28.53,840.0,Fully Paid
2019-02-01,26977,14.05, 36 months,D,MORTGAGE,credit_card,71267.0,11.13,750.0,Fully Paid
2019-02-01,24141,18.54, 36 months,E,OWN,debt_consolidation,43058.0,19.84,633.0,Fully Paid
2019-02-01,33773,5.0, 36 months,A,OWN,small_business,95216.0,14.57,669.0,Fully Paid
2019-02-01,29620,5.0, 36 months,A,RENT,credit_card,69522.0,14.68,845.0,Fully Paid
2019-02-01,23807,16.14, 36 months,E,RENT,home_improvement,52713.0,0.0,700.0,Fully Paid
2019-02-01,12776,5.0, 36 months,A,OWN,credit_card,100886.0,37.62,706.0,Fully Paid
2019-02-01,16594,24.51, 60 months,G,RENT,credit_card,61298.0,0.0,720.0,Fully Paid
2019-02-01,28282,17.22, 60 months,E,RENT,debt_consolidation,100795.0,14.82,621.0,Charged Off
2019-02-01,24222,6.6, 36 months,B,MORTGAGE,debt_consolidation,119769.0,16.1,762.0,Fully Paid
2019-02-01,4851,17.13, 36 months,E,MORTGAGE,debt_consolidation,86743.0,,695.0,Fully Paid
2019-02-01,13466,13.82, 36 months,D,MORTGAGE,debt_consolidation,114409.0,16.26,767.0,Charged Off
2019-02-01,20777,7.13, 36 months,B,,debt_consolidation,74921.0,13.42,684.0,Fully Paid
2019-02-01,9342,13.41, 36 months,C,MORTGAGE,home_improvement,67708.0,9.54,683.0,Fully Paid
2019-02-01,19887,5.0, 36 months,A,MORTGAGE,credit_card,103394.0,18.49,766.0,Fully Paid
2019-02-01,14271,19.42, 36 months,E,RENT,debt_consolidation,92985.0,26.25,644.0,Fully Paid
2019-02-01,34287,16.21, 60 months,E,MORTGAGE,debt_consolidation,23987.0,11.66,768.0,Charged Off
2019-02-01,17373,11.48, 36 months,C,OWN,other,103873.0,12.52,804.0,Fully Paid
2019-02-01,21341,5.0, 36 months,A,MORTGAGE,other,63870.0,16.99,634.0,Fully Paid
2019-02-01,20688,18.65, 36 months,E,RENT,debt_consolidation,65765.0,17.99,721.0,Charged Off
2019-02-01,10187,15.3, 60 months,D,MORTGAGE,small_business,63911.0,12.6,623.0,Charged Off
2019-02-01,7228,13.26, 60 months,D,RENT,debt_consolidation,90474.0,25.45,768.0,Fully Paid
2019-02-01,22069,11.84, 60 months,C,MORTGAGE,debt_consolidation,15000.0,15.11,783.0,Charged Off
2019-02-01,34214,8.25, 60 months,B,,home_improvement,77700.0,9.53,635.0,Fully Paid
2019-02-01,33260,13.63, 36 months,C,RENT,credit_card,84715.0,19.02,617.0,Fully Paid
2019-02-01,12667,5.0, 36 months,A,OWN,small_business,79378.0,18.48,694.0,Fully Paid
2019-02-01,8523,5.0, 36 months,B,RENT,credit_card,65477.0,39.52,849.0,Fully Paid
2019-02-01,1028,7.8, 60 months,B,RENT,other,61598.0,0.0,679.0,Fully Paid
2019-02-01,12790,5.0, 36 months,A,MORTGAGE,credit_card,54472.0,23.0,783.0,Fully Paid
2019-02-01,15674,16.54, 36 months,E,OWN,debt_consolidation,86489.0,14.9,769.0,Fully Paid
2019-02-01,29843,5.0, 36 months,A,,credit_card,65242.0,17.86,746.0,Fully Paid
2019-02-01,7850,14.86, 60 months,E,MORTGAGE,debt_consolidation,56963.0,16.41,846.0,Fully Paid
2019-02-01,12815,5.0, 36 months,A,OWN,small_business,75603.0,24.18,780.0,Fully Paid
2019-03-01,29703,18.06, 60 months,E,RENT,other,61896.0,8.61,655.0,Charged Off
2019-03-01,33046,6.32, 36 months,B,MORTGAGE,credit_card,95755.0,,816.0,Fully Paid
2019-03-01,17009,9.0, 36 months,B,RENT,credit_card,52945.0,7.34,633.0,Charged Off
2019-03-01,5776,13.25, 36 months,C,MORTGAGE,credit_card,55195.0,13.47,671.0,Fully Paid
2019-03-01,12374,14.71, 36 months,C,MORTGAGE,debt_consolidation,58207.0,28.94,607.0,Fully Paid
2019-03-01,8511,16.89, 36 months,E,RENT,debt_consolidation,106579.0,17.65,663.0,Fully Paid
2019-03-01,22432,14.03, 36 months,D,RENT,credit_card,71494.0,16.78,691.0,Fully Paid
2019-03-01,14506,18.09, 36 months,F,OWN,debt_consolidation,35031.0,14.42,777.0,Fully Paid
2019-03-01,13610,15.3, 36 months,D,RENT,debt_consolidation,29800.0,8.31,691.0,Fully Paid
2019-03-01,24928,15.49, 36 months,D,RENT,credit_card,86453.0,18.56,703.0,Fully Paid
2019-03-01,23003,16.28, 36 months,E,OWN,debt_consolidation,57516.0,14.92,804.0,Fully Paid
2019-03-01,6791,5.0, 60 months,A,,home_improvement,119724.0,20.97,719.0,Fully Paid
2019-03-01,9583,11.96, 36 months,C,MORTGAGE,debt_consolidation,75170.0,23.86,665.0,Fully Paid
2019-03-01,26705,20.88, 60 months,F,RENT,debt_consolidation,78098.0,8.76,639.0,Fully Paid
2019-03-01,25255,13.53, 36 months,C,RENT,debt_consolidation,69295.0,27.79,651.0,Fully Paid
2019-03-01,18071,5.0, 36 months,A,RENT,other,69047.0,0.0,808.0,Fully Paid
2019-03-01,29532,11.02, 36 months,C,RENT,credit_card,25017.0,0.0,827.0,Fully Paid
2019-03-01,32080,15.78, 36 months,E,MORTGAGE,other,55848.0,4.36,768.0,Fully Paid
2019-03-01,7753,14.46, 60 months,D,RENT,credit_card,93512.0,23.59,719.0,Fully Paid
2019-03-01,15828,10.76, 36 months,C,MORTGAGE,debt_consolidation,69523.0,14.7,810.0,Fully Paid
2019-03-01,27415,5.0, 36 months,A,MORTGAGE,debt_consolidation,42672.0,19.15,826.0,Fully Paid
2019-03-01,11268,15.09, 36 months,D,OWN,home_improvement,86123.0,21.73,741.0,Fully Paid
2019-03-01,18765,5.0, 36 months,A,RENT,home_improvement,27971.0,4.5,784.0,Fully Paid
2019-03-01,22484,24.77, 36 months,G,MORTGAGE,small_business,,8.59,749.0,Fully Paid
2019-03-01,7058,13.1, 60 months,D,OWN,home_improvement,76907.0,21.15,795.0,Fully Paid
2019-03-01,3124,17.95, 36 months,F,OWN,debt_consolidation,121356.0,18.06,766.0,Fully Paid
2019-03-01,7102,5.0, 36 months,A,MORTGAGE,credit_card,80485.0,13.97,710.0,Fully Paid
2019-03-01,14254,5.0, 36 months,A,RENT,home_improvement,91689.0,7.55,669.0,Fully Paid
2019-03-01,34980,25.61, 60 months,G,MORTGAGE,debt_consolidation,84365.0,17.82,712.0,Charged Off
2019-03-01,13847,13.82, 36 months,D,RENT,debt_consolidation,,24.71,819.0,Fully Paid
2019-03-01,1771,25.05, 36 months,G,RENT,home_improvement,74606.0,11.51,623.0,Fully Paid
2019-03-01,4181,10.56, 36 months,C,RENT,other,142368.0,16.21,834.0,Fully Paid
2019-04-01,30138,14.2, 36 months,D,MORTGAGE,debt_consolidation,72324.0,13.44,757.0,Fully Paid
2019-04-01,22380,11.73, 36 months,C,MORTGAGE,debt_consolidation,82036.0,8.81,775.0,Fully Paid
2019-04-01,33553,8.08, 36 months,B,RENT,debt_consolidation,32120.0,32.23,656.0,Charged Off
2019-04-01,11296,10.34, 60 months,C,RENT,debt_consolidation,112300.0,22.57,843.0,Fully Paid
2019-04-01,11355,11.91, 36 months,C,MORTGAGE,small_business,112731.0,3.39,732.0,Fully Paid
2019-04-01,26725,15.81, 60 months,D,MORTGAGE,small_business,62205.0,13.56,643.0,Fully Paid
2019-04-01,30314,5.0, 36 months,A,MORTGAGE,other,37465.0,16.02,831.0,Fully Paid
2019-04-01,12906,12.72, 60 months,C,MORTGAGE,credit_card,45252.0,21.76,616.0,Fully Paid
2019-04-01,17911,5.69, 36 months,B,OWN,other,62763.0,8.62,800.0,Fully Paid
2019-04-01,16453,5.0, 36 months,A,MORTGAGE,small_business,119975.0,9.33,705.0,Fully Paid
2019-04-01,33225,5.0, 36 months,A,RENT,debt_consolidation,134203.0,6.81,830.0,Fully Paid
2019-04-01,31185,5.0, 36 months,A,OWN,credit_card,90210.0,17.09,610.0,Fully Paid
2019-04-01,22731,5.0, 36 months,A,RENT,small_business,65189.0,17.49,645.0,Fully Paid
2019-04-01,22250,9.59, 60 months,B,RENT,debt_consolidation,80831.0,23.36,648.0,Fully Paid
2019-04-01,2864,21.63, 36 months,F,RENT,small_business,84002.0,11.82,634.0,Fully Paid
2019-04-01,10481,7.29, 36 months,B,RENT,small_business,74990.0,20.39,712.0,Fully Paid
2019-04-01,20463,22.5, 60 months,F,OWN,debt_consolidation,100793.0,14.29,600.0,Charged Off
2019-04-01,20734,5.0, 60 months,A,MORTGAGE,credit_card,71265.0,11.24,776.0,Fully Paid
2019-04-01,19991,14.96, 60 months,D,RENT,debt_consolidation,61984.0,15.26,739.0,Fully Paid
2019-04-01,3762,13.41, 36 months,C,RENT,debt_consolidation,87914.0,23.85,619.0,Fully Paid
2019-04-01,29613,19.97, 60 months,F,RENT,debt_consolidation,37265.0,19.65,750.0,Fully Paid
2019-04-01,1614,5.0, 60 months,A,RENT,small_business,,7.21,801.0,Fully Paid
2019-04-01,14095,5.0, 36 months,A,MORTGAGE,debt_consolidation,51932.0,,673.0,Fully Paid
2019-04-01,10027,5.0, 36 months,A,MORTGAGE,debt_consolidation,36199.0,11.51,831.0,Fully Paid
2019-04-01,13998,8.01, 36 months,B,OWN,debt_consolidation,43442.0,26.53,736.0,Fully Paid
2019-04-01,12996,16.74, 36 months,D,OWN,debt_consolidation,42170.0,27.18,614.0,Fully Paid
2019-04-01,5501,17.08, 36 months,D,RENT,debt_consolidation,77704.0,5.27,602.0,Fully Paid
2019-04-01,1687,5.0, 36 months,A,MORTGAGE,credit_card,,15.38,814.0,Charged Off
2019-04-01,3751,5.0, 60 months,A,MORTGAGE,debt_consolidation,43672.0,9.41,661.0,Fully Paid
2019-04-01,10521,5.43, 36 months,B,RENT,credit_card,97993.0,27.52,780.0,Fully Paid
2019-04-01,14149,7.57, 60 months,B,MORTGAGE,debt_consolidation,108384.0,16.72,724.0,Fully Paid
2019-04-01,4559,5.75, 36 months,B,RENT,home_improvement,93422.0,20.14,769.0,Fully Paid
2019-04-01,6655,12.16, 36 months,C,MORTGAGE,debt_consolidation,15000.0,13.04,607.0,Charged Off
2019-04-01,25860,15.03, 36 months,D,RENT,debt_consolidation,,19.31,784.0,Fully Paid
2019-04-01,27847,13.39, 36 months,C,RENT,credit_card,72136.0,12.65,811.0,Fully Paid
2019-04-01,21873,6.75, 60 months,B,MORTGAGE,debt_consolidation,25634.0,11.26,770.0,Fully Paid
2019-04-01,28314,5.0, 36 months,A,RENT,debt_consolidation,32890.0,10.67,813.0,Fully Paid
2019-04-01,25666,7.42, 36 months,B,MORTGAGE,small_business,75625.0,26.23,608.0,Fully Paid
2019-04-01,15295,11.54, 36 months,C,MORTGAGE,debt_consolidation,43310.0,9.47,839.0,Fully Paid
2019-04-01,5854,17.21, 36 months,E,MORTGAGE,credit_card,95565.0,5.0,779.0,Fully Paid
2019-04-01,27558,15.14, 36 months,D,RENT,credit_card,100449.0,7.2,708.0,Fully Paid
2019-05-01,33920,9.23, 36 months,B,MORTGAGE,debt_consolidation,107988.0,0.0,688.0,Fully Paid
2019-05-01,31093,19.44, 36 months,F,RENT,credit_card,54253.0,21.31,746.0,Fully Paid
2019-05-01,23758,17.23, 36 months,F,RENT,credit_card,67580.0,7.94,832.0,Fully Paid
2019-05-01,20173,5.0, 36 months,A,RENT,debt_consolidation,96028.0,8.44,617.0,Fully Paid
2019-05-01,23042,24.81, 36 months,G,MORTGAGE,small_business,49916.0,19.26,648.0,Charged Off
2019-05-01,12243,25.82, 36 months,G,MORTGAGE,home_improvement,46040.0,19.33,702.0,Charged Off
2019-05-01,6231,8.64, 36 months,B,MORTGAGE,debt_consolidation,74747.0,16.84,657.0,Charged Off
2019-05-01,29580,8.03, 36 months,B,OWN,debt_consolidation,49656.0,3.66,685.0,Fully Paid
2019-05-01,32782,14.57, 36 months,D,RENT,home_improvement,84538.0,11.84,694.0,Charged Off
2019-05-01,14673,5.0, 36 months,A,MORTGAGE,credit_card,70146.0,27.06,656.0,Fully Paid
2019-05-01,3036,6.13, 36 months,B,MORTGAGE,debt_consolidation,114983.0,22.28,716.0,Fully Paid
2019-05-01,23541,13.21, 36 months,C,MORTGAGE,debt_consolidation,65604.0,15.31,684.0,Fully Paid
2019-05-01,21518,9.85, 36 months,C,MORTGAGE,debt_consolidation,41839.0,13.85,842.0,Fully Paid
2019-05-01,6854,5.0, 36 months,A,OWN,debt_consolidation,72917.0,27.93,772.0,Fully Paid
2019-05-01,11739,7.82, 36 months,B,MORTGAGE,debt_consolidation,112522.0,26.31,764.0,Fully Paid
2019-05-01,33110,23.07, 36 months,G,RENT,small_business,95225.0,24.14,835.0,Fully Paid
2019-05-01,24799,5.0, 60 months,A,RENT,other,33119.0,20.77,684.0,Fully Paid
2019-05-01,4484,12.3, 36 months,C,OWN,debt_consolidation,61349.0,14.52,728.0,Fully Paid
2019-05-01,29065,12.11, 36 months,C,MORTGAGE,debt_consolidation,79640.0,19.93,666.0,Fully Paid
2019-05-01,19974,5.0, 36 months,A,MORTGAGE,other,99480.0,11.26,604.0,Fully Paid
2019-05-01,27720,7.28, 36 months,B,RENT,home_improvement,94837.0,21.49,801.0,Fully Paid
2019-05-01,6894,11.9, 36 months,C,RENT,debt_consolidation,91820.0,14.27,706.0,Fully Paid
2019-05-01,5345,5.0, 36 months,A,OWN,debt_consolidation,85901.0,9.85,841.0,Fully Paid
2019-05-01,13228,20.62, 36 months,F,MORTGAGE,debt_consolidation,63063.0,17.49,657.0,Charged Off
2019-05-01,27778,13.7, 36 months,C,RENT,debt_consolidation,59497.0,1.09,678.0,Fully Paid
2019-05-01,5612,12.82, 36 months,D,MORTGAGE,debt_consolidation,83104.0,6.51,846.0,Fully Paid
2019-05-01,15675,13.73, 60 months,C,OWN,debt_consolidation,15000.0,14.43,600.0,Fully Paid
2019-05-01,30465,17.6, 36 months,E,MORTGAGE,small_business,92346.0,1.85,734.0,Fully Paid
2019-05-01,29035,14.11, 60 months,D,MORTGAGE,debt_consolidation,84026.0,28.6,812.0,Charged Off
2019-05-01,24308,5.0, 60 months,A,RENT,home_improvement,40860.0,11.11,606.0,Fully Paid
2019-05-01,18459,19.85, 36 months,E,MORTGAGE,credit_card,67774.0,15.56,649.0,Fully Paid
2019-05-01,30539,12.32, 36 months,C,MORTGAGE,other,23928.0,,603.0,Charged Off
2019-05-01,12933,15.97, 36 months,D,MORTGAGE,small_business,51766.0,17.48,738.0,Fully Paid
2019-05-01,29967,12.96, 36 months,C,RENT,other,95959.0,18.06,701.0,Fully Paid
2019-05-01,15679,20.5, 36 months,F,OWN,debt_consolidation,87002.0,24.46,619.0,Charged Off
2019-05-01,27635,15.06, 36 months,D,RENT,debt_consolidation,19369.0,17.64,658.0,Fully Paid
2019-05-01,1142,5.59, 36 months,B,RENT,credit_card,52208.0,15.42,807.0,Fully Paid
2019-05-01,16326,5.0, 36 months,A,RENT,debt_consolidation,45307.0,,626.0,Fully Paid
2019-05-01,18662,19.33, 60 months,F,OWN,credit_card,83434.0,21.19,753.0,Fully Paid
2019-05-01,3854,12.23, 36 months,C,OWN,credit_card,77583.0,6.92,659.0,Fully Paid
2019-05-01,24890,17.5, 36 months,E,MORTGAGE,debt_consolidation,95084.0,,732.0,Fully Paid
2019-05-01,20656,6.22, 36 months,B,RENT,debt_consolidation,22471.0,10.39,741.0,Fully Paid
2019-06-01,29033,12.42, 60 months,D,MORTGAGE,debt_consolidation,37643.0,22.53,784.0,Fully Paid
2019-06-01,15835,15.19, 36 months,D,OWN,debt_consolidation,34880.0,2.38,738.0,Fully Paid
2019-06-01,11499,5.7, 36 months,B,RENT,debt_consolidation,83970.0,7.29,749.0,Fully Paid
2019-06-01,4552,17.73, 36 months,E,RENT,small_business,98548.0,6.22,682.0,Fully Paid
2019-06-01,4290,16.65, 36 months,E,RENT,debt_consolidation,67464.0,16.11,849.0,Fully Paid
2019-06-01,23513,17.96, 36 months,E,MORTGAGE,debt_consolidation,87620.0,13.53,718.0,Fully Paid
2019-06-01,29874,7.82, 60 months,B,MORTGAGE,debt_consolidation,42686.0,0.0,739.0,Fully Paid
2019-06-01,17104,12.74, 36 months,C,RENT,credit_card,79951.0,14.19,702.0,Fully Paid
2019-06-01,25619,20.27, 36 months,F,RENT,debt_consolidation,87927.0,0.97,789.0,Fully Paid
2019-06-01,17352,7.29, 60 months,B,MORTGAGE,other,131238.0,25.48,778.0,Fully Paid
2019-06-01,18015,11.17, 36 months,C,OWN,debt_consolidation,103104.0,16.73,776.0,Fully Paid
2019-06-01,33484,15.82, 36 months,D,RENT,credit_card,106786.0,23.76,664.0,Fully Paid
2019-06-01,13754,6.23, 36 months,B,MORTGAGE,debt_consolidation,81458.0,22.93,767.0,Fully Paid
2019-06-01,33016,7.2, 36 months,B,MORTGAGE,debt_consolidation,72177.0,3.53,798.0,Fully Paid
2019-06-01,20633,5.0, 60 months,A,MORTGAGE,debt_consolidation,78557.0,21.92,687.0,Fully Paid
2019-06-01,11201,21.61, 60 months,F,MORTGAGE,debt_consolidation,64420.0,30.37,601.0,Fully Paid
2019-06-01,5675,5.0, 36 months,A,RENT,credit_card,93948.0,21.25,789.0,Fully Paid
2019-06-01,33791,5.0, 36 months,A,OWN,credit_card,119818.0,21.21,648.0,Fully Paid
2019-06-01,32314,11.0, 36 months,C,MORTGAGE,debt_consolidation,86826.0,9.39,724.0,Fully Paid
2019-06-01,32610,14.27, 60 months,D,MORTGAGE,debt_consolidation,60404.0,17.85,712.0,Fully Paid
2019-06-01,5205,19.32, 36 months,F,OWN,debt_consolidation,139509.0,8.12,716.0,Fully Paid
2019-06-01,17933,13.57, 36 months,C,OWN,debt_consolidation,73921.0,18.07,660.0,Fully Paid
2019-06-01,31706,15.67, 36 months,D,RENT,debt_consolidation,24124.0,19.09,707.0,Fully Paid
2019-06-01,8077,5.0, 36 months,A,MORTGAGE,debt_consolidation,42805.0,14.91,677.0,Fully Paid
2019-06-01,8080,22.06, 36 months,G,RENT,debt_consolidation,62256.0,19.04,827.0,Fully Paid
2019-06-01,8880,11.66, 60 months,C,RENT,small_business,57206.0,21.49,752.0,Fully Paid
2019-06-01,14948,13.28, 36 months,D,OWN,home_improvement,39742.0,16.6,839.0,Fully Paid
2019-06-01,22377,23.51, 36 months,G,OWN,other,48087.0,6.3,746.0,Fully Paid
2019-06-01,11279,17.44, 60 months,E,MORTGAGE,other,95396.0,10.95,762.0,Fully Paid
2019-06-01,22098,10.73, 36 months,C,RENT,debt_consolidation,64030.0,16.58,772.0,Fully Paid
2019-06-01,34776,11.84, 36 months,C,MORTGAGE,credit_card,49500.0,12.82,764.0,Fully Paid
2019-06-01,5318,5.0, 36 months,A,RENT,debt_consolidation,95135.0,14.28,741.0,Fully Paid
2019-06-01,24319,16.72, 36 months,E,RENT,debt_consolidation,95742.0,12.61,758.0,Fully Paid
2019-06-01,17960,5.0, 36 months,A,OWN,credit_card,113425.0,22.79,722.0,Fully Paid
2019-06-01,9245,5.0, 36 months,A,RENT,small_business,53673.0,17.71,748.0,Fully Paid
2019-06-01,22755,8.02, 36 months,B,OWN,credit_card,63006.0,0.0,648.0,Charged Off
2019-06-01,29076,5.0, 60 months,A,MORTGAGE,credit_card,75688.0,19.91,638.0,Charged Off
2019-06-01,32583,14.23, 36 months,D,,debt_consolidation,31196.0,15.04,776.0,Fully Paid
2019-06-01,22969,16.52, 60 months,E,OWN,debt_consolidation,70027.0,24.14,,Fully Paid
2019-06-01,18426,5.0, 36 months,A,OWN,debt_consolidation,83422.0,9.04,776.0,Fully Paid
2019-06-01,33216,12.12, 36 months,C,RENT,debt_consolidation,83484.0,18.66,669.0,Fully Paid
2019-07-01,16236,8.41, 36 months,B,RENT,debt_consolidation,51335.0,13.24,628.0,Fully Paid
2019-07-01,28926,14.46, 60 months,D,RENT,credit_card,113262.0,7.37,836.0,Fully Paid
2019-07-01,16905,13.61, 36 months,D,MORTGAGE,small_business,132780.0,12.04,806.0,Fully Paid
2019-07-01,28190,5.0, 60 months,A,RENT,debt_consolidation,94152.0,9.76,689.0,Fully Paid
2019-07-01,30876,16.37, 36 months,D,RENT,small_business,63843.0,11.01,666.0,Fully Paid
2019-07-01,10976,7.22, 36 months,B,RENT,small_business,52399.0,21.64,755.0,Fully Paid
2019-07-01,7793,5.0, 36 months,A,MORTGAGE,home_improvement,87963.0,8.47,796.0,Fully Paid
2019-07-01,1007,11.19, 36 months,C,MORTGAGE,debt_consolidation,57831.0,22.49,814.0,Fully Paid
2019-07-01,12805,12.22, 36 months,C,RENT,credit_card,56643.0,27.6,695.0,Fully Paid
2019-07-01,34958,6.99, 36 months,B,RENT,other,83540.0,6.4,718.0,Fully Paid
2019-07-01,24751,8.05, 60 months,B,RENT,debt_consolidation,65452.0,15.32,684.0,Fully Paid
2019-07-01,14225,7.35, 36 months,B,MORTGAGE,debt_consolidation,102901.0,18.9,689.0,Fully Paid
2019-07-01,32622,25.21, 36 months,G,MORTGAGE,debt_consolidation,43390.0,14.5,709.0,Fully Paid
2019-07-01,5657,15.46, 36 months,D,MORTGAGE,debt_consolidation,51674.0,16.58,793.0,Fully Paid
2019-07-01,7895,5.0, 36 months,A,RENT,credit_card,103695.0,14.86,714.0,Fully Paid
2019-07-01,29386,9.73, 36 months,B,RENT,debt_consolidation,99632.0,19.74,627.0,Fully Paid
2019-07-01,16481,12.6, 36 months,C,RENT,debt_consolidation,41436.0,27.05,687.0,Fully Paid
2019-07-01,21302,14.63, 60 months,D,,debt_consolidation,78106.0,9.29,723.0,Charged Off
2019-07-01,7729,18.26, 36 months,F,MORTGAGE,debt_consolidation,81640.0,14.85,800.0,Fully Paid
2019-07-01,10434,5.54, 36 months,B,MORTGAGE,credit_card,61070.0,0.0,839.0,Fully Paid
2019-07-01,24185,13.81, 60 months,D,RENT,credit_card,73253.0,24.47,815.0,Fully Paid
2019-07-01,15971,5.0, 36 months,A,RENT,debt_consolidation,91118.0,22.6,699.0,Fully Paid
2019-07-01,1944,12.92, 36 months,C,RENT,debt_consolidation,62529.0,18.46,735.0,Fully Paid
2019-07-01,29199,5.0, 36 months,A,RENT,debt_consolidation,72144.0,23.82,722.0,Fully Paid
2019-07-01,9457,25.91, 36 months,G,MORTGAGE,debt_consolidation,35120.0,13.04,639.0,Fully Paid
2019-07-01,5811,10.19, 60 months,C,RENT,other,96268.0,13.21,827.0,Fully Paid
2019-07-01,6370,5.43, 36 months,B,MORTGAGE,home_improvement,45578.0,28.14,762.0,Fully Paid
2019-07-01,18617,14.51, 36 months,D,MORTGAGE,debt_consolidation,67787.0,9.18,714.0,Fully Paid
2019-07-01,17798,9.39, 36 months,B,MORTGAGE,debt_consolidation,39087.0,31.33,608.0,Charged Off
2019-07-01,13378,13.8, 36 months,D,MORTGAGE,debt_consolidation,22797.0,13.89,680.0,Fully Paid
2019-07-01,12024,15.85, 36 months,D,RENT,debt_consolidation,85217.0,17.74,634.0,Fully Paid
2019-07-01,29995,5.0, 60 months,A,RENT,credit_card,91357.0,8.11,630.0,Fully Paid
2019-07-01,27700,5.0, 36 months,A,RENT,home_improvement,68646.0,12.23,648.0,Fully Paid
2019-07-01,32180,5.0, 36 months,A,OWN,small_business,96292.0,7.97,688.0,Fully Paid
2019-08-01,21565,14.13, 36 months,C,RENT,credit_card,56392.0,9.83,627.0,Charged Off
2019-08-01,18597,15.2, 60 months,D,RENT,debt_consolidation,59310.0,12.36,726.0,Fully Paid
2019-08-01,4637,12.38, 36 months,D,MORTGAGE,debt_consolidation,75748.0,20.6,798.0,Fully Paid
2019-08-01,15292,5.0, 36 months,A,OWN,other,102377.0,11.05,636.0,Fully Paid
2019-08-01,27418,15.49, 60 months,D,MORTGAGE,debt_consolidation,109096.0,9.67,732.0,Fully Paid
2019-08-01,16946,16.4, 36 months,D,RENT,debt_consolidation,100466.0,16.01,655.0,Fully Paid
2019-08-01,27119,11.22, 60 months,C,RENT,debt_consolidation,,5.49,804.0,Charged Off
2019-08-01,23436,8.17, 36 months,B,RENT,credit_card,125293.0,10.11,748.0,Fully Paid
2019-08-01,25955,16.23, 36 months,D,MORTGAGE,other,80972.0,2.27,741.0,Fully Paid
2019-08-01,19161,13.78, 36 months,D,RENT,debt_consolidation,65465.0,5.81,835.0,Fully Paid
2019-08-01,3498,5.0, 36 months,A,OWN,debt_consolidation,58203.0,8.93,791.0,Fully Paid
2019-08-01,3537,7.24, 36 months,B,OWN,credit_card,67806.0,25.77,664.0,Fully Paid
2019-08-01,26398,6.48, 36 months,B,RENT,other,87825.0,11.25,810.0,Fully Paid
2019-08-01,16552,13.82, 60 months,C,RENT,credit_card,34665.0,6.91,660.0,Charged Off
2019-08-01,2157,8.68, 60 months,B,MORTGAGE,debt_consolidation,22182.0,8.82,702.0,Fully Paid
2019-08-01,30479,5.0, 36 months,A,RENT,other,66156.0,10.51,756.0,Fully Paid
2019-08-01,2589,5.0, 60 months,A,RENT,debt_consolidation,69076.0,11.65,605.0,Charged Off
2019-08-01,6436,17.54, 36 months,E,OWN,debt_consolidation,65184.0,26.74,687.0,Charged Off
2019-08-01,10409,5.01, 36 months,B,OWN,debt_consolidation,81868.0,6.92,846.0,Fully Paid
2019-08-01,11926,7.73, 36 months,B,MORTGAGE,debt_consolidation,69342.0,18.19,696.0,Fully Paid
2019-08-01,32309,13.36, 36 months,D,MORTGAGE,home_improvement,57291.0,14.88,820.0,Fully Paid
2019-08-01,20106,10.88, 36 months,C,OWN,debt_consolidation,73789.0,20.93,800.0,Fully Paid
2019-08-01,31763,17.92, 36 months,E,MORTGAGE,small_business,18652.0,4.29,656.0,Fully Paid
2019-08-01,5338,13.29, 36 months,D,RENT,debt_consolidation,45529.0,17.72,809.0,Fully Paid
2019-08-01,5411,6.64, 36 months,B,MORTGAGE,debt_consolidation,90866.0,17.62,702.0,Fully Paid
2019-08-01,5471,7.14, 60 months,B,MORTGAGE,debt_consolidation,15000.0,23.83,729.0,Fully Paid
2019-08-01,20575,5.0, 36 months,A,RENT,credit_card,83535.0,18.65,613.0,Fully Paid
2019-08-01,4172,5.0, 36 months,A,RENT,small_business,80053.0,4.96,835.0,Fully Paid
2019-08-01,2307,10.94, 60 months,C,RENT,credit_card,61183.0,26.4,742.0,Fully Paid
2019-08-01,18405,13.51, 36 months,C,,debt_consolidation,63443.0,19.12,668.0,Fully Paid
2019-08-01,32606,5.0, 36 months,A,MORTGAGE,credit_card,79559.0,8.62,729.0,Fully Paid
2019-08-01,21287,16.53, 36 months,D,MORTGAGE,other,42565.0,16.22,710.0,Fully Paid
2019-08-01,12087,5.0, 36 months,A,MORTGAGE,debt_consolidation,87437.0,12.24,789.0,Fully Paid
2019-08-01,20872,11.42, 36 months,D,MORTGAGE,home_improvement,47081.0,19.17,843.0,Fully Paid
2019-08-01,19645,25.49, 36 months,G,RENT,home_improvement,71780.0,22.01,667.0,Fully Paid
2019-08-01,16911,7.6, 60 months,B,RENT,debt_consolidation,59716.0,0.86,718.0,Fully Paid
2019-09-01,2669,19.83, 36 months,E,MORTGAGE,home_improvement,67325.0,6.65,606.0,Fully Paid
2019-09-01,32780,6.88, 36 months,B,MORTGAGE,debt_consolidation,46192.0,24.12,684.0,Fully Paid
2019-09-01,29439,5.0, 36 months,A,RENT,credit_card,94668.0,9.37,697.0,Fully Paid
2019-09-01,1658,10.53, 60 months,C,MORTGAGE,credit_card,101121.0,7.4,842.0,Fully Paid
2019-09-01,18829,16.08, 36 months,E,MORTGAGE,debt_consolidation,77341.0,3.72,821.0,Fully Paid
2019-09-01,7220,16.53, 36 months,D,MORTGAGE,home_improvement,45470.0,16.48,620.0,Fully Paid
2019-09-01,10501,16.96, 36 months,E,OWN,credit_card,63363.0,0.0,710.0,Fully Paid
2019-09-01,17735,24.61, 36 months,G,OWN,credit_card,84982.0,5.06,672.0,Charged Off
2019-09-01,6132,6.02, 36 months,B,RENT,debt_consolidation,,17.94,775.0,Fully Paid
2019-09-01,4001,23.56, 36 months,G,OWN,debt_consolidation,86283.0,7.04,753.0,Fully Paid
2019-09-01,7146,13.92, 36 months,C,MORTGAGE,debt_consolidation,49922.0,14.33,661.0,Fully Paid
2019-09-01,24347,6.56, 60 months,B,MORTGAGE,other,78697.0,10.75,725.0,Fully Paid
2019-09-01,7960,11.76, 36 months,C,,debt_consolidation,103176.0,15.61,723.0,Fully Paid
2019-09-01,11892,9.33, 60 months,B,MORTGAGE,home_improvement,67227.0,12.54,611.0,Fully Paid
2019-09-01,26745,5.0, 60 months,A,OWN,credit_card,,19.78,705.0,Fully Paid
2019-09-01,32559,15.14, 60 months,D,MORTGAGE,credit_card,78979.0,6.71,675.0,Charged Off
2019-09-01,3165,5.0, 60 months,A,MORTGAGE,debt_consolidation,91088.0,8.82,616.0,Fully Paid
2019-09-01,20952,15.96, 60 months,E,RENT,credit_card,73980.0,0.0,813.0,Fully Paid
2019-09-01,19268,13.37, 36 months,D,OWN,debt_consolidation,56204.0,9.45,828.0,Fully Paid
2019-09-01,6234,5.0, 36 months,A,RENT,debt_consolidation,36510.0,16.56,839.0,Fully Paid
2019-09-01,22863,26.13, 60 months,G,OWN,debt_consolidation,34617.0,15.31,622.0,Charged Off
2019-09-01,29443,13.49, 36 months,D,MORTGAGE,small_business,60666.0,7.72,780.0,Fully Paid
2019-09-01,21076,5.0, 36 months,A,OWN,debt_consolidation,83217.0,13.41,835.0,Fully Paid
2019-09-01,20125,8.43, 36 months,B,RENT,home_improvement,81340.0,12.95,,Fully Paid
2019-09-01,6570,9.37, 36 months,B,RENT,home_improvement,80891.0,,605.0,Fully Paid
2019-09-01,5441,20.18, 60 months,F,MORTGAGE,other,45607.0,7.26,647.0,Fully Paid
2019-09-01,18405,5.0, 36 months,A,MORTGAGE,small_business,,37.21,840.0,Fully Paid
2019-09-01,3261,5.0, 36 months,B,RENT,debt_consolidation,82908.0,22.69,819.0,Fully Paid
2019-09-01,20341,10.47, 36 months,C,OWN,debt_consolidation,105256.0,9.62,840.0,Fully Paid
2019-09-01,17323,5.0, 36 months,A,OWN,home_improvement,80934.0,0.0,659.0,Fully Paid
2019-09-01,4185,15.53, 36 months,D,RENT,debt_consolidation,41916.0,18.14,688.0,Fully Paid
2019-09-01,14325,15.76, 36 months,D,OWN,small_business,66541.0,2.06,675.0,Charged Off
2019-09-01,15155,7.39, 36 months,B,RENT,debt_consolidation,108943.0,13.98,656.0,Fully Paid
2019-09-01,9838,5.0, 36 months,A,OWN,other,50860.0,11.02,722.0,Fully Paid
2019-09-01,31656,16.2, 36 months,E,OWN,debt_consolidation,56065.0,14.65,788.0,Fully Paid
2019-09-01,15745,19.89, 36 months,E,MORTGAGE,small_business,88631.0,12.63,681.0,Charged Off
2019-09-01,29833,5.0, 60 months,A,RENT,debt_consolidation,97964.0,9.53,796.0,Fully Paid
2019-09-01,28290,5.0, 36 months,A,OWN,debt_consolidation,96687.0,28.0,830.0,Fully Paid
2019-09-01,20387,12.55, 36 months,D,MORTGAGE,debt_consolidation,41690.0,9.45,832.0,Fully Paid
2019-09-01,9895,13.14, 60 months,C,OWN,debt_consolidation,35510.0,14.91,627.0,Fully Paid
2019-09-01,15539,16.08, 36 months,E,RENT,debt_consolidation,50920.0,21.84,747.0,Fully Paid
2019-10-01,29331,24.23, 36 months,G,RENT,debt_consolidation,93630.0,21.14,744.0,Fully Paid
2019-10-01,3541,9.91, 36 months,C,RENT,debt_consolidation,93000.0,18.65,775.0,Fully Paid
2019-10-01,8395,10.03, 60 months,C,MORTGAGE,credit_card,40419.0,7.53,815.0,Fully Paid
2019-10-01,15871,5.0, 36 months,A,RENT,debt_consolidation,,0.92,738.0,Fully Paid
2019-10-01,24249,7.44, 36 months,B,RENT,other,,17.3,640.0,Charged Off
2019-10-01,27081,22.6, 60 months,G,OWN,credit_card,58648.0,18.96,828.0,Fully Paid
2019-10-01,31375,7.83, 36 months,B,MORTGAGE,small_business,78963.0,10.65,633.0,Fully Paid
2019-10-01,33260,5.0, 36 months,A,MORTGAGE,credit_card,60261.0,9.51,790.0,Fully Paid
2019-10-01,9508,15.24, 60 months,E,MORTGAGE,debt_consolidation,68877.0,13.63,834.0,Fully Paid
2019-10-01,8377,15.48, 36 months,D,MORTGAGE,other,103896.0,10.64,718.0,Charged Off
2019-10-01,32102,5.0, 60 months,A,RENT,debt_consolidation,76422.0,22.26,796.0,Fully Paid
2019-10-01,18469,12.67, 60 months,C,RENT,debt_consolidation,88266.0,8.52,715.0,Fully Paid
2019-10-01,13110,8.6, 36 months,B,RENT,debt_consolidation,89194.0,0.0,634.0,Fully Paid
2019-10-01,27079,13.85, 36 months,C,,debt_consolidation,35300.0,30.08,634.0,Fully Paid
2019-10-01,33836,5.0, 36 months,A,RENT,small_business,68081.0,19.08,677.0,Fully Paid
2019-10-01,10479,5.0, 36 months,A,RENT,debt_consolidation,66211.0,8.03,655.0,Fully Paid
2019-10-01,15398,9.21, 36 months,C,RENT,debt_consolidation,99932.0,20.41,807.0,Fully Paid
2019-10-01,27557,9.87, 36 months,C,RENT,debt_consolidation,43568.0,14.51,838.0,Charged Off
2019-10-01,2345,7.84, 36 months,B,OWN,debt_consolidation,79341.0,14.92,701.0,Fully Paid
2019-10-01,20507,6.35, 60 months,B,RENT,debt_consolidation,20465.0,9.64,780.0,Fully Paid
2019-10-01,2246,15.82, 36 months,E,MORTGAGE,debt_consolidation,58318.0,0.0,802.0,Charged Off
2019-10-01,25055,5.0, 60 months,A,MORTGAGE,credit_card,55322.0,20.23,792.0,Fully Paid
2019-10-01,9908,18.57, 36 months,E,RENT,debt_consolidation,71498.0,17.23,653.0,Fully Paid
2019-10-01,33567,12.05, 60 months,C,RENT,other,68710.0,17.07,736.0,Fully Paid
2019-10-01,22613,10.7, 36 months,C,MORTGAGE,small_business,,24.11,839.0,Fully Paid
2019-10-01,4038,12.83, 36 months,D,RENT,debt_consolidation,35668.0,12.96,809.0,Fully Paid
2019-10-01,10292,5.0, 36 months,A,OWN,debt_consolidation,28231.0,14.34,754.0,Fully Paid
2019-10-01,19098,5.0, 36 months,A,MORTGAGE,debt_consolidation,110164.0,15.74,642.0,Fully Paid
2019-10-01,22473,16.29, 36 months,D,OWN,debt_consolidation,49102.0,23.46,,Charged Off
2019-10-01,15226,6.4, 36 months,B,MORTGAGE,other,63907.0,26.92,689.0,Charged Off
2019-11-01,12364,9.45, 36 months,B,RENT,debt_consolidation,97382.0,18.23,650.0,Fully Paid
2019-11-01,27325,13.29, 36 months,C,MORTGAGE,credit_card,53900.0,24.86,638.0,Fully Paid
2019-11-01,2242,9.28, 36 months,B,MORTGAGE,debt_consolidation,70326.0,9.51,609.0,Fully Paid
2019-11-01,11938,6.67, 36 months,B,MORTGAGE,debt_consolidation,77166.0,9.5,829.0,Fully Paid
2019-11-01,9743,10.32, 36 months,C,MORTGAGE,small_business,15000.0,19.08,840.0,Fully Paid
2019-11-01,23393,15.3, 36 months,D,OWN,debt_consolidation,83579.0,16.77,,Charged Off
2019-11-01,10322,5.0, 36 months,A,MORTGAGE,debt_consolidation,92400.0,6.54,736.0,Fully Paid
2019-11-01,27109,18.52, 36 months,E,RENT,credit_card,74918.0,0.0,604.0,Fully Paid
2019-11-01,15402,5.0, 60 months,A,MORTGAGE,small_business,90047.0,23.95,811.0,Fully Paid
2019-11-01,14349,5.0, 36 months,A,MORTGAGE,credit_card,77090.0,22.81,779.0,Fully Paid
2019-11-01,13958,13.05, 36 months,C,,credit_card,105149.0,21.15,648.0,Fully Paid
2019-11-01,19609,14.04, 60 months,D,RENT,debt_consolidation,117042.0,14.99,706.0,Fully Paid
2019-11-01,23544,5.0, 36 months,A,OWN,debt_consolidation,102284.0,4.35,695.0,Fully Paid
2019-11-01,22067,10.18, 36 months,C,MORTGAGE,debt_consolidation,130459.0,7.38,824.0,Fully Paid
2019-11-01,1125,13.53, 36 months,D,RENT,small_business,85377.0,22.98,738.0,Fully Paid
2019-11-01,8233,5.0, 36 months,A,OWN,home_improvement,106896.0,25.75,836.0,Fully Paid
2019-11-01,22015,5.0, 60 months,A,MORTGAGE,credit_card,55462.0,34.91,845.0,Fully Paid
2019-11-01,2995,13.33, 36 months,C,RENT,debt_consolidation,81001.0,12.96,697.0,Fully Paid
2019-11-01,13606,6.38, 36 months,B,OWN,debt_consolidation,72751.0,11.44,699.0,Fully Paid
2019-11-01,29615,11.4, 36 months,C,RENT,debt_consolidation,80220.0,10.15,748.0,Fully Paid
2019-11-01,1922,5.0, 36 months,A,MORTGAGE,debt_consolidation,77191.0,12.2,807.0,Fully Paid
2019-11-01,23148,15.7, 36 months,D,MORTGAGE,small_business,86989.0,26.67,609.0,Fully Paid
2019-11-01,24372,13.57, 36 months,D,MORTGAGE,credit_card,91027.0,15.01,704.0,Fully Paid
2019-11-01,21773,16.0, 60 months,E,RENT,debt_consolidation,60826.0,14.54,701.0,Charged Off
2019-11-01,9188,15.24, 36 months,E,MORTGAGE,debt_consolidation,,6.36,831.0,Fully Paid
2019-11-01,23977,8.01, 36 months,B,RENT,small_business,88158.0,10.76,630.0,Fully Paid
2019-11-01,30462,5.0, 36 months,A,RENT,debt_consolidation,51616.0,16.34,819.0,Fully Paid
2019-11-01,24302,13.01, 36 months,C,MORTGAGE,debt_consolidation,69051.0,9.51,719.0,Fully Paid
2019-11-01,25345,6.59, 36 months,B,MORTGAGE,debt_consolidation,90388.0,14.53,698.0,Charged Off
2019-11-01,10432,14.61, 36 months,C,RENT,debt_consolidation,103705.0,20.1,612.0,Fully Paid
2019-11-01,32762,5.0, 36 months,A,OWN,other,72061.0,6.54,764.0,Charged Off
2019-11-01,23515,5.0, 36 months,A,MORTGAGE,small_business,79820.0,8.8,626.0,Fully Paid
2019-11-01,13827,5.0, 36 months,A,MORTGAGE,debt_consolidation,78089.0,19.42,650.0,Fully Paid
2019-11-01,9004,5.0, 36 months,A,RENT,debt_consolidation,84857.0,8.27,742.0,Fully Paid
2019-11-01,10258,19.11, 60 months,E,OWN,debt_consolidation,77722.0,10.39,651.0,Fully Paid
2019-11-01,29177,6.77, 36 months,B,OWN,debt_consolidation,65234.0,0.0,709.0,Fully Paid
2019-11-01,2999,15.94, 36 months,D,MORTGAGE,debt_consolidation,30220.0,14.95,624.0,Charged Off
2019-11-01,32790,12.09, 36 months,C,MORTGAGE,debt_consolidation,110847.0,10.84,714.0,Fully Paid
2019-11-01,6397,5.0, 60 months,A,RENT,small_business,69900.0,13.6,643.0,Fully Paid
2019-11-01,26021,13.09, 60 months,C,RENT,credit_card,68734.0,21.89,671.0,Fully Paid
2019-11-01,6012,18.3, 60 months,E,OWN,debt_consolidation,87593.0,13.58,601.0,Charged Off
2019-11-01,28217,11.15, 36 months,C,RENT,debt_consolidation,85113.0,10.87,747.0,Fully Paid
2019-11-01,6959,16.88, 36 months,E,MORTGAGE,debt_consolidation,76247.0,26.53,761.0,Fully Paid
2019-11-01,18608,18.82, 36 months,E,MORTGAGE,debt_consolidation,88145.0,20.34,681.0,Charged Off
2019-11-01,6012,13.87, 36 months,D,OWN,other,117759.0,6.28,745.0,Fully Paid
2019-11-01,5050,7.25, 60 months,B,OWN,home_improvement,93162.0,10.33,748.0,Fully Paid
2019-11-01,9757,18.54, 60 months,F,MORTGAGE,debt_consolidation,79377.0,0.0,824.0,Fully Paid
2019-12-01,34459,6.62, 36 months,B,RENT,credit_card,71824.0,10.05,821.0,Fully Paid
2019-12-01,27064,12.72, 60 months,C,OWN,credit_card,58381.0,22.02,749.0,Fully Paid
2019-12-01,4380,15.1, 36 months,D,MORTGAGE,home_improvement,32244.0,10.41,724.0,Fully Paid
2019-12-01,11981,12.63, 36 months,C,OWN,credit_card,90000.0,8.01,810.0,Fully Paid
2019-12-01,28341,6.87, 60 months,B,OWN,debt_consolidation,94912.0,31.3,741.0,Fully Paid
2019-12-01,21422,5.0, 36 months,A,RENT,other,65800.0,34.26,619.0,Charged Off
2019-12-01,27352,5.0, 36 months,A,OWN,credit_card,67610.0,10.83,700.0,Fully Paid
2019-12-01,3808,12.69, 36 months,D,RENT,debt_consolidation,69339.0,5.32,777.0,Fully Paid
2019-12-01,31610,11.05, 36 months,C,MORTGAGE,credit_card,54899.0,19.63,827.0,Fully Paid
2019-12-01,30174,14.18, 36 months,D,RENT,credit_card,90022.0,13.55,689.0,Fully Paid
2019-12-01,31092,5.94, 36 months,B,OWN,other,52162.0,8.69,707.0,Charged Off
2019-12-01,26068,11.7, 36 months,D,MORTGAGE,home_improvement,63396.0,24.55,839.0,Fully Paid
2019-12-01,28132,5.0, 60 months,A,MORTGAGE,debt_consolidation,58080.0,27.4,787.0,Fully Paid
2019-12-01,10397,21.15, 36 months,F,RENT,home_improvement,78110.0,5.54,732.0,Fully Paid
2019-12-01,6499,10.36, 60 months,C,MORTGAGE,debt_consolidation,67423.0,25.91,846.0,Fully Paid
2019-12-01,23041,5.0, 60 months,A,RENT,credit_card,36619.0,20.2,828.0,Fully Paid
2019-12-01,23403,5.0, 36 months,A,MORTGAGE,other,78044.0,12.38,612.0,Fully Paid
2019-12-01,8590,19.01, 36 months,F,RENT,debt_consolidation,88948.0,31.66,760.0,Fully Paid
2019-12-01,34670,7.98, 36 months,B,MORTGAGE,credit_card,84833.0,,669.0,Fully Paid
2019-12-01,3852,11.39, 36 months,C,RENT,debt_consolidation,81088.0,8.85,787.0,Fully Paid
2019-12-01,21583,6.45, 36 months,B,OWN,debt_consolidation,61230.0,24.54,733.0,Fully Paid
2019-12-01,10618,5.0, 36 months,A,OWN,other,33449.0,8.46,674.0,Fully Paid
2019-12-01,30128,14.33, 36 months,D,RENT,debt_consolidation,92717.0,12.01,781.0,Fully Paid
2019-12-01,25940,5.0, 36 months,A,MORTGAGE,home_improvement,72147.0,3.85,600.0,Fully Paid
2019-12-01,26298,5.0, 36 months,A,MORTGAGE,debt_consolidation,57045.0,22.15,796.0,Fully Paid
2019-12-01,31386,5.0, 36 months,A,OWN,debt_consolidation,74506.0,5.21,632.0,Fully Paid
2019-12-01,21125,18.87, 36 months,F,RENT,debt_consolidation,82618.0,25.74,737.0,Charged Off
2019-12-01,32140,8.39, 60 months,B,RENT,debt_consolidation,97011.0,29.38,663.0,Fully Paid
2019-12-01,20214,18.09, 36 months,F,MORTGAGE,small_business,50580.0,13.35,806.0,Fully Paid
2019-12-01,11284,13.83, 36 months,C,RENT,other,97220.0,15.61,618.0,Fully Paid
2019-12-01,6584,8.77, 36 months,B,OWN,debt_consolidation,,24.88,646.0,Charged Off
2019-12-01,32921,11.61, 60 months,C,RENT,credit_card,,16.74,703.0,Fully Paid
2019-12-01,23096,7.12, 36 months,B,MORTGAGE,small_business,89835.0,20.29,715.0,Fully Paid
2019-12-01,8794,13.34, 36 months,D,RENT,home_improvement,104610.0,7.66,833.0,Fully Paid
2019-12-01,27314,11.83, 36 months,C,MORTGAGE,debt_consolidation,115497.0,12.68,692.0,Fully Paid
2019-12-01,6838,13.59, 36 months,D,MORTGAGE,debt_consolidation,61018.0,13.7,678.0,Fully Paid
2019-12-01,19266,5.0, 36 months,A,RENT,debt_consolidation,61484.0,19.7,652.0,Fully Paid
2019-12-01,19891,15.92, 36 months,E,OWN,debt_consolidation,62781.0,14.73,781.0,Fully Paid
2019-12-01,15141,5.0, 36 months,A,MORTGAGE,credit_card,111168.0,18.44,838.0,Fully Paid
2019-12-01,19387,5.86, 36 months,B,RENT,small_business,98328.0,21.85,830.0,Fully Paid
2019-12-01,30167,14.52, 60 months,D,MORTGAGE,small_business,80226.0,16.88,689.0,Fully Paid
